R,I,A,S,E,C,career
3.2483570765056164,4.930867849414407,1.3238442690503462,1.7615149282040128,1.882923312638332,3.8829315215254097,Backend Developer
3.7896064077536957,5.0,1.0,1.2712800217929823,1.7682911535937689,3.7671351232148718,Backend Developer
3.1209811357830173,4.043359877671101,1.0,1.0,1.4935844398327882,4.157123666297637,Backend Developer
2.5459879622393946,4.293848149332354,1.732824384460777,1.0,2.033764102343962,3.287625906893272,Backend Developer
2.7278086377374087,5.0,1.0,1.187849009172836,1.6996806550405976,3.8541531251033616,Backend Developer
2.6991466938853015,5.0,1.0,1.0,2.4112724560515946,3.389578175014489,Backend Developer
3.104431797502378,4.0201649380601125,1.0,1.0984306179345618,2.3692332899977053,4.085684140594985,Backend Developer
2.94217585880588,4.849448152205356,1.0,1.0,1.7696806145201063,4.528561113109458,Backend Developer
3.1718091447842305,4.118479922318633,1.1620419846973975,1.0,1.6615389998470207,4.305838144420434,Backend Developer
3.5154997612479755,5.0,1.0,1.0,2.165631715701782,4.48777256356118,Backend Developer
2.760412881077355,4.907170511668092,1.0,1.0,2.406262911197099,4.678120014285412,Backend Developer
2.963994939209833,5.0,1.180818012523817,1.0,2.180697802754207,4.769018283232985,Backend Developer
2.982086980445024,5.0,1.0,1.410951252187612,2.043523534119086,3.8504963247670663,Backend Developer
3.045880388267751,4.006215542699554,1.0,1.1785562857558731,2.738947022370758,3.7408648908631763,Backend Developer
2.5957531985534064,4.749121478207732,1.457701058851037,1.1643755548298422,1.7351198981164806,4.256633716556678,Backend Developer
3.0485387746740202,5.0,1.0,1.0,1.8039459234339212,3.2682425259339407,Backend Developer
3.148060138532288,5.0,1.0025567283212304,1.0,1.2923146289747929,3.7896773386173206,Backend Developer
2.828642741736615,4.59886136538919,1.0,1.2020254284072691,2.943092950605265,4.087288906415919,Backend Developer
3.1287751953613823,4.962777042116916,1.0,1.0,2.030115104970513,5.0,Backend Developer
2.903819517609439,5.0,1.0,1.0,2.5714114072575103,4.375966516343387,Backend Developer
3.3955159735215235,4.54530627260263,1.7013971554680496,1.0,2.293428546900135,5.0,Backend Developer
2.504731837434656,4.716851135198614,1.0498256825438206,1.0,1.2246682844669337,4.034281487403014,Backend Developer
2.4688481431369476,5.0,1.0,1.7749672025087697,1.6083733538318814,3.8389692418971624,Backend Developer
3.406758608684835,4.3845678417830225,1.1137299673020646,1.6535713771412142,1.1962583827193862,4.092316929266152,Backend Developer
3.129941397124212,5.0,1.0,1.0,2.2609707828084487,4.148492336616593,Backend Developer
3.1252464251729384,5.0,1.0,1.1161268485805018,2.146536236649341,3.642824290986816,Backend Developer
3.9328872555723784,5.0,1.0,1.3282768043169149,1.5126591648863392,4.393542301871226,Backend Developer
3.579297789503702,4.5896588408241445,1.4816880646221608,1.2063904634682492,2.411030079997245,4.948396491326974,Backend Developer
2.8773059419985647,4.623131917821255,1.0,1.0,1.961449145292948,4.170575987408322,Backend Developer
3.1383453996650097,5.0,1.0065009459389536,1.7267670385786584,1.867671583381022,5.0,Backend Developer
3.312833673882503,4.571421221791859,1.0,1.2412362076215926,1.8882686073370745,4.357000247046046,Backend Developer
3.2366188122867725,4.963585543671564,1.0,1.0,1.7767425239664894,4.428199397161736,Backend Developer
3.107046872065102,4.377130610644006,1.086590462925591,1.1926586898644185,1.5580712818994336,4.076862552972764,Backend Developer
3.029104359223,4.428514851084689,1.1788936801741416,1.2803922631841171,2.5415256215876383,4.526901026017452,Backend Developer
2.3111653160214543,4.531087480042439,1.2575176336043299,1.2568929754561045,2.257523843153024,5.0,Backend Developer
3.2854452553465836,5.0,1.4770008817466012,1.325695625652899,1.8423653776798272,4.379484610246633,Backend Developer
2.613587392731214,4.881590696629996,1.0,1.0409370696931612,3.1573292833367543,3.0663674037041257,Backend Developer
3.3431300951872567,4.193642064405174,1.0,1.544475298483683,2.0321400095477316,3.461127611035347,Backend Developer
2.6423481453700157,5.0,1.0,1.1082292947909875,2.022785919951907,3.6741998261970914,Backend Developer
4.071972044662663,5.0,1.0,1.0932271573847139,1.669106767615806,4.426216667398112,Backend Developer
2.60373963078365,4.94263177926655,1.2524936394902286,1.4328775970850607,1.3998517964721118,3.832749382079526,Backend Developer
2.7625273444195217,4.673335383713144,1.8827271201405484,1.2024908554804778,1.3695580228324773,4.458930973527388,Backend Developer
4.061078098506316,5.0,1.0,1.0,2.6334555745933113,3.6461652671906095,Backend Developer
3.221909714073114,5.0,1.0,1.0,1.0,3.487806179332855,Backend Developer
2.87371592430342,4.376108409017576,1.8162056519658176,1.0,1.779977756651508,4.065370288643046,Backend Developer
3.720636644533058,4.2820689244102805,1.5815818760774798,1.0051165305097935,1.5092456744760245,4.231051737131636,Backend Developer
3.099529847786735,4.6998915614206025,1.0349010424950094,1.0,2.056758672625624,4.331065337260523,Backend Developer
3.793008408072676,4.381092250586575,2.066516687328133,1.0,1.9241074524822084,4.2941586032422885,Backend Developer
3.1404959338675162,4.688650240089703,1.0,1.0,1.7053176215278942,4.4248010485105125,Backend Developer
3.1785077429825237,4.653545202369673,1.4497999377166253,1.1536497604383047,2.40643105941948,4.314814420961806,Backend Developer
2.585502494538964,4.719909479901515,1.3736468025616309,1.3051851327167325,1.989549203017926,4.058663691654391,Backend Developer
3.6388324478942122,4.704214305582085,1.2735486905850188,1.0,1.89115939838639,4.549388425993595,Backend Developer
3.412708174494015,5.0,1.6527394035771645,1.0105019208163795,2.3409764856474817,3.844866621703272,Backend Developer
3.162083176244221,4.934928472816158,1.0484979824963592,1.2975785127184567,1.5908896583832637,5.0,Backend Developer
2.496991309250149,4.392905693606134,1.5790554367500338,1.3958313469814678,2.3120599085260776,4.31417275463214,Backend Developer
2.9938766135765427,4.551372814257085,1.0379022790968633,1.0,2.4875598667088754,3.9264713092489307,Backend Developer
2.5872514016037442,4.839307079173503,1.206465727137812,1.0,1.5888898022167843,4.121843605745956,Backend Developer
3.1224832855543614,4.746528412314435,1.0,1.1160249686788182,1.2759578292513378,3.296268112811722,Backend Developer
2.640777889373782,4.8932764241440765,1.1554537827990023,1.737678108474776,2.42882981160101,3.9200307350182864,Backend Developer
2.9904918960486557,4.498735317681096,1.0,1.0,2.161359280169045,3.5863845282238387,Backend Developer
3.259673257120586,5.0,1.0,1.2008558610494706,2.345071995855556,3.7993897640570817,Backend Developer
3.1120462409052085,5.0,1.0488380492744158,1.0,2.0122550871294713,4.248999145622725,Backend Developer
3.725571803897521,5.0,2.0765912287557784,1.0,2.436160318360339,4.091671002869176,Backend Developer
4.094901466608836,4.595850857322424,1.0,1.0,1.0,3.7371224891596193,Backend Developer
2.620433669223151,5.0,1.1708779878885798,1.9380854196079431,2.475211919093025,3.7115481721687984,Backend Developer
2.550792664325821,5.0,1.0,1.9157293829271769,2.5897200603606434,3.765412173947648,Backend Developer
2.143432735454561,5.0,1.0,1.6189081559867309,1.2027861706028165,3.700312488523114,Backend Developer
3.0026218498590915,5.0,1.0,1.3114249661737494,1.466189785308703,3.9288102574893533,Backend Developer
3.0601478158559496,5.0,1.3558074390444448,1.0,1.2329429146321889,4.638838410949255,Backend Developer
3.166157005989796,4.625756731721723,1.7755759877612616,1.0578373171464293,2.589648592031913,4.033759240705055,Backend Developer
4.0303739624409936,5.0,1.0,1.4857854754771778,2.322687974792574,4.684315778766174,Backend Developer
2.5175382697099478,5.0,1.529212243424794,1.0,1.4083707436671125,2.98038391111995,Backend Developer
2.865296582777721,5.0,1.751178526048014,1.0370473902098876,2.814307772785646,3.309949270892554,Backend Developer
2.148308780322423,4.97222615055169,1.1920327244696536,1.0,1.0,3.955439980243606,Backend Developer
2.3477652497475736,5.0,1.1832991230484242,1.0,1.7430665413316533,3.4703932390555243,Backend Developer
2.968660451363414,5.0,1.0,1.252023257758922,1.7348711908137795,3.603563583868828,Backend Developer
2.946484820022721,4.4823788387903125,1.0,1.0,2.9823625664581948,4.017631775985865,Backend Developer
2.650137246003707,5.0,1.0,1.0,2.3070833500217125,4.378753855023652,Backend Developer
2.7347494261947363,4.71209087967766,1.0,1.0,1.2424044689007239,4.683437133722262,Backend Developer
3.822483856750642,4.875481980221811,1.2882784815278832,1.155625077271768,3.539440404227619,4.559787455717288,Backend Developer
2.9360412042596167,4.522229779699787,1.0,1.1017318179336115,1.6218246273578483,3.288873145201163,Backend Developer
2.676713557878737,4.459225998192802,1.8435708175362824,1.4408198784747253,1.9960136793416914,4.739972069445013,Backend Developer
3.038684153823809,4.569357899335868,1.7615620386348287,1.2694550218423293,1.481376922836772,3.9048306609581958,Backend Developer
2.5621908733076215,4.308600134517832,1.4630887737658207,1.9547083202350652,1.3007162130904293,4.281484618345285,Backend Developer
2.6746787154390868,4.756437308117652,1.0,1.0,2.0242608139724134,3.584524941794481,Backend Developer
3.1352284128899193,4.974880945275432,1.0,1.0,1.7116143347158337,4.377695612912878,Backend Developer
3.2504585938121906,4.511222377600724,1.049666152714613,1.3756935616858945,1.1652973594393141,4.271680096189968,Backend Developer
2.6686881205270767,5.0,1.0,1.0,1.1862287810584187,4.024042473330691,Backend Developer
3.129861250860741,4.547841687447796,1.319296229388687,1.0,1.9669601006763417,3.394491900118772,Backend Developer
2.6740819460989202,5.0,1.0,1.0,2.5031464046072203,3.711554065238426,Backend Developer
3.417846056032571,4.435146572671191,1.2649020889576414,1.7207843103289502,1.0,3.6015523722647615,Backend Developer
3.28853606359027,4.898477306978504,1.1855729366856544,1.0,2.04329489373645,3.92216138230396,Backend Developer
3.5838910308299035,5.0,1.168801331037601,1.0,1.7561968879637533,3.7837209060901897,Backend Developer
3.1972260711891485,4.789507759589869,1.1448874284482065,2.0377003993227194,2.4355623517158462,3.8369882339160792,Backend Developer
3.600606961081972,4.795962313489224,1.0,1.0,1.0646040394870722,3.8242432579793455,Backend Developer
3.0092091895947757,5.0,1.1634636868820813,1.0,2.4147027905917446,2.8944323454960577,Backend Developer
3.117807279054283,5.0,1.0,1.5718770216034645,2.169248203747207,3.7923560430495993,Backend Developer
3.3163909330531425,5.0,1.0909331275292475,1.124110293150168,1.7703195502298779,3.575077815267604,Backend Developer
3.4151679082721227,4.571958087045567,1.0357831186096962,1.0,2.239489912873196,4.166831052643474,Backend Developer
3.5187699721289496,4.744991800572627,1.0,1.0,1.777853369961944,4.1886502465224265,Backend Developer
3.3784943083226757,4.538917337911188,1.43480296005283,1.6778189294024755,2.2067174516118504,4.938397906279033,Backend Developer
2.6131054004482133,4.377672648344292,1.0,1.7480221557445916,2.327182828177029,3.9722076645447726,Backend Developer
3.13998431315991,4.437255476350812,2.222875989808413,1.0646105909876138,2.0546973973024465,4.362883311949346,Backend Developer
3.240504615868357,5.0,1.0,1.2357341785679978,2.941012248237517,4.672710023077489,Backend Developer
3.7965933133196987,4.744392161784408,1.0,1.0,2.0278624561443475,4.547095759235474,Backend Developer
2.1537676851425904,5.0,1.0,1.0,1.4939478123699161,3.1725716640671155,Backend Developer
3.4115852919809573,5.0,1.0,1.0,1.8321076503549358,4.834510762644697,Backend Developer
2.8702043243181974,4.248428523440947,1.0,1.0,1.0,3.972852566741094,Backend Developer
2.884532734895661,5.0,1.9244780474726726,1.5632825147738787,1.8655556547225847,3.446737045629165,Backend Developer
4.286679901624931,5.0,1.0069646459564732,1.0,2.0990423803839273,3.9278197940380286,Backend Developer
2.7131689965598818,4.726570529379804,1.0,1.0,1.6435771086614177,4.0532151138459485,Backend Developer
2.8725113912895726,5.0,1.0,1.5457534259612309,2.6230425962488146,2.9633048837959253,Backend Developer
2.8286562029598254,4.814279567002104,1.0,1.0,1.4447120772670856,4.876135221711811,Backend Developer
3.4678391965737307,5.0,1.3608360320216175,1.0,1.7377398668601132,4.244687280613959,Backend Developer
2.388936095554027,5.0,1.0,1.0,2.3554799841017457,4.22213165574302,Backend Developer
2.81951691709046,5.0,1.0,1.3079678034721318,2.2965506289841917,3.8452267803430047,Backend Developer
3.163066511121059,4.374443211807349,1.4620135096034506,1.0,1.7386384897404803,4.524504612918444,Backend Developer
2.64782815472862,4.29576935181822,1.0,1.30300497567282,1.3597853237518585,4.877397090992182,Backend Developer
1.959035296058139,5.0,1.1055087336013092,1.0,1.7275404565955252,4.199568057176036,Backend Developer
2.9811826487875757,5.0,1.0571138243310199,1.075150880730939,1.818193893893072,3.9715271881394663,Backend Developer
3.1539008844460295,4.1449158036716875,1.0,1.3716320470113574,2.085432719063971,3.9080083318236603,Backend Developer
3.0092169665326964,5.0,1.0,1.0,2.097922627548841,3.510813611192484,Backend Developer
3.2041263778572358,4.14870819788108,1.5145778186628218,1.2362987412065216,2.1280148671569377,4.491345491972757,Backend Developer
3.8327372222312883,5.0,1.0,1.0,1.6875907111521606,4.013045525105417,Backend Developer
3.2588295102345617,4.637128093423267,1.0933833822385393,1.0,1.694241098504026,3.2966694515758888,Backend Developer
2.538383376944548,4.324157697191833,1.0,1.5268208983039198,1.5253005555840284,5.0,Backend Developer
3.2466589504404446,5.0,1.0,1.3501549397044956,1.7121810868811131,4.061004907322681,Backend Developer
4.280042269134397,4.951970050137675,1.574636663142838,1.0,1.9825057547515192,4.885400317817755,Backend Developer
2.6865164711061165,5.0,1.3538759677277377,1.0,2.3162038695277607,4.486277224813365,Backend Developer
3.310904981108598,4.214887640054772,1.0,1.0,1.962783285449977,4.310336048775339,Backend Developer
3.088850500466627,4.33232782064495,1.1900989255029817,1.3052928726419115,2.2798952239655197,4.540390362777311,Backend Developer
3.416961077274452,5.0,1.0,1.0,2.2148091095662927,4.103843843581555,Backend Developer
3.1357894185976867,4.361625712089845,1.0,1.5265764266664519,1.9802224230716725,4.340750348686313,Backend Developer
3.0141591880652308,5.0,1.4691419029879988,1.0,2.0480603884704918,3.768862355647479,Backend Developer
2.782751886283842,4.84541393826568,1.1110668858168564,1.0,2.6278780627867606,3.552696348890248,Backend Developer
2.9065641779193205,4.7801344708629125,1.7234889421768664,1.0982773882557872,2.5159222697343173,3.2572198134815142,Backend Developer
3.133525132934629,5.0,1.041141994637712,1.5327401875326756,1.7413557749498139,4.70467372009279,Backend Developer
4.149449061809625,4.81858071978017,1.0,1.7266922385588503,2.7897860728653563,3.7385699864233657,Backend Developer
2.7899065914520715,4.8591076955697465,1.0,1.0,1.4979296166239662,3.6161012174479357,Backend Developer
2.9826575563066093,5.0,1.7752502464070385,1.0,2.492161199238292,3.8930055778872457,Backend Developer
2.9752681451737835,5.0,1.0,1.1912048730920253,2.083226104106528,4.246225632004075,Backend Developer
3.144584321953909,5.0,1.0,1.0,1.6884297367876178,3.7222614404198726,Backend Developer
2.681306436346741,5.0,1.7102521239949273,1.0,1.5838222134478857,4.235707778193202,Backend Developer
2.7238884778595143,5.0,1.1014615104256498,1.0,2.7737526006650306,4.897938836547761,Backend Developer
2.693605654757807,4.806149220032008,1.1429326953624526,1.1672283949935125,2.329272136336415,5.0,Backend Developer
2.911526386252975,4.600851377730773,1.0,1.0,1.9834365135631014,4.897278931758894,Backend Developer
2.7411943504819143,5.0,1.0,1.594196636724042,3.2634662129368106,3.7345656135398397,Backend Developer
2.755280278740889,5.0,1.3409457448131556,1.9233536628680168,2.291964092662982,3.82035395460647,Backend Developer
3.2953274153461547,5.0,1.410241090598682,1.253637015553649,2.533337344794577,4.584647795222836,Backend Developer
3.6910794955187636,5.0,1.0,1.0733568432166614,2.6032544832541786,3.591532164506382,Backend Developer
3.1843366544364504,4.8033305938363196,1.0143724114674086,1.6392259313036495,2.0955495340099515,4.023218274078074,Backend Developer
2.3200719295100405,5.0,1.3227420905705376,2.08162736165273,1.8461108825234995,4.10957516383197,Backend Developer
3.1246918418553777,5.0,1.0,1.1395107628851697,2.3039482548582697,4.093304561578179,Backend Developer
2.7767831927247357,5.0,1.5368158749298861,1.0,2.066484837073438,3.6499395925304134,Backend Developer
3.5975233144624212,4.238406547608113,1.0,1.1886059375322604,2.78276201461717,3.967124869463506,Backend Developer
2.722400236653401,5.0,1.0,1.0,2.220007225026666,3.7489728878236943,Backend Developer
2.4893835914346436,5.0,1.1219003568855994,1.0,1.3598478006645527,4.4362286641400726,Backend Developer
3.3251005889793306,4.9504120681103085,1.923318498023833,1.0,1.2372374145376306,3.6540459650593777,Backend Developer
2.9772069918222512,5.0,1.0,1.1760276982571485,1.374230287904778,4.721882302036629,Backend Developer
2.9589244108037156,5.0,1.171362673188852,1.228376609576892,2.284883640116102,4.223854280008657,Backend Developer
3.321361379933772,5.0,1.098260584850735,1.3545018787942562,1.9551321528563865,4.720058607724736,Backend Developer
2.661803848970365,5.0,1.0,1.0,2.0640522074553944,3.6594741712625596,Backend Developer
3.420321774494362,4.673688010348805,1.0,1.0,1.7738468403754617,2.788060336685522,Backend Developer
2.2080485882571383,5.0,1.392900079325416,1.2127287808924825,1.5165119284353934,3.9761443219290102,Backend Developer
2.9981987304547157,4.420817655403729,1.7516991508835753,1.4386811452878356,1.889517913085168,4.013442919497265,Backend Developer
3.1041914039737764,3.9791325657878547,1.0,1.0,1.4991899950525422,3.8594498535570225,Backend Developer
3.8988432634247614,5.0,1.0,1.2862913906780793,2.699677718293001,4.462316841456384,Backend Developer
3.029815184960087,4.6765316111472135,1.349111656806795,1.1967426927108749,2.447596610013866,4.317585900840985,Backend Developer
3.5247763576596673,4.732382394219716,1.6586970328171629,1.0987998023461998,3.0376304363126327,3.655406090955216,Backend Developer
3.867981901582625,5.0,1.0,1.0,1.8398263459028399,4.212082973200959,Backend Developer
3.26141774401775,4.71314999803071,1.0,2.071135179305932,2.8637715850503556,4.218161834837016,Backend Developer
3.0190017390841,5.0,1.3067589863652083,1.0,1.8713117312883274,3.1657079630612053,Backend Developer
3.1996115613026395,5.0,1.0,1.7869933816450163,1.3871171684988295,3.26781255989509,Backend Developer
3.112225909279986,5.0,1.8419638457289342,1.0,2.539340416715648,3.9807457652496465,Backend Developer
2.91368635002959,5.0,1.3261614392067098,1.0,2.738270174862948,4.6900456770737255,Backend Developer
2.6872186492452355,5.0,1.2470150931413695,1.1303368829119536,1.7248474230772899,3.664188316030974,Backend Developer
2.9872229645042774,5.0,1.2718000772972162,1.0,2.385849355324172,2.5757286896849623,Backend Developer
3.5743828501860517,4.13014311061095,1.0,1.0,1.352659262139547,4.58041339368926,Backend Developer
2.7661493993440542,5.0,1.0,1.2385204136115608,2.038410945530128,3.358503887905715,Backend Developer
3.49813340972357,4.753121708419344,1.0,1.0,2.750379895317155,4.425110871056747,Backend Developer
2.8256739327960703,4.8253711478407855,1.0,2.0383739917804204,2.1909677261157765,4.215020823595535,Backend Developer
3.515141727015921,5.0,1.0,1.0,1.964199370292968,3.981388881745079,Backend Developer
3.36381477181849,5.0,1.3663200386077896,1.0,2.039317595158045,3.000899657733946,Backend Developer
3.4581638373512407,5.0,1.4990050549298262,1.0,3.044187352390364,3.930205185922413,Backend Developer
3.554091408368758,4.4800470364372345,1.3063869525312848,1.0,1.6881155196520974,4.957015676933393,Backend Developer
2.9046587996183266,5.0,1.435033865344377,1.2478409439863023,2.075209452571788,4.182480501233113,Backend Developer
4.201707792619137,4.971190601483207,1.1005495233574838,1.5253271980038061,2.552762966478992,4.59351515278019,Backend Developer
3.3193651110145925,4.428497543634759,1.816715766150548,1.0,2.1513177326195168,3.622862074990321,Backend Developer
2.967930826703504,5.0,1.1606786077251365,1.2109603771176425,2.8068556345293234,4.22676715075699,Backend Developer
2.8779216823546756,5.0,1.5947352444623202,1.0,2.298700034924929,4.350586371155449,Backend Developer
2.851218248320004,5.0,1.0,1.0627882267357711,1.913464087858065,4.007789523790734,Backend Developer
2.451862456552399,4.279974558702853,1.797252531612486,1.0,1.5043038252718464,2.9233049431981426,Backend Developer
2.680519126155249,4.338455103296251,1.8210075800681844,1.504908544671317,1.655924827411138,5.0,Backend Developer
3.490882743495797,4.837584308245689,1.0,2.145471286295371,1.305213766618202,3.177300626521554,Backend Developer
3.5112852160048202,5.0,1.692136409255259,1.28195456002618,2.297377170832643,4.426707779390154,Backend Developer
3.3794642948933826,5.0,1.052100551975938,1.0,1.623017705566662,3.859662461566613,Backend Developer
2.1535215929023073,4.950830186602625,1.0,1.0,2.089947075576739,4.6960011431723,Backend Developer
3.4591583030011566,4.214749698188411,1.0,1.470385593994108,1.5087563032308453,3.887683425001488,Backend Developer
3.275026049512276,4.515827772568183,1.05268775307298,1.0,1.699316178024393,4.159890967071268,Backend Developer
2.2035031332341655,5.0,1.0,1.2762449772085738,2.1119570670323307,4.682070214986922,Backend Developer
2.0626122513239538,2.7852972294373735,5.0,3.271649014518194,2.0244300351628524,2.0202958456019413,Frontend Developer
1.6490041560966224,2.668549541224526,4.298697364100153,3.8747883715934694,1.3780683823043574,1.6535474011020463,Frontend Developer
1.6407963672154013,3.4474621884722207,4.852525160853986,3.623871036336867,1.6632546878780659,2.139497081111901,Frontend Developer
1.5823264733701214,4.072574563886694,4.406200790485244,3.154910355113514,2.316888440466049,2.2068995487257492,Frontend Developer
1.907356170561146,2.935089650133287,5.0,2.9264989991857555,2.481939558397455,3.1052615007956756,Frontend Developer
1.7212541074960832,2.3150985102104613,4.9558589758243725,4.289854668827159,1.5981627160151346,2.8195584027220337,Frontend Developer
2.8388504070382203,2.7232058791460028,5.0,3.814198311564269,1.8104361295062565,1.898209819948819,Frontend Developer
1.709159543025678,2.492621634653567,4.675361227466997,2.3880298666188717,2.017041734129613,1.615013384470679,Frontend Developer
2.116892955895374,2.2220521768981865,5.0,3.416764480804462,1.0031321787142722,2.187028284923786,Frontend Developer
2.613834496236646,2.3951794906543973,5.0,3.2095095046830227,1.6474940721207956,1.9721154611711469,Frontend Developer
2.279163456260861,3.0380026957062056,5.0,2.539663203460317,2.084680412018039,1.29314275154751,Frontend Developer
1.94438696932565,2.548046179267605,4.632235028705117,3.618046587605219,2.5456550602971344,2.3045690604535887,Frontend Developer
1.4538436176637104,2.841795775152599,5.0,3.0708584568199524,3.1596647699908473,2.1966589196971857,Frontend Developer
2.096024558245016,2.845441767898749,5.0,2.9237650818097283,2.3540543383442953,2.478351158397292,Frontend Developer
1.6070052697460253,2.3343835232211108,4.081897313448351,3.253995663456272,1.4483166969130632,1.0,Frontend Developer
2.194289302265482,4.2464997587163955,4.996964544230053,3.419245387225821,2.0409146792737825,1.9505551734044286,Frontend Developer
2.4595382414938842,2.854862727905674,5.0,3.1608489030980067,1.6659547731784756,2.4960211747682615,Frontend Developer
1.9125201216522956,2.6221274202535776,5.0,2.5507660091044815,2.014090578684564,1.9954405016778982,Frontend Developer
2.542947782915789,3.2373491164399764,4.987486520627428,3.4088831496001437,2.695103774508657,2.278905153175931,Frontend Developer
2.00517630992169,2.34408188382492,4.467443168462314,2.847387647822666,1.6952438989203584,1.906514348507277,Frontend Developer
2.0283249624485538,3.2648463771783653,4.964750610970454,3.243250821913101,2.03223720740506,1.0122667168230643,Frontend Developer
1.5303323030906228,2.9279562221391924,4.395152628579446,3.299964364998102,2.7653754161718487,2.6093809258486584,Frontend Developer
1.893278564534896,3.745363068424976,5.0,2.8314570144409803,1.6932986682295301,1.8487651567559358,Frontend Developer
1.8059115907293857,3.085208111187744,5.0,3.001523010076707,2.218469084873175,2.5953231373931707,Frontend Developer
2.474777067720662,2.2575510157750482,3.7230394325490224,3.467159955619637,1.3165606507922893,1.8876172990536582,Frontend Developer
1.4149434869703201,2.09900978120999,5.0,3.3795775801513233,1.7117447996366404,1.0,Frontend Developer
1.7268777758737586,3.1959020027012732,4.260544215612936,3.0916799598895777,1.9923450754135021,2.289645749800544,Frontend Developer
2.0597901842070767,2.5134655295592223,5.0,2.920735213486515,1.986347730245034,1.533366020463402,Frontend Developer
1.778358874404245,2.5575986429865494,4.913526970038289,3.8558542400711717,1.3140494285343218,1.1932193010616294,Frontend Developer
2.735585163746804,2.8953381614240667,4.665463630670041,3.519952343698038,1.6971922301315678,2.913004856773468,Frontend Developer
2.3389629356696346,2.7560442959271487,5.0,2.6971425384983307,2.3710476860046534,2.149646290203246,Frontend Developer
2.650870644699399,3.7807555983634265,5.0,2.6232910648269083,2.229986071469558,1.6611423151239468,Frontend Developer
3.0066936237633115,3.0682676655413688,4.817339224343946,3.0923401529324543,1.3264368552351518,1.5141929807446743,Frontend Developer
2.600206953972213,2.671552860514302,4.47654450865903,3.268326376263643,2.5928520773314983,2.3594766553325335,Frontend Developer
2.4980238429029082,2.6216024557152697,4.289094666629078,3.7506668259777434,1.8386600805789322,1.8745834917724764,Frontend Developer
2.664097070924529,3.27811500470033,5.0,4.082501172450542,1.6782408848099286,2.4639200640406185,Frontend Developer
2.028506562448542,3.1342961394316284,5.0,3.253917878144812,2.2691480395248167,2.536253668654901,Frontend Developer
1.8175236352285573,2.5803951663304967,4.4775954029894836,2.0168217053119992,3.028103564970161,1.4483958171391584,Frontend Developer
1.889373188207114,2.8615933500555397,5.0,3.4078686062696484,2.4302367441798727,1.7084612807155308,Frontend Developer
1.9164391431067942,3.14128997524415,4.875654436908227,3.8036727880099965,2.2454874758191257,2.3674388930249086,Frontend Developer
2.331440634333706,3.5867369287426625,5.0,2.351584026022077,2.1998439758763206,1.6743215531040856,Frontend Developer
1.7356916591251217,3.2931820093775466,5.0,3.010635788368031,2.154416506299482,2.851107472317619,Frontend Developer
2.1203765897442843,4.300841557090197,5.0,2.119618620422091,2.376670810552266,2.1905791924413887,Frontend Developer
2.644876377041373,3.3365906756349792,4.930772008008113,2.387850881855317,1.8954883713569874,1.57473977289535,Frontend Developer
1.7097382750976386,3.294289202210305,5.0,3.1973357649114904,1.4020584689824078,2.22230133411007,Frontend Developer
2.5983157433228254,2.695108547840309,4.932991416663541,3.0073440973645984,1.6075508434588799,2.3241402169219296,Frontend Developer
1.9395259256961093,3.209766221953514,4.55625391109895,2.781270849838295,2.3611906789138857,1.8135834239541164,Frontend Developer
2.8634819256167026,2.800181907192699,5.0,3.466295415936545,1.2908171335334842,1.119595594009612,Frontend Developer
1.2371718427149525,3.631292051713591,4.724070927053777,4.279099642834126,1.7178762006713058,2.0922756515985186,Frontend Developer
2.7710549762839376,4.003046444079562,5.0,3.6041831152965713,2.5120312629057313,2.2962634746005914,Frontend Developer
2.389180538083319,2.724407141835733,4.590900558288847,2.998312771294524,1.9149076887375358,1.7733859753363623,Frontend Developer
2.3481937237283574,3.4776526042852556,5.0,3.738765040527631,1.4291554429332476,1.903170270360141,Frontend Developer
1.6415888396985976,2.06673169146347,4.95865965707865,2.939126245808358,2.7567248716210653,2.315405842277389,Frontend Developer
1.4879065878353974,3.927046283167094,5.0,3.291048851734308,1.886757950575084,1.5202803816382602,Frontend Developer
1.8138966119644735,3.544374309852093,5.0,3.7716217641360945,1.755575289106863,1.4401912833554944,Frontend Developer
2.0704431234556018,2.115780317218574,5.0,2.926198706850666,1.7669817490658788,1.2026484663666022,Frontend Developer
2.2568000532848584,2.733649580169044,4.415041582144856,1.5638688933591753,1.9862425474746819,2.886125798334872,Frontend Developer
2.830629607273935,2.771451871706864,4.6988939698191095,3.234387128037512,1.5008072804058543,2.150895949909733,Frontend Developer
2.383040139192345,3.6134666119421537,4.9499229617600236,2.898163124911517,1.5610087066217195,1.58655982298007,Frontend Developer
1.8867605540492367,3.183682753408089,5.0,2.5984105246598275,2.7463442844797608,1.8644381994787156,Frontend Developer
1.989316352825782,2.6263941604260883,3.787879869863529,3.4420226981805246,2.368421948546217,1.8593362214408933,Frontend Developer
2.033495358612436,3.25796960885205,4.218727071556729,2.7354736613268527,2.3971323398109137,1.3728552884153753,Frontend Developer
2.1467789660833145,2.3217090976882977,5.0,2.982179258851258,1.1924340920472454,2.5823696772285856,Frontend Developer
1.6327042116009753,2.5948737814928093,5.0,3.5743186747143576,1.4920890905108015,2.0308399249239857,Frontend Developer
2.2144082501652864,3.346552803631572,5.0,2.816486080458339,1.5862048896756402,2.0430719415231873,Frontend Developer
1.4639304940071964,1.5393247582526963,5.0,3.4519674205430975,1.0,1.4951346476450311,Frontend Developer
2.309577130502599,4.028747734855849,5.0,2.6359985293854327,1.90855177944758,2.6874382095740925,Frontend Developer
1.6770179104377323,2.6004039966748733,4.758628238908984,2.5233356958706437,2.061335157997398,2.81233922923478,Frontend Developer
2.1615396365580146,2.8738232489368563,4.8540943655422275,2.2184045956516716,2.4415548885735796,1.9610814014935989,Frontend Developer
1.9097600432046873,4.59655378392243,5.0,2.624104474952408,1.7868212018972283,2.5742228545983776,Frontend Developer
2.0566352052688823,2.2808610108413165,5.0,2.665927957230503,2.9366488881087727,2.5400240328573243,Frontend Developer
1.7763390521706244,3.6405081808675566,5.0,3.4263868375611097,2.2423664086472375,1.5768216725045632,Frontend Developer
1.678225083841269,3.5149804087905805,4.83261233394673,2.798175768379002,1.5224387103253236,2.2117995327967304,Frontend Developer
3.0312624596215727,2.4662335428728634,5.0,3.7061102777077144,1.9601793043771425,2.226185898124867,Frontend Developer
1.4688032359265601,3.214153548603824,4.906427867497726,3.4928649978399315,2.5936930257823754,3.294781821009307,Frontend Developer
2.2898165866067877,3.162898158291083,5.0,2.8234168535946558,2.1692419217308454,1.8522992949304853,Frontend Developer
2.084230488134807,3.65879876780398,4.496728717360179,3.5699392805645225,2.6585575336699327,1.9409657365044606,Frontend Developer
1.0,2.696089006452784,5.0,2.988565968850559,1.5003488838525447,1.7476125393858912,Frontend Developer
2.4203100132522763,3.2733667841006895,4.880533950415153,2.8165877940926562,1.804120925478089,1.5387949077507488,Frontend Developer
2.807687844734721,2.8388397653943303,5.0,3.7606580259612254,2.4991554490739802,1.7841898436409758,Frontend Developer
2.201865045168305,2.987902196804542,4.548149069634936,3.1621796408608014,1.4104801044200987,2.5938396942307818,Frontend Developer
1.7676913513508035,3.1005798279364196,5.0,2.870547513147961,2.2933469007376375,1.7625481716887377,Frontend Developer
2.435648648728622,2.3270101598766257,5.0,3.9694644995291424,1.4998343376972127,1.6611275147375744,Frontend Developer
2.2569539248294577,3.089790890969799,5.0,3.244593565073832,2.317360734280885,2.5548499209781115,Frontend Developer
2.2049093284642565,2.8793711726907287,5.0,3.949940967447608,1.9336831268087131,1.5127353476646792,Frontend Developer
2.553540334643486,2.939809418023201,3.9136652269929817,3.423710838575211,1.7323359070230386,1.9547333588479197,Frontend Developer
2.1659901652845073,3.0952498398895334,5.0,2.7822568147150784,2.2565528990880415,1.8702266612080414,Frontend Developer
2.3694052404437516,3.307683742006527,4.532280648977702,3.542991058087516,1.732018277442976,2.4040288991405725,Frontend Developer
2.1836436567006703,3.919091838397561,4.888267008814074,2.8253416019409014,1.9902901970561337,1.8484101085828624,Frontend Developer
2.399970950971025,2.191844695781706,4.473158790426823,2.4660985392104036,2.4751537959867878,2.8553066862909624,Frontend Developer
1.9477753907312643,2.915589138404995,5.0,3.5809391513040953,1.5363234329047128,2.1191844913673927,Frontend Developer
2.4875988148912147,3.2505470849699227,5.0,3.5005230462835706,1.0,2.338937659765454,Frontend Developer
1.6729621584362881,2.0846835515717714,5.0,3.6868292725814786,1.931275742686154,2.4764372736014693,Frontend Developer
2.8061391289943227,3.657457226792024,5.0,3.3710637455359462,2.037716819450796,1.1990170940514158,Frontend Developer
1.8769687559350257,2.578376702341904,5.0,2.9120570937838317,2.061602403392243,2.275742688020234,Frontend Developer
2.021801223186227,3.8475255202153766,4.688675319132774,3.0973037276186215,1.6287647071509759,1.3399887443896472,Frontend Developer
1.6941154545473573,2.981481601475794,4.78534888774137,2.653789510063072,1.296841268164083,1.9584472136856526,Frontend Developer
1.2476398129844988,3.380027981844801,5.0,2.271224250267535,1.8453954614750683,1.6239217972047084,Frontend Developer
2.15958725520959,3.670225223011572,4.062413765177128,3.0575130395737085,1.9199336022166797,2.3356700382252327,Frontend Developer
2.1065983141188447,2.6240153341305903,4.840473032166691,2.6019870715982556,2.538003569299299,2.010655824335971,Frontend Developer
2.950595342876504,2.9696695930926897,4.645796616544769,2.2431428036935865,1.0984301618720274,1.2079320284972552,Frontend Developer
2.1335633255057416,3.254362511614967,4.209404648983933,3.447519157038058,1.7584694741582803,2.0733965059927746,Frontend Developer
2.806110314127712,3.448419657932766,4.865734676047084,2.5544038872923562,1.0,1.64042334037879,Frontend Developer
1.8944348805861528,2.506410236424408,4.934371516453847,3.038425941479384,1.8875720090959607,1.6749987095882701,Frontend Developer
2.084327335983364,3.2209703247847044,4.454800461278577,3.705466189873135,1.9507059338578692,2.009424811472424,Frontend Developer
2.3541072116282784,3.116608065631751,5.0,3.143562082600912,1.6937813126797812,2.180751762603051,Frontend Developer
1.428136896339669,3.0542798528882615,4.9833850046777695,2.89594157136373,1.9357312442805346,1.0590754772511803,Frontend Developer
1.7256375461295193,3.0464224505705575,5.0,2.486162429537021,2.6328539204323502,1.5669125758927496,Frontend Developer
2.4847286002633684,3.2135971809358423,4.676886345078098,3.887655446304756,1.4031815841217599,2.459577086805001,Frontend Developer
2.500291159021489,2.6646898954616773,5.0,2.8749767427005235,2.1443468146399285,2.1301609193856104,Frontend Developer
1.932845629264726,3.4054041365798913,5.0,2.1257340133809097,2.6521701214390765,1.1687540059821628,Frontend Developer
2.5162731021708287,3.5633525684137917,4.454516784892401,2.7945928560227076,1.4471476657570321,1.8925394848556323,Frontend Developer
1.8459828579071293,3.3898302661346698,5.0,3.697841905394978,1.718915986710849,1.8953890631277361,Frontend Developer
1.158280903889525,2.5970649667519057,5.0,3.807791411774116,1.382825564060039,1.7037678704235528,Frontend Developer
1.9867971215205364,3.1400805794098035,4.595198240039177,3.2120305222320447,1.763080326464542,1.9927738645608604,Frontend Developer
2.2731421240018497,3.003211134905469,4.781807054736715,2.9451950980370847,1.9558185203973324,1.8149944850589361,Frontend Developer
1.8706019686664488,3.7993235852523584,5.0,2.8522598409854196,2.348477202255368,1.833090255121995,Frontend Developer
2.5865623187933204,3.184821096099047,4.946348927997885,3.223858462905139,1.2145619239657504,1.4366162655450974,Frontend Developer
1.4030374968004722,3.0714715473818535,5.0,4.115650073096316,2.3190255507203785,2.2504222374722285,Frontend Developer
1.0994711329236306,2.728663100132989,4.60610812404588,2.689576200874442,1.9159280907076053,1.7639547111514364,Frontend Developer
1.010350094812106,3.3739551280587667,4.463628487130097,3.1196234320555747,3.0370413348749867,1.5403077042067883,Frontend Developer
1.0,2.8569978890599446,5.0,3.9791737271102967,1.3852252027737917,2.248349611618261,Frontend Developer
1.7673447716099733,2.947025822847932,5.0,2.2485148358024234,2.1268698307472866,2.233846585882717,Frontend Developer
2.5428931624696736,3.048991576735448,5.0,2.8041757162891043,2.134563470622554,1.8284038622512948,Frontend Developer
2.3107859449280252,2.815194831978183,5.0,2.985368593157511,2.5630251253860843,1.974303138205757,Frontend Developer
1.1134837658965593,3.630960750356996,4.547133849568691,2.67311683067559,1.702169352978254,2.6872190465854087,Frontend Developer
1.0,4.568874266829997,5.0,3.1116194570645797,1.9725529996918567,2.1427770374288286,Frontend Developer
2.260561214189669,3.3226077929750284,5.0,3.044790340627624,1.901330789846337,1.9243633581732442,Frontend Developer
1.9025458598236595,3.5668850484335324,5.0,1.5298056826678599,2.3279503882648807,2.0973680973593876,Frontend Developer
1.9906456217770514,2.805740773455557,5.0,3.473763231061429,1.6135611660881954,2.2035261435622675,Frontend Developer
1.514171632729357,2.3101909176055346,4.686641387705017,3.4311967361913793,2.4765625226880434,2.2565427100486466,Frontend Developer
2.3625478934239985,3.2580891435574793,4.679259202388524,3.2159612723369704,2.400204762613841,2.377145664906787,Frontend Developer
2.5944566857373212,3.354151923600532,5.0,3.535075119158214,1.9867393703754699,1.559062674386141,Frontend Developer
1.918466518028118,2.6275486775967756,4.662410862512809,2.9277406646422413,1.6037900395000193,1.8460192351804798,Frontend Developer
1.053192666523107,3.106646853686469,5.0,2.5914556844659047,2.3296228342162024,2.468785068813279,Frontend Developer
1.196220067815513,2.6186376107168927,4.615428825106351,2.5300484494455677,2.4147374209658743,1.9030869306135982,Frontend Developer
1.8677425793446947,1.9980688177966233,5.0,2.380370802573264,2.029966315133164,2.1386884689790957,Frontend Developer
2.6803292979193256,2.345589800440444,3.4902439220895873,3.0919247723768475,2.900255590755427,2.6194731764697186,Frontend Developer
2.104829707637313,2.7541819071839764,5.0,2.5132269001477656,2.2381788846781094,2.2527350795833136,Frontend Developer
2.53010495374944,4.379830019455539,5.0,2.7455181871462506,1.9872128439040029,1.1154620475554409,Frontend Developer
1.652643434455471,2.795358780943448,4.737955801032704,3.076177436016861,1.5887900338088996,2.5605153336622357,Frontend Developer
2.0001035324590983,2.995349839430693,4.836052641743541,3.0775953419294897,2.4125491323338175,1.56643489214455,Frontend Developer
1.6709417554623718,2.8481369856116676,4.327064538263393,2.590371070139251,1.7618895632276705,2.4371945903563637,Frontend Developer
2.1312806645009625,3.096794955683772,5.0,2.931314105800302,2.195232424964445,1.9483891235337518,Frontend Developer
2.1326811746998144,2.708620671194209,3.7805914208617857,2.932860418906848,2.7113740680499703,2.463107701120796,Frontend Developer
2.4826987422955855,3.618065360903109,5.0,3.098657853702798,1.691174052282825,1.841963571986475,Frontend Developer
2.307885574885571,3.601942218584408,4.9302768621595,2.774905367574294,2.000263979428299,2.3006033744645573,Frontend Developer
1.278072591933229,1.851909523431381,4.724731575254208,2.3896437870429206,1.7459299011763445,1.9261098405912642,Frontend Developer
1.7733757954884932,3.7262337672353727,5.0,3.1502371798054143,2.311103572021701,1.4305834411096154,Frontend Developer
2.5195558937101343,2.96211785673227,5.0,2.464071383479922,1.223120616991968,2.408944829012514,Frontend Developer
2.188204763048758,2.548974222821245,4.565168459362653,3.562717392207385,1.405294053566336,2.8213364766279816,Frontend Developer
1.5496896326760656,3.3191959628041916,4.835690762125508,3.3015937155411716,1.7279429989429036,1.918603546963853,Frontend Developer
2.0204595876978604,2.498906272109264,5.0,2.743393216764207,1.8857000423299908,1.5028253126957438,Frontend Developer
1.0,2.9044861186999156,5.0,3.3923021439490118,1.9903698101328027,1.868554585395866,Frontend Developer
2.011232946406023,3.273559557587605,4.409593592345578,3.557160847334436,2.357690657720622,2.3590928628539674,Frontend Developer
2.219237869404864,3.009808328846995,5.0,3.295907066870689,1.8229796445294881,1.7131991135515494,Frontend Developer
2.0509281476309935,3.774510075747594,4.380446462173049,2.26623736712378,2.0823804206182586,2.025443850928009,Frontend Developer
2.086670832185204,3.1219765989542503,4.888398872682598,3.744931719301041,1.1995480107617422,1.585751487609877,Frontend Developer
1.9483726199254763,2.1784055944229164,4.912072797783964,3.830735082864009,2.010443244147981,2.115350452859342,Frontend Developer
1.36991761741371,2.6918192959802614,4.812401809838032,2.841142451621883,2.6408218975018842,2.2788455303625623,Frontend Developer
1.444271021531484,3.1232523892160025,5.0,3.570074519260633,2.790270343284187,1.4924529040860657,Frontend Developer
1.5945712443948308,2.371211070542692,4.8829900704465095,3.2331791872231674,2.493667258294551,1.9620244881787385,Frontend Developer
1.840076238372578,3.07587899612437,4.582428549184988,4.044769360847386,1.1961694864409707,2.0923702894478624,Frontend Developer
3.01180310961482,3.003399922279999,4.904980482499253,2.8212772885947865,1.9098041591187962,2.686424237338265,Frontend Developer
1.0,3.7667168506481628,4.288021423774928,2.8666738353827927,1.785377789850669,2.29427663488536,Frontend Developer
1.2009378240581263,3.2310863330409716,5.0,2.3184129977035948,2.094853083805198,1.6690089111016955,Frontend Developer
2.2129436030965177,3.0095738887078762,4.679256545477845,3.243936142435537,2.9021740548933717,1.9045481041363506,Frontend Developer
2.359878971074091,2.353363521064418,4.521781811590996,3.236203138940189,2.7420580142679825,2.17780667439283,Frontend Developer
1.8434709847384227,2.999645702711677,4.374796133015141,3.3022576631776834,2.441166531161705,1.7739548335834598,Frontend Developer
1.7649789261202493,3.132939114826024,4.781640131979702,2.9669336926870886,3.049860894583258,1.8764871496270017,Frontend Developer
1.8208299239893888,2.6762290971824205,5.0,2.9093879133909484,1.675313480839287,2.660652016136506,Frontend Developer
2.7098015022568185,2.6997882171306475,4.066730024319692,3.503756844918461,1.657685087119998,2.3953127995813843,Frontend Developer
1.0149480911440822,3.4462986691496544,4.39441403535961,3.365382059533262,2.0071365339182172,1.5230302903016777,Frontend Developer
1.7964818435366097,3.3431592284783505,5.0,3.292206490236242,2.9882202922577425,1.2178791941444742,Frontend Developer
2.808606287484312,3.0521779687616064,4.550607975838436,2.334843187130505,1.9054398046114833,2.46082505596223,Frontend Developer
1.9362254398112329,3.7555774651236735,4.274412154974221,2.993955526076973,1.3738032777934404,2.181815941312484,Frontend Developer
2.44344369504865,2.7896191031594735,3.697893071686433,3.0994740733982473,2.218369275866755,2.202147377480849,Frontend Developer
2.617891095911077,2.4644731601754755,5.0,3.5962537562389874,1.1107062079967416,2.1598259129594886,Frontend Developer
1.7479100844961644,2.959238663449177,5.0,2.756385717943224,1.6621459604191942,2.017076208744012,Frontend Developer
1.4563770305685986,2.4570874355574075,5.0,2.425602982420672,2.333156250454606,2.2312956464269758,Frontend Developer
1.1370966356047016,2.6612176738321724,5.0,2.5094172344301593,1.7677978688453062,2.2310304466259483,Frontend Developer
2.3916952546412977,2.874230556977752,4.701244902654179,3.711184930849254,2.8694498318987893,2.4894290253908977,Frontend Developer
2.042659071282512,2.595867139179537,4.584777796721717,3.2612570526328786,2.209199110444342,2.700799296473215,Frontend Developer
2.3252250462680695,2.248459849120091,5.0,2.5009696863427937,1.8080143640238242,2.125100103125847,Frontend Developer
2.9978337448919823,4.554959278002681,5.0,2.9084016906398062,2.267252824240275,2.443827712936918,Frontend Developer
1.8396661872214042,3.897605677956161,5.0,3.2488715445456973,2.3329621260272306,2.2107933053072277,Frontend Developer
2.419470250234806,2.6913734067265382,4.7208491230269845,2.4499228835141524,2.2197506153101134,2.389468251756057,Frontend Developer
2.228886433075943,3.8372462166737686,4.997201990585476,3.3343708277962563,1.4541495619303428,1.8064501487627995,Frontend Developer
2.3477688787828885,3.424551055371572,4.853016526167909,2.9642003740709666,1.2410631266595953,1.8214853995966953,Frontend Developer
2.445191581759893,3.287602508053283,5.0,3.02488684359048,2.0035315793140884,1.6698394302632764,Frontend Developer
2.3494142101012674,3.210486472194695,5.0,2.73698257866621,1.0,2.5485763558768477,Frontend Developer
1.7605812719957978,2.56861211797844,5.0,2.8039936800404353,2.529968192023311,2.3085029747883485,Frontend Developer
2.3417846616002387,2.3170221443997328,5.0,3.130625265616928,1.8153614303768983,2.0716942336711255,Frontend Developer
1.11188238355084,3.2043264057403356,4.485314245908964,2.323664857078233,1.2388204068910544,2.556344187494963,Frontend Developer
1.6853683031536058,3.76686385495825,4.732099268473851,2.1463210212035264,1.4417377800256705,2.617905810003469,Frontend Developer
1.9220509110316661,2.7258563517546994,5.0,3.2508913680837725,2.5586994079512304,2.724249614946463,Frontend Developer
1.8201156771054572,2.336976156958981,4.7932674194383615,3.130140253291443,1.5181205368946946,1.5214245425524786,Frontend Developer
2.1718939407749427,2.975673824214774,5.0,2.6207523326499653,1.8847996428971163,1.5378834278658478,Frontend Developer
2.4450992055623932,3.5176246673618765,4.0769060688809535,2.535244569903795,1.2517353724549605,1.674988032796551,Frontend Developer
1.9582810151048196,2.275177390150735,4.539070093437344,2.4980213139592506,2.1036336646994718,2.0346721685181253,Frontend Developer
2.6391312233313733,4.088410436069699,2.7266599577063673,1.8641724448369734,2.8367260451492684,3.6702305258951737,Full Stack Developer
2.3502093815362013,4.414866208939587,3.405698277245796,1.4258683556236909,2.4093888218774304,3.7689659592062763,Full Stack Developer
2.438727596877793,3.5412485894928682,3.5088307334217514,2.135747655412824,2.2757381376197614,3.1702946082002486,Full Stack Developer
3.195347960464072,3.3367639358444583,3.523658853310724,2.584794996213887,1.8853046279659862,2.978261525093069,Full Stack Developer
2.234446248722139,4.257127378008917,3.286028720857072,1.9689044915003444,2.5621766799352512,2.8329613845100297,Full Stack Developer
3.2823029629468,3.490167830653942,2.988223924562881,1.9128228710485822,2.1126539610204706,2.815236535583321,Full Stack Developer
2.934263702164166,4.413023585720753,2.781617881380891,1.1967114496306603,2.8747919521027105,3.6907270393452434,Full Stack Developer
2.353868652447191,4.344853902622598,2.7485126147243286,2.1317436076655296,2.147112064506747,2.882796099841839,Full Stack Developer
2.6081171672068018,3.6547294738418703,2.541904042259379,1.5840888958847776,1.9664108549753223,2.642120005444624,Full Stack Developer
3.34102603285631,4.743623077667964,2.7099733793149783,2.1197022502676885,2.249842555151467,3.236001135459637,Full Stack Developer
3.0379776339580435,4.371341209179861,3.2411244763403286,1.381168788836351,2.4345780321946364,3.443645418633371,Full Stack Developer
2.6183569479107094,4.018968917723801,3.3416644964055346,1.8953430902103192,2.536489023883006,4.181936247309681,Full Stack Developer
2.607006983682509,3.3094776984231125,3.1519092978024377,2.3607812525630716,1.8845668130776154,3.726630331660517,Full Stack Developer
2.3306971001383756,4.3464593115158054,2.697069589620553,2.8596889531036482,2.996257676584059,2.6166717061083262,Full Stack Developer
2.7252214320457098,4.429793943489901,2.8064346751052427,1.977294391033881,2.012694210271205,2.040163421901172,Full Stack Developer
2.993081126952881,3.655136112967913,2.753438588800114,2.721816001734407,1.3717465528603718,3.4066025933739885,Full Stack Developer
2.8605185348340956,3.8601199157520827,3.3951859480258557,2.170025647284445,2.2853064986097653,3.4840923302664306,Full Stack Developer
2.834345808408339,3.693881632746125,2.457424736721101,1.5872947350105224,3.474547212654363,3.622339790368393,Full Stack Developer
2.3244628168959895,3.338771021628215,3.240933030859246,2.2736323986889833,2.2744419176586823,2.872522103223151,Full Stack Developer
2.9372728699985498,4.1639397620796785,3.0429465031466654,1.0,1.8851001847124031,2.574296782869843,Full Stack Developer
3.087605709454256,5.0,3.1837408327371524,1.843235156913801,2.460900750988626,3.2413439436046065,Full Stack Developer
3.2100472452259208,4.303425296607836,4.0282717824147705,1.4345557823370423,2.236816038405727,2.5368094350092307,Full Stack Developer
3.277756323171124,3.5406567442569528,2.791316593197458,1.852455042881047,2.4879083596723546,3.459227221971207,Full Stack Developer
2.377141311776808,4.027467055499924,2.6452100726254137,1.3707475446623327,1.8914914747878149,2.8457586057720903,Full Stack Developer
4.213358243172761,4.216479912680348,2.3111912496228815,1.717612997914529,2.510691647714699,4.0442213864349625,Full Stack Developer
2.2070083438810206,3.0600378074304775,3.935482587685891,2.194807088685452,1.5658536340618168,3.2673145430612176,Full Stack Developer
1.6821261304915611,4.00168775329858,3.1639105864215424,2.462135069768915,1.493052023853731,3.0428435807016796,Full Stack Developer
2.537287686970206,4.127691877837159,2.552326838818488,1.7959495804198897,1.5020923026048854,3.3255681209118286,Full Stack Developer
3.4292255583283326,3.882689715021293,3.0191189974800143,1.275704292683228,1.8501616759966064,2.9748976914791276,Full Stack Developer
4.310396545514988,3.4440164871129184,3.732088619376219,2.498429386732904,2.1403182022450684,3.8793102420975667,Full Stack Developer
3.1860527363034317,4.194579597833965,2.973439673491227,2.6117844412093136,2.5482346169054417,2.687161356251894,Full Stack Developer
2.3403764027006164,3.8985096813021713,2.5999807178011767,1.9682377126923225,2.6187190673420697,2.771349172456605,Full Stack Developer
2.9785883093442127,4.029011367404197,3.424215441102642,1.0,1.6966498526173517,3.1056418461397364,Full Stack Developer
3.6000394782134304,3.7540487762468975,2.061723646979063,2.3098557229830683,1.6823188055871854,2.405166670454819,Full Stack Developer
2.687827305143388,3.907737321172075,2.6976276677308935,1.0,2.448533098443566,3.637437520639361,Full Stack Developer
3.3257609956697527,3.431157164787592,2.899254233026241,1.996739342385271,2.2993971947809553,3.3341702443590404,Full Stack Developer
2.632913100610752,4.04099777820678,3.2286402023076204,2.7279111610733833,2.3522532699123615,3.3945283436877594,Full Stack Developer
3.0419133139646806,4.705229572601752,3.2048813979797486,1.5694560449132147,2.7016849850625952,3.348951636269514,Full Stack Developer
2.7784779894357587,3.7602535163003785,3.148287772570381,2.2315923976337926,2.0986461328156034,3.1556543367214425,Full Stack Developer
3.84997868728819,4.535771576117443,3.095317795632512,2.4706552903837418,1.4837380482362303,3.1989635249734043,Full Stack Developer
3.904653174866555,3.890977052303813,2.5761830356904576,1.6739555557034698,1.4551834813288058,2.6076190459361483,Full Stack Developer
2.8147459507049857,3.297216490410679,3.0078091669748015,2.4511385868933235,1.5461219099265398,3.7596419618208845,Full Stack Developer
3.2553960442637973,4.515290292812029,2.6710827230739316,2.427262613533308,1.4540330498023435,3.4451237504182544,Full Stack Developer
3.0859196698967657,4.276625609992392,2.412202697187574,1.5524650788616976,2.2986141091266923,2.5258259978878996,Full Stack Developer
3.2316031460495616,3.316431096769877,3.4240871063333342,1.3837383426157455,2.2761499688397615,3.3128154668230003,Full Stack Developer
2.6516140907852126,4.291013283542363,3.130221131666778,1.730579071903631,1.4957226579618959,2.0186871541637106,Full Stack Developer
3.1748250236498468,3.2175986143189723,3.047672099720654,1.8682758919588753,2.3395713877190976,2.848977250255068,Full Stack Developer
2.8352761068264543,4.365935352144148,3.1675290145420587,2.1580779785913893,2.234633794904263,2.232213938396447,Full Stack Developer
3.378394339993491,4.3062343970068016,2.4916584357117513,1.8779597631628993,1.9803463561861845,2.932751607799134,Full Stack Developer
3.1669299832842674,4.715683390915592,3.5408833638364143,1.3438904032842969,2.3110349951530242,3.664466659767705,Full Stack Developer
3.193404260344601,4.545490212592983,4.006135222850382,2.5118547730534906,2.1246542978208645,3.5225442370423767,Full Stack Developer
3.0724439165484454,4.0119515216424775,2.824292882143134,2.781706679416054,1.5907856670289993,3.7661838623390578,Full Stack Developer
3.2499320618701857,3.3003469125990295,3.1838246464957107,1.0,2.312754008415518,3.4426157414944956,Full Stack Developer
2.703822022173973,4.061773847977791,3.977078716875143,1.7471266478690317,1.4705462064716999,3.7408317012312993,Full Stack Developer
3.9812935952653974,4.001847835923924,3.505731517704178,2.6707379577654407,1.6287578837308079,2.7573470823160657,Full Stack Developer
3.6154372565773674,4.842507139354255,3.2814404300871773,1.5600928232489728,2.9935305558497207,2.734514551094018,Full Stack Developer
2.8324311094142742,4.1711689172448105,3.7770802103573873,2.426987988276112,2.2074327501809554,3.231644265059053,Full Stack Developer
3.021757334321733,4.279069757259253,1.7352199611528485,1.8516962704651008,2.1206609674583907,2.4244929581902466,Full Stack Developer
3.19316165890578,3.897764389506939,3.8777378491577448,2.7865098626074283,1.7670972154409186,2.9245811442166523,Full Stack Developer
2.9630262171958037,3.7741702619201885,3.0975124920140633,1.620858965556205,1.4346923325312368,3.3113556119501344,Full Stack Developer
3.3147647921109056,3.5978421201700037,3.4476777153812996,1.6842111354173344,2.1265826190189907,3.410172006306228,Full Stack Developer
2.9831937176481436,4.227370456070568,2.7417851780562144,1.9017667082859515,1.8970702845598297,2.6267108267298807,Full Stack Developer
2.911612918442109,3.2256908505681268,2.754423126428948,1.8575622533151646,1.87191012375231,2.8792512770646104,Full Stack Developer
2.9691179000699357,4.239720759043032,3.437258537066261,1.6751173865758664,1.3983995723054279,2.4789777938784487,Full Stack Developer
2.7563985394025363,3.8240393410917455,2.6150019669012714,1.3519416678750527,1.771939586262906,3.0907133100569855,Full Stack Developer
3.2975147329177825,3.7212884734458394,2.793501088928283,1.5366508455763446,1.9842804148126119,2.5757856829045926,Full Stack Developer
3.2865639066206,3.107066754032944,2.8201851637737687,2.150553669595871,2.091917258161252,4.3465168319902485,Full Stack Developer
3.174900012283954,3.4979727015789948,2.9522678764554633,1.1118768332667741,1.9597001253516195,2.5834719714996206,Full Stack Developer
3.457695137780081,3.7252298627022324,2.9416170421023766,1.6822210792977983,2.8694256759266654,2.839378616941044,Full Stack Developer
3.916278521739601,4.407075881059133,3.241033363667693,2.18436657365876,2.196898649108126,2.036163710327195,Full Stack Developer
2.8605583029246215,4.4225789855921604,2.9755514082629473,1.2974050765982126,1.9737977747112652,3.8520527581277455,Full Stack Developer
3.6234458577673596,3.9689979953169843,3.4757246385290435,1.8167464898159742,1.1480642065866404,2.5377670059352226,Full Stack Developer
3.781444384254099,3.863003459085348,2.878308010312491,1.8500809018625597,2.9520682947865033,3.8129794576810316,Full Stack Developer
4.109390116724067,3.9204773947999745,3.1478122443735477,1.2416787252896044,2.7384672130591374,2.4161102243660326,Full Stack Developer
3.1083877818813144,3.451348736183578,2.7055665866306517,1.5813687844751498,1.6960623696620911,2.7304386484255105,Full Stack Developer
2.7258656025374615,4.416666955890154,2.44756860346874,2.1102707135069334,2.6089795761527794,2.743401817743302,Full Stack Developer
2.641040554626199,3.8847376874098747,3.589862604180355,2.097053815476679,1.7343928526962007,3.24193832559402,Full Stack Developer
2.4488539250817882,4.340679755221474,3.204303653850884,1.846095764430558,1.5807071007763844,2.5566595388582716,Full Stack Developer
3.2674086681729553,4.614490251244531,2.6813461264856024,2.2291933517757423,1.0,2.7076911346714003,Full Stack Developer
2.984470533564549,3.5451582915090833,2.531746812605202,1.6661102217655568,2.1460963641631867,2.906335490796813,Full Stack Developer
1.880884383337514,2.9396499236824667,2.6965674110714124,2.228843293026776,1.0,2.7501349119241847,Full Stack Developer
2.7368760717412894,4.694168889104224,2.807489094143568,2.191494492370464,2.0706285700437315,1.9347167600963997,Full Stack Developer
3.3841036083158684,4.107698252728144,3.254134319837295,3.9631188532181634,1.0,3.8623483248805544,Full Stack Developer
2.856276240299822,4.143664452201505,2.977243877349379,1.7878818333009783,1.7150835358806207,3.1647543677865047,Full Stack Developer
2.2414131516641604,4.375289583760883,2.791902797557373,1.434965330479821,1.7749935710020932,3.628574608431286,Full Stack Developer
2.7323324564918883,4.17922680910481,2.6345218621422632,2.3789609249618096,2.342753869395102,3.924304416648206,Full Stack Developer
2.9122180272503924,4.334327402378953,3.0490337697694723,2.647935890931507,1.6405838061956348,3.3725026564386407,Full Stack Developer
2.902651351941659,3.9679059114457513,3.0458762422241863,2.126120198213339,1.941885478439021,3.1073565915852632,Full Stack Developer
3.789059028781092,4.492724842807609,3.4345772962484484,1.7722302369880647,1.555379585885838,3.4776502791188766,Full Stack Developer
3.438023396264897,4.736335337875491,2.6980096870153853,1.8852256723198264,1.1802579187372828,2.8037644469695637,Full Stack Developer
3.4982852552897237,3.766752310385901,3.3202398976004117,1.9047484470010942,2.1620285141107805,2.426154305092166,Full Stack Developer
3.0426047248169503,2.5044320145496384,2.9065519209190076,1.18476337814243,2.602997258273408,3.3887036763822556,Full Stack Developer
3.2333354909830403,4.76050311357969,2.5255417395875814,2.873681598957779,2.4660957821301923,2.8817223563905268,Full Stack Developer
3.567810073591472,3.446853243794183,2.587742919236163,1.6957051383801498,1.7355111459679924,2.4717211786198736,Full Stack Developer
3.6115415335476624,3.870572799815084,3.17625248417844,1.7148243167931598,1.0896983497257415,3.135028679195711,Full Stack Developer
2.0438725122901116,3.965682976957266,2.3158424805835947,2.993637999615404,2.4556813610873607,3.05287689563574,Full Stack Developer
3.631853338827334,3.576842011267132,3.2717396893350466,2.099905216859357,2.132010040666835,3.6361767500533837,Full Stack Developer
3.366246051389901,4.144361831412511,2.1725562818858517,1.5199768523602681,1.938645533202138,3.0466861871383255,Full Stack Developer
2.434898137663038,5.0,3.758197027626786,2.3010591601962416,2.0360184306418723,2.893895515049424,Full Stack Developer
2.5240407699888823,4.0387402592594315,3.1288762700713755,1.3791197122591878,2.1670882086224488,2.9223704755876256,Full Stack Developer
2.0460962210613047,3.569807494610249,2.793197233289178,2.9438438286700954,2.2782765622668792,2.3322592154500543,Full Stack Developer
3.2430181447088184,3.2263480055308174,3.5413455269435365,1.7644376740910608,1.9531819056304145,3.662898323771095,Full Stack Developer
2.3564182157078752,3.3014409074435043,2.7082003368269976,2.5191894255096585,1.240326962261579,1.5839222009447156,Full Stack Developer
2.7744205707955008,4.27587039995546,3.6001308748694147,1.7684193189573005,1.7942866964419988,3.5769503671278735,Full Stack Developer
2.0651291501522895,3.8057396124084955,3.095211944962529,2.2246093606425172,1.7450966534045587,3.0172205058529205,Full Stack Developer
1.7558363232935053,3.670875793833076,3.2267543562772336,1.5088529828726602,2.0294921107947985,3.223436250401349,Full Stack Developer
2.8287253995711175,4.085231885498286,2.518633717357694,1.8966943601519768,2.305108084794611,3.078486480484217,Full Stack Developer
2.7067343652180322,4.1121082021453965,3.357304895318309,1.0,2.579537032477949,2.831872630659464,Full Stack Developer
3.2127449666201153,4.598623461822614,2.314163151384767,1.6452794987862267,1.8557256520621477,2.608123239437786,Full Stack Developer
3.8674682879184044,3.5716139530866036,2.7222266102565666,2.1021945158014885,1.3989252369619556,2.802159644121868,Full Stack Developer
3.1587266306250874,3.833569797808744,2.953306570550026,1.7353339437758146,1.2427648454096165,3.1607966056696193,Full Stack Developer
3.8774665358236207,4.009200815391719,3.112632058623775,2.3463613775584298,1.3653347517266505,3.851257329064803,Full Stack Developer
3.101164398211401,4.815928449544554,2.6334835022380054,2.9090309612789125,2.3875777470173913,3.276520042926179,Full Stack Developer
3.117012227176574,3.875735690962775,3.6002658292369363,2.0701799349240235,1.0164651482064238,2.4414067691464987,Full Stack Developer
2.907077123903626,4.154999491582777,2.971705755550052,2.6094853948968315,1.0244490679806875,3.07179396825258,Full Stack Developer
2.0910103873064227,4.3798561477420845,2.9527706427789986,2.209804986012059,1.568058519705117,3.6397324658288754,Full Stack Developer
3.5208623320294254,4.291772151505944,2.9352413765682797,2.289928642647566,1.6465537160063255,3.4277778295103563,Full Stack Developer
3.8247404471619606,4.535305279989593,2.635198765096295,2.1807086586365516,1.3534292281206761,3.286195155587838,Full Stack Developer
3.2253017064312695,3.065091830233918,2.419108078043818,1.8584305516281163,1.849570126429587,2.3952615322905975,Full Stack Developer
3.194489364676092,4.125736804470256,2.9028654340107405,1.6221042499208185,2.524353563208282,3.8277035565441477,Full Stack Developer
2.7582192580767315,3.6939165414225896,3.245603832705998,1.820985310126507,1.9303013996683829,3.369826575862336,Full Stack Developer
2.0453219562463536,4.659151162426335,3.0363402621646705,1.79425342771891,1.9553829228892756,2.9812146775102595,Full Stack Developer
2.134399348277537,4.747469113726618,3.0206628161353093,2.2215010652236877,2.4757748852870214,2.48941877121985,Full Stack Developer
3.2367359495176142,3.866179454550603,3.423385387608247,1.0,1.9504528498793654,2.698589672108019,Full Stack Developer
3.2161314753170775,4.235022093684101,2.646187052588987,1.6439130679119782,1.9446673157213352,2.551678886342396,Full Stack Developer
3.4209918477260635,3.8153963997762768,1.5465058903391793,1.812588971689097,1.480728089578014,2.1843620922695273,Full Stack Developer
2.3812866808887136,4.054704235916485,3.6643204141241155,2.15659223693249,1.6967483058921302,3.2279520975853515,Full Stack Developer
2.770454844890504,3.6526998154184276,2.422818665883508,1.1240855966241403,1.8050381467202774,3.079026744960066,Full Stack Developer
2.951688164992555,3.7920165360263205,2.5271269696516097,2.3041230958424843,1.3414340400267075,3.388013956921738,Full Stack Developer
2.4988914905366375,3.6237823813234824,2.2666074046921616,1.7492989265571817,2.4876562292389894,3.2578140442219783,Full Stack Developer
3.4892110560140175,4.2610712729669675,2.448165085734815,1.8346053878362214,1.6099004354412687,3.66528745201952,Full Stack Developer
2.4016056767868443,4.446848844694555,3.4464769350543847,2.914810100858044,1.7951567036852514,3.356161079790081,Full Stack Developer
4.140825918269421,3.6911791615331517,2.2324798762338203,1.0599949830461182,2.3563560144306654,2.058424895970708,Full Stack Developer
2.8138404735310387,4.21865659351948,3.092587768414957,2.212722432092086,2.111144927900427,3.6394329066566966,Full Stack Developer
2.5238418096306017,3.6615024307707342,2.613670277364588,2.415095905931305,2.4501992941975317,3.2256126596592543,Full Stack Developer
3.591746833444964,3.4109795663118097,3.8336120557755686,2.761619310856129,2.3678109986228733,3.89089945438553,Full Stack Developer
2.1716883961611133,3.737775931868674,2.632348269659024,2.3607396618786716,1.4749296301989272,3.3787475746687425,Full Stack Developer
3.685268071998357,4.347601450041999,3.1418755118307504,1.5060633295496255,1.5765745169373178,3.6248094526483334,Full Stack Developer
3.3896745019526664,3.980490240311228,2.7910452271170545,1.0,1.4645737906577807,3.9557095435698617,Full Stack Developer
2.3597722144987667,4.09473991061054,3.5037219865975993,1.3725386659988539,2.092355237390542,3.4689577687553275,Full Stack Developer
3.006249660953625,5.0,2.165700370560902,2.5293642649419397,1.9135991313017677,3.3859600774183374,Full Stack Developer
3.220653575849623,3.6334219014450015,3.11449819622967,1.0710492743008564,2.301623750285697,3.1490792329952626,Full Stack Developer
3.3193300843215514,4.529059162543575,3.1838099201048555,2.074044709899138,1.559465831669354,2.6438896181754745,Full Stack Developer
3.5933673100886656,4.718167702852989,2.880944781843973,2.023001373626637,1.5476928125031169,3.5863784226337225,Full Stack Developer
3.332708411845889,4.970608718231874,2.5608384614101305,1.8109960504908913,2.115722961262786,3.3232447688628852,Full Stack Developer
2.892166181226184,3.5635194547731497,3.4407037644617855,2.3605676812727907,1.5418629497181375,3.677721400552748,Full Stack Developer
3.585099354598302,4.067148248623896,3.039798931188018,2.2770288855579537,1.569148464871871,3.015015739582041,Full Stack Developer
1.9238082276954098,4.438227822751468,2.2192533887790704,2.7517099142144996,1.834939953016775,2.8941665090344117,Full Stack Developer
2.6861330469577474,3.855980563038962,3.709265672574018,1.0,2.638482693044094,3.169011740550854,Full Stack Developer
2.396489176071392,3.462343803475381,3.8381965136041014,1.5272465600286345,1.4233247447020203,3.5686572711823645,Full Stack Developer
3.169276438142957,3.5310372117318005,3.1083124877023094,1.4871236581798613,2.5504106992113025,3.5306854824365668,Full Stack Developer
3.2660030994109714,4.180830530623508,3.880594062433687,1.9998431636941127,1.4090629372895993,3.2247369564161534,Full Stack Developer
4.043023524768557,3.492620253407074,2.819268616653007,2.208223019050726,1.9730475754971304,2.508848209811343,Full Stack Developer
3.5609289281152354,5.0,3.0980657295119536,1.547965855132,1.2255197374732625,3.1289879906105904,Full Stack Developer
3.551938671658129,4.237583873247691,2.998798079540573,1.705364174105347,1.4539181836409552,3.4173756631624412,Full Stack Developer
3.4568858106927927,3.227135106654633,3.7949194890903417,2.287035610447001,2.6997973225728966,2.3289361257574424,Full Stack Developer
2.3170879222922807,3.9255153451163514,3.251392213447597,2.898180411463482,2.353039456907566,2.8786593615939835,Full Stack Developer
2.486815396167054,4.615000286359575,2.5176472871246425,2.814234277386161,1.8578076751967454,3.7952910363089254,Full Stack Developer
3.339465645029639,3.931502255278771,2.7403018140869366,1.82954606132696,2.214158346187619,3.0385782481088586,Full Stack Developer
2.7030942959656477,3.9171842948411837,3.039288514859575,1.0,2.229084057394349,2.5101393876415967,Full Stack Developer
2.4233337983971275,3.156327826444645,2.1030537510660547,1.3222762484438553,1.6454895211847549,3.976629568763284,Full Stack Developer
2.737060162052398,4.088875053134016,3.200240693253164,2.0655325931079243,1.9612782696370032,2.4023531182003777,Full Stack Developer
3.725463774139606,4.903598321818943,2.1586706529386572,1.4879857045568103,1.860094828811497,2.5177311025449045,Full Stack Developer
3.2529827767279325,3.6358638987966936,4.082528033903301,2.595274297171798,2.1062870153161075,3.513493131659866,Full Stack Developer
3.5529502121786543,3.7180262559708783,2.591891377729018,2.0390715314848236,2.430818062248972,3.069530199326709,Full Stack Developer
2.211501758904501,3.5985877780245787,2.963013568202811,1.962167197837085,2.986271088394904,2.307006028800501,Full Stack Developer
3.2527946209179373,4.744556554164145,4.135724872711398,1.7978012884080194,2.2457147263601,3.2848801785993236,Full Stack Developer
3.0977408657766454,3.950577399380347,3.2179876947500228,1.0,2.341034745031316,3.0630889518309834,Full Stack Developer
2.8887625516108675,5.0,2.6625329906047237,1.7984620054674847,2.995776651102367,2.5839693475750716,Full Stack Developer
2.7249423585317305,3.926487288284575,3.4203672410647745,2.1039012536766566,1.3536873264238687,2.733915718436405,Full Stack Developer
2.696322783393894,3.9613894773884772,3.2129218293149147,2.209102877943986,1.111994122975799,3.531970493780428,Full Stack Developer
3.1262844229983116,4.692266023796953,3.222099163645336,2.550661478867881,2.2332726557250635,3.673112878101374,Full Stack Developer
3.2611253180088893,3.951042376778548,4.136217360223441,2.444518561139946,2.2868722105022066,2.361847791730832,Full Stack Developer
2.355846191268231,4.1463577410709265,3.0727605988841202,1.692938717495842,2.07049134980603,3.7943134640217977,Full Stack Developer
3.3477012372751496,3.429495745123631,2.944245586428528,1.5975167595737196,1.8061500417957195,2.7931921671851785,Full Stack Developer
2.7611772086979975,3.3724323140133023,2.936172659240905,1.719696181576345,1.0,4.026486012250832,Full Stack Developer
3.544384827108336,3.811849637537502,3.009409524870299,1.4141728263412192,2.847861438905433,3.948644347386556,Full Stack Developer
3.0783468641232625,4.511765322092672,3.0876433894669617,1.3316372805620347,1.7940883155181713,3.0659639833859784,Full Stack Developer
2.772726140628278,3.890673361282482,2.954300221245443,1.9595607510672695,2.0261292452487414,2.4696974668016995,Full Stack Developer
2.641491925436032,3.3577078671500153,3.4889077748431,1.0,2.5767951716584627,3.6931746986314216,Full Stack Developer
2.8489097065086892,2.6984314560863507,2.819344719016355,1.9679079193555904,1.4947008900355434,2.7423908030958786,Full Stack Developer
3.7650975994316758,4.33246358115087,2.53771794281095,1.201200415202284,1.8364913411951145,2.893271610324781,Full Stack Developer
3.2480995936816583,3.7323416437161705,3.255749787680931,2.967577020030115,2.4077505112221314,2.9759557463346136,Full Stack Developer
2.9084247644733527,3.8216634329100643,3.590320456226072,1.6863432770243485,2.022611354499991,3.0255989509405428,Full Stack Developer
2.749107903594234,3.3137672260579496,3.161487251808834,1.9694980140723082,2.2501202347182847,2.7331998467804164,Full Stack Developer
3.610410649406524,3.5616131093940777,3.8560201420089464,1.1261817450858693,2.2173850322784454,3.2377153412633115,Full Stack Developer
2.602221466029559,4.212196968930506,3.6397593348800794,1.0,2.2513724037454073,1.7533645898349612,Full Stack Developer
2.517167598238396,4.814583182450472,2.709108983303973,1.4130600177955137,1.901031135507659,4.0339531690817765,Full Stack Developer
2.084158876396987,3.474345044180328,3.748715841589813,2.928851171768866,1.9482843878548581,2.380473648736679,Full Stack Developer
4.04792175090458,4.797221195874599,3.3394734938811164,1.59379882553129,1.9754853295809816,2.9198199594775844,Full Stack Developer
3.165425652307789,4.725500719065668,3.4397085205687015,1.4613119615076209,2.688248225009769,3.1565660700065776,Full Stack Developer
3.343532897929458,4.733270429639301,2.4442098752432244,1.9820872106467686,1.7342727243203924,2.216070287317272,Full Stack Developer
3.17335498880246,5.0,2.0799611277471235,1.983859694475265,2.3202714675373866,3.0615391008280906,Full Stack Developer
2.9434359737421296,3.350391818277088,3.1163933714700818,1.6216180114920369,1.0,3.5972961102568655,Full Stack Developer
3.479192909921021,4.02583048842554,3.1145373441028514,2.537159006357781,2.112169828389041,3.4520087773806574,Full Stack Developer
2.8512588995630748,4.655991869286973,3.160392862966342,2.097025971802937,1.364969455643984,3.143477927150854,Full Stack Developer
2.584022541252774,3.6808586367357528,2.5923121858419393,1.4668825340503875,3.0623857015084806,3.665669530994202,Full Stack Developer
3.9601837510721305,3.388552490222218,3.035626874955446,1.3532461873979522,1.652152561401468,2.5409365082917126,Full Stack Developer
3.619792003220781,3.80188516094912,3.5341896668470083,2.302060444794259,3.1518193760523943,2.2602778884301378,Full Stack Developer
3.6296166198933992,4.573220435200364,2.5133105809864826,2.50356666823658,2.1680724815131143,2.8862618700232963,Full Stack Developer
1.5880322565140002,2.640445274275407,5.0,2.0003414094787413,2.3910650007657295,1.6045503091662234,Mobile App Developer
1.6100735268891806,3.540992404624971,3.3252118942242337,1.7923931160473643,2.017013705536116,2.0556863009200264,Mobile App Developer
1.9104533574919218,3.1979098905479617,4.346427877908906,2.367318772729665,1.5070980956660867,1.8579224510356014,Mobile App Developer
2.597381430938469,3.447323593786936,3.313570274259468,2.175739950176101,1.0108873753125949,2.023467451030185,Mobile App Developer
2.9488835083729885,2.526053641365507,3.582838477254209,2.38201489078643,1.228599242395177,1.6836224850574806,Mobile App Developer
2.2982205687908763,2.6828570761552983,3.8820150063945142,2.372092855157517,2.2107730417682805,2.133409198147701,Mobile App Developer
1.8304388603649806,3.1850305576344775,3.9381336599501218,2.2289028049628925,1.751533987441011,1.9087155128102293,Mobile App Developer
1.5050211037239931,2.982496194996882,3.5944995681855776,1.4429767749190034,2.129330573927694,2.10636988792883,Mobile App Developer
2.3914368674742863,2.7844372152124506,4.2040264234183775,2.2753987861368317,2.2223869039157975,1.587173158598929,Mobile App Developer
2.0746817411355947,3.182070148027331,4.003589233453971,1.0,2.08024481198674,3.106265519698621,Mobile App Developer
1.8199803656215086,2.6359614510723395,4.1866742798556995,2.156189105233286,2.5963675827082073,1.371065922045556,Mobile App Developer
2.3656901262874963,3.295211030625732,3.928926731529727,2.169343658960845,2.5147287407991787,2.436157690014225,Mobile App Developer
1.4284903439631358,3.410079093377742,3.9676556974837407,2.0364370490077577,2.036598495500847,1.92487850560087,Mobile App Developer
2.5958537485535325,2.958141020075394,3.4402269358084157,1.8032350720151356,2.089347358405238,2.614607392148525,Mobile App Developer
2.3015473424744166,2.574732360626478,5.0,2.13238765548899,2.6376953689995073,1.9241427832113853,Mobile App Developer
2.266679622352725,3.4197342522592025,4.609097355877128,2.5286841526891126,2.436098500036489,1.8424566344029456,Mobile App Developer
1.7141269790219693,3.1663037551620987,4.466564036170535,1.8886396496116964,2.532585982857193,2.7263083727430897,Mobile App Developer
1.54183954046329,2.58153964810186,3.929812470547332,2.153806334094598,1.7377164931164746,2.676101339433572,Mobile App Developer
2.2120334307592255,3.0197235241203697,3.282045238065736,1.3420920917862464,2.140504625140903,1.0,Mobile App Developer
2.5063187048220357,2.92092307781384,5.0,3.1539581253080553,1.9092754653762416,1.9468314987343425,Mobile App Developer
2.497790757001015,3.851586304959019,3.180985471281992,1.1068122673226566,1.6889825972228092,2.2913687915869323,Mobile App Developer
2.2484367952537987,3.534885727491925,3.400151235817346,1.0,2.4290070976510725,1.5859018635173827,Mobile App Developer
1.0,3.072531872979691,4.396587844109339,1.9389714339393613,1.7710758069087553,1.9203188839270466,Mobile App Developer
1.8147086187996087,2.3259764440299167,3.642659661504784,2.2606399525069074,2.16083927068825,2.08402990298341,Mobile App Developer
1.5024257590733103,2.9092484189321666,2.9114674767785726,2.089238331942695,2.714428853906784,1.2629339339789472,Mobile App Developer
1.7070361633411224,3.164553389355065,4.626421317213742,1.7758876918499253,1.6538748353670518,1.0155384287919584,Mobile App Developer
2.051719064654053,4.021038020071872,4.138679230982338,1.9888605104081434,2.1610411553834927,1.994453998025699,Mobile App Developer
1.5934928138699351,3.4116399578388528,4.112880761555878,2.0088066259668285,1.512316986360875,2.6517539659673797,Mobile App Developer
2.332351372666555,2.723539581316349,4.500912426840968,1.7512145808073964,1.6089982537444816,1.6201484412598566,Mobile App Developer
1.1144657234559543,3.235771190209103,3.084427560830825,1.3857780843671188,1.0,1.9569651536045534,Mobile App Developer
1.924839769864064,2.836651893406818,3.4787111526647116,1.41388312328168,2.232184931773287,1.7247240341457561,Mobile App Developer
2.1581791607680723,2.557375656937889,4.090531371385541,2.651639018658032,2.2930829001963917,1.7937930908917599,Mobile App Developer
2.1285994851779635,2.8796674127348934,4.0039400923473645,1.8371944739257482,1.9178323970573043,2.1060466765370878,Mobile App Developer
1.5033206502090246,2.4920605865050107,3.3057287230843944,1.199864447748145,1.3913586538897604,2.0797312534020644,Mobile App Developer
1.553606242254058,3.2568072321155483,4.017356874376281,1.0157478932809731,2.327487792110845,2.405399322795855,Mobile App Developer
1.5030686625825733,3.210095771447496,3.5717508812954004,2.048835188374168,1.3677507965225173,1.1034467737327116,Mobile App Developer
1.8085914051935157,2.938135526862582,3.801160153192698,1.4079847208887202,1.8000504689344314,2.134647376290367,Mobile App Developer
1.9775534849387315,3.0912505152996066,3.6649423997728836,2.58585895735808,1.4119133317226096,2.2437801485433595,Mobile App Developer
2.590945546479981,3.2404540463744476,3.898737886467585,1.7358514766685105,2.518043825523128,1.2885125373691635,Mobile App Developer
1.5149378698101783,2.8012211172541392,4.618826878755999,2.189883818020448,1.5159771207448773,1.8448461473075481,Mobile App Developer
1.6928384279518527,2.6451055038832325,4.48944477927839,1.3141284353682472,2.8043904278671867,2.4141148450923113,Mobile App Developer
2.545430835301849,2.768530243987371,3.9250296404604454,1.283424092737644,1.7376687964665984,2.2468274238215753,Mobile App Developer
2.648031530890698,2.4464215915987744,3.817247031507367,1.9243503898837389,1.3021053989037574,2.2956746208792,Mobile App Developer
1.6380048341286955,2.902304824411488,3.774025314044061,1.6053307471401628,1.9964775072597227,1.8921952107159887,Mobile App Developer
1.8140710588606672,2.6357691891598285,4.159762335391478,2.8268086342461425,2.0699436164195637,2.4980591074555645,Mobile App Developer
1.3048890374232687,3.0788807196468846,3.4513158405144666,1.2615375362340493,1.6303142962704817,2.5959496672067863,Mobile App Developer
2.4750079143348227,3.1215023610271997,3.2336497200550345,1.9018596743060316,2.150850004450868,2.087768114789299,Mobile App Developer
1.0781032082596271,2.554841075990064,3.9679611179256415,2.268145454758595,1.0,1.9189380122600708,Mobile App Developer
2.071524384939476,3.4248059942581066,4.346428792118719,2.2912856594044024,1.600029746649033,1.0459989314383462,Mobile App Developer
1.8034736214692995,3.50081591260428,4.696727263762216,2.355274551148893,2.214670411400867,2.1898198241929827,Mobile App Developer
1.7219406266196098,2.93496985322319,4.834534762913165,1.5287209971040618,2.807389395354926,1.8389859227539709,Mobile App Developer
2.6627160545475395,2.2965924952512307,4.292952100582324,1.631614932026189,1.2923664040379061,2.109267021205473,Mobile App Developer
2.5047358942979843,2.577529280703252,3.2504920197707996,1.9540776178325225,1.9562823356114094,2.274159813777249,Mobile App Developer
2.474797285682244,2.970292409363753,4.927751657397131,2.112117372267646,1.8267867469965502,1.194216320448586,Mobile App Developer
1.8686702398419162,2.831806527294432,4.480152398140735,2.231241812033427,1.4103154391836914,2.0861271932055185,Mobile App Developer
2.3357655858645265,3.7640156796939164,4.443751983707029,2.380423327155739,2.0300429973075818,2.1941560027117246,Mobile App Developer
2.6247524503530792,2.3336113012601754,3.825280336391522,1.6137156256218796,2.1895765593630623,2.615111087825394,Mobile App Developer
1.701512856639463,1.804847816265281,3.793889627487765,2.4567368660087032,2.2688149514749396,2.214093123905288,Mobile App Developer
1.86000334906276,2.360484631890107,4.257647160812233,1.5828590949826875,3.092048366690228,2.285253604177258,Mobile App Developer
1.7096758487230246,2.694307376305686,3.9535278966932057,1.880249038989125,2.5584168877649773,2.0932080848720234,Mobile App Developer
1.6341841305457359,3.9452203425778913,4.024654165760111,2.3844198379844483,1.6958867462776204,2.1815578138722618,Mobile App Developer
2.1555549955715976,2.0551753539519235,5.0,2.6453222304612733,1.8014023419270062,1.4488651297720723,Mobile App Developer
2.173780806901776,3.0433488497071983,4.177834474281615,2.095788698097045,2.253120494652963,2.7236528496959034,Mobile App Developer
2.284051602564323,2.4751722505450293,4.681281426356226,2.8203072817441437,3.5760283672560425,1.4382529833802011,Mobile App Developer
2.1214410065751377,1.9589506484055064,4.276574578189605,1.7258998509166137,2.9617228974124767,1.612692514990709,Mobile App Developer
1.1554084810163692,2.7643681296487403,3.0122561143914313,2.375549727253655,1.0,2.0142287905915794,Mobile App Developer
1.0,2.839851097731679,4.821689077902267,2.1803239457178973,1.568253197517533,1.984398255530458,Mobile App Developer
2.0090084360222233,3.236315172921703,3.316570818359587,2.296283636923665,1.0,1.6850577238180948,Mobile App Developer
1.7558630787742278,3.316663413035619,4.0113154263384345,1.2972184730718568,1.5075034370914924,2.0993400047737034,Mobile App Developer
1.9604663290677218,2.710437945182127,3.7595831052440105,2.3480839985796447,1.7411537135653927,1.9559543779854633,Mobile App Developer
3.084968294040271,2.2881586815580386,3.074078634212671,2.3917948323993032,1.6606784693529484,1.84088123612869,Mobile App Developer
1.609421810934443,2.8700999296162437,4.79926905604817,2.4010642293090596,2.4311117559434887,1.2918864721036774,Mobile App Developer
1.4244231317235654,1.5804606702572865,3.595309589458623,2.478351593192829,2.2584732578741855,1.889243368523938,Mobile App Developer
1.9888498581409735,2.655557228712297,4.102379441200892,2.3829391397403072,1.1920566062947637,2.149823843918674,Mobile App Developer
2.4662174354773336,2.7924498555183153,4.3503503060602915,3.4073272222362765,1.947828603506554,2.1966535250026618,Mobile App Developer
1.6309714581693042,3.0906255813010253,4.230135812491152,2.097421170135069,1.4901523401455716,2.1031808856627254,Mobile App Developer
2.731097969358818,3.224317882257264,4.480993594535921,1.881494014993686,2.374950119711855,2.139633919108263,Mobile App Developer
1.524544635156384,3.1592605023994373,3.5041516682798446,1.683559862557604,2.094664153646187,2.148622136690062,Mobile App Developer
1.4053837674614353,3.5269928855914383,4.286003139150236,1.6476357821945582,1.2312076017754123,1.9275477104592844,Mobile App Developer
1.77702814306942,3.0565702285265113,3.8184416694222167,1.0,1.8058265308494208,1.8471904444658436,Mobile App Developer
2.316830512387029,2.6509001626944753,4.839337336686283,1.0441797246741213,2.655583748901312,1.8878405145609476,Mobile App Developer
2.429792436171778,3.0399007420293667,4.5697777680127345,1.8063190177235944,1.4506897874110938,2.7102521436355316,Mobile App Developer
1.9432596770589294,3.1107792368121054,4.617375957022397,1.4840223789527824,2.2977454488196285,1.7050526217685547,Mobile App Developer
1.933915322177814,3.0361394826921444,3.249889069276532,1.6105814785897827,2.6755364462065696,2.443095594292398,Mobile App Developer
1.9686802113363826,3.1215617292564466,3.852878747181771,2.678291692913991,1.8998237111029181,2.115921046067424,Mobile App Developer
2.5730150720710325,2.611314257577047,4.779394592248447,1.2347692951283116,2.814821065556399,1.8136622080240128,Mobile App Developer
1.8786506260873592,2.0549949144085287,3.7726026413111535,1.4800967344865579,1.6961768273132636,1.93134451710556,Mobile App Developer
2.478895807236453,3.103801675700313,4.153838326700557,1.4522403055772188,1.559622955198635,2.899362509175656,Mobile App Developer
1.6323994826183768,3.8281041260286477,3.878469400559567,2.001143968071752,2.535182580114965,2.6359462109693284,Mobile App Developer
1.9445937198604561,2.805878473239231,3.972039775738893,2.168978764116059,2.4456518434348777,2.002114929497076,Mobile App Developer
2.3094431490115768,3.8191798661354706,4.190654806132392,2.1558264280023893,1.240544587454966,1.0,Mobile App Developer
2.1941878646150843,2.952587884359564,3.742608662542629,2.1217651020931725,1.969798135401546,2.5638901253169495,Mobile App Developer
2.043055434129489,2.6265383574649164,4.495083119479644,1.8914344625268988,2.2632683418361537,1.7612946469035997,Mobile App Developer
1.6750865572512819,3.042084115092848,4.006414321771842,2.2399135176834166,1.8656771233451288,1.0818201081148013,Mobile App Developer
1.7836130582058056,3.396909233571908,3.851311960378447,1.876808298742726,2.4931882529529688,1.6440133863705386,Mobile App Developer
1.2285983908785503,2.919684440237253,3.7579130243756316,1.516876840123373,1.9123107720506547,2.2457528236233917,Mobile App Developer
1.9953557192160922,3.153490536343119,4.9067038492577115,1.828560569221218,2.1391743173223348,1.7453933187004327,Mobile App Developer
1.5768201400565136,2.707546173291115,3.7606207142391557,2.179737898773563,3.1745378933503785,1.6419782818620798,Mobile App Developer
1.7916873471922687,2.968438493444376,4.1978994243548735,2.1317754059773923,2.6420478969740584,1.0,Mobile App Developer
1.0,2.7520609139949253,4.548650093771855,1.2171759841972019,1.0,2.285589703109604,Mobile App Developer
2.1218286118513574,2.454895796600285,3.507230199639535,1.5151281401826628,2.05526765873697,1.6868423619084965,Mobile App Developer
2.2470319594877597,1.5726866685478045,3.5715740674361003,1.436973019544475,1.871829660813754,1.7309761207549308,Mobile App Developer
2.3989218899478835,2.0703316141699712,4.022745738165376,2.2791682116058527,2.9283237182809776,1.7591170144532624,Mobile App Developer
2.1622293021762586,2.0980686037188176,2.804021897843488,2.42238718789085,1.9972198531759646,2.589256344899211,Mobile App Developer
1.3132985555151255,3.259951069764376,4.934408920271927,2.2098528041786327,2.138290752795524,2.0042780404121747,Mobile App Developer
1.214559271437044,3.677786467855174,3.694571180097467,2.2522416281915083,1.2184828467143731,1.4102701677461098,Mobile App Developer
2.7175436996111175,2.8263488555210787,4.726637738021273,1.960884670470741,1.0790511135210714,2.44603379986586,Mobile App Developer
1.705053841122196,3.349344406758522,4.012605433770041,1.2284408860285647,2.0821473826852843,3.0981115710764,Mobile App Developer
2.2464932292572297,2.9712411234972684,4.537671700978449,2.1053342326015554,2.104767115131397,1.4541874139204487,Mobile App Developer
2.116924012894799,3.517721708208472,3.5819689239499874,2.712247910623474,1.954146987927437,1.5561152442307296,Mobile App Developer
2.4988160384601223,2.8566028821308653,4.3797574437430535,1.8541206838707314,1.9700869282350482,2.2467801021671456,Mobile App Developer
2.145448528795003,2.0022341097741307,3.439378129952804,2.464704992395408,1.9339317055492264,1.738134348614289,Mobile App Developer
1.3207129923712628,2.460131839362076,2.9891006800190265,1.9493596406492335,1.7007812097094765,1.5167060545073423,Mobile App Developer
1.9659382874160234,3.181985315426369,5.0,1.2440582902183932,2.579690521650261,2.486550780507536,Mobile App Developer
1.6104536303116497,3.1016179772930155,3.7711833753311925,2.0928442902093694,2.754565506702275,2.3028031163156566,Mobile App Developer
2.254304186616721,2.7848453400226787,3.2579716675378325,1.895765894729796,2.6033040774319574,1.2364160717051762,Mobile App Developer
1.4724553159116525,3.063133868117034,3.5076726075763687,1.6037382764423938,1.7882007091359116,1.3171912979049254,Mobile App Developer
1.5129390768918158,3.3517139583936544,3.346315108884518,1.2010639327525812,1.6849875102330527,2.3659777512549227,Mobile App Developer
1.9015390960015552,2.767709460942191,4.022179398757803,1.127146283570174,2.247352826887516,2.1917175157018223,Mobile App Developer
1.7953457629521394,3.5029622558982085,3.4362519505234808,2.5639544966267844,2.0772468327976257,1.8317237050609134,Mobile App Developer
1.9900631823158441,2.946367617094529,4.610141448208859,1.4616604362644932,1.6187403804267009,2.51815144603624,Mobile App Developer
1.7022325324080705,3.4502665386657956,4.849717991504355,1.7991024865291831,2.3406811632876527,1.4231538593300708,Mobile App Developer
2.3773666490339047,3.0997119929933836,4.236519141080108,1.6772139639823025,1.1694582922164138,2.2516260323747526,Mobile App Developer
1.0,2.8413247538787325,4.4705909332099845,2.095948867936518,2.9741713223949064,2.5125545762908867,Mobile App Developer
1.6730508058372118,3.0136566899257193,3.976314648727782,1.2089116183269364,1.5298005417578233,1.7196195465100699,Mobile App Developer
1.0,3.0237467341258215,3.8754640776734797,1.163553049344213,2.202106432638666,2.35793637234548,Mobile App Developer
2.1135172394324444,2.8379659123955148,4.295721075875927,2.3401101802383457,2.153701784859844,1.5876938747826195,Mobile App Developer
2.1383003827555904,3.5977403254127394,3.7016854706941347,3.0489696695662154,1.7371845330073077,2.016203506670068,Mobile App Developer
1.6637572019968319,3.11163541796013,3.1288891536823624,1.7269791005916395,1.4539393998257164,2.0676691739461455,Mobile App Developer
2.497223687754454,3.3230030935572756,2.814170319570554,3.02103482646394,2.147639970310434,1.6117504297535,Mobile App Developer
2.0785639594954706,3.0880949112513463,3.666575641524218,2.0989583336710376,1.6962638561898464,1.7978190036549886,Mobile App Developer
1.6568604321224578,2.2836643551301736,4.072918235107692,2.292649718258169,2.2574417980381862,2.409962626317617,Mobile App Developer
2.162170105007434,2.7336372508915483,4.419831932215595,1.3212412300790324,1.5496643087437598,1.5178999642883777,Mobile App Developer
2.540028029569655,3.471394257070038,4.243652618522497,2.5359649326058986,1.560358608794006,2.17429755993049,Mobile App Developer
1.9374127858084178,3.423441051942457,3.9423878837239013,1.8075285557949594,2.270454259280495,2.438084583595616,Mobile App Developer
1.6658274025765991,2.969462164323812,3.4707796831791735,1.0,2.1002298157068644,2.304452678127316,Mobile App Developer
2.1310334045433628,2.0252191411228164,3.824575284961763,1.0,2.6848505538270926,1.456972708940957,Mobile App Developer
2.627701804729948,3.472934821842073,3.549704823731969,1.4336075243661275,2.175185108193169,1.5778379814084644,Mobile App Developer
2.051242321079104,2.758586204596541,3.1094207927671835,1.0,2.1133421242472985,1.7192211268346873,Mobile App Developer
1.7234550915429339,3.347931919546893,4.586721138316222,1.8637276393190954,1.8297006465450694,2.250071516556942,Mobile App Developer
1.3215322151502122,3.1115765273738485,4.275942985911077,2.3401151042088144,1.0316236487487676,1.6193223650955297,Mobile App Developer
1.5608683735882667,3.0499434772046063,4.240372289883992,2.7483552037229906,1.7525172598159635,1.751213750845393,Mobile App Developer
2.5748360094393736,3.1482884692651525,4.633825755593987,2.1443640015049183,1.4214416906433645,1.3334358226110967,Mobile App Developer
1.2242438754705356,3.3310259173792365,4.594298411543504,2.9246810706931905,2.4215526661616202,2.581419288767493,Mobile App Developer
1.7099918336731577,2.4217920916280717,4.425039666208777,2.2088403761197,2.0537221871704463,2.193685740316495,Mobile App Developer
2.1615927412291027,3.6419084299267808,4.647492792408478,2.2721101761701736,2.4229014362814643,2.257031276212388,Mobile App Developer
1.7694151339826905,3.37828233745657,3.3027524655703693,2.5269457761479415,1.4027385301169826,2.1429016433973667,Mobile App Developer
1.5774230207869206,3.2766944915372136,3.9830373870360454,1.2026220209183338,2.2103498155092396,1.7110396115836446,Mobile App Developer
2.4405733604066846,3.0006628443672034,4.197710492694019,1.521215522492394,1.705333884286319,1.7706806819494578,Mobile App Developer
2.4283512401212777,3.8386885439027445,3.5974141241285618,2.5384240723288403,1.0,1.4029052994538553,Mobile App Developer
1.5206107719066126,2.3237456552796387,3.20820580510621,2.2064994560688986,1.8929661511360694,2.189702698802555,Mobile App Developer
2.3452363430607566,3.1328084965862666,4.328881588075187,1.9652338568788652,1.4065033058471277,2.528907090410398,Mobile App Developer
1.7054439336094365,2.532201850618787,3.911041062097801,1.5435945403517435,1.791284809005284,2.172026960781733,Mobile App Developer
2.1741708696230635,2.5510849667871853,3.7561473135256276,2.537166502385122,2.2482000588669706,3.037532519674271,Mobile App Developer
2.590064086870764,3.5721465342799696,3.306065724772099,2.381930175816711,1.9734465991515446,1.7245090982308753,Mobile App Developer
2.0840076702662644,3.4726057673057418,4.250415795502105,1.56076309932897,2.37122945679631,1.681206228962018,Mobile App Developer
2.108341559482143,2.848324966261433,3.8905668741321873,2.383121487520255,1.479903140092051,2.9725975371384665,Mobile App Developer
1.0894569653527517,2.7011661583725717,4.1851059449708705,2.292157083217655,1.9497621397141474,1.9713046484992287,Mobile App Developer
2.2052750426638084,2.88446526127116,4.696590628967453,2.419674557115801,2.4364121755028174,1.5169216383147914,Mobile App Developer
1.9603057877971486,2.849767025639648,3.497199312155267,2.1800820919728836,1.7311771211100917,2.3277019149251186,Mobile App Developer
1.4649042185528343,3.8595203064209107,3.551833670703969,2.109651168600218,2.395929655194034,1.7146797848999435,Mobile App Developer
2.4262343217164752,2.385408201099792,4.72605884959128,2.007074632482879,1.70179429601556,1.8504091137862828,Mobile App Developer
2.4044596346963596,2.707772354074781,3.6253211552886113,1.889231701208131,1.411518943615016,2.910271953970908,Mobile App Developer
1.7168027043926384,3.415808393090202,4.104735041823886,1.507732974759016,1.9970226453936353,2.3920013896553742,Mobile App Developer
1.9058693324568468,3.596556472925514,4.510757696390932,2.4594574273291645,1.7701716138635015,1.4600787761092566,Mobile App Developer
1.6932061973186028,3.09812047033336,4.272893356766177,1.0,1.995943399194125,2.0790446126615922,Mobile App Developer
1.8612278718422242,3.6456369195079397,4.210890037125435,2.6550959540404486,1.892019739824884,2.4687387462534627,Mobile App Developer
2.8175331972637596,3.6558467246363304,3.4539292032856332,1.8731619612288095,1.8274176472751018,2.244627267538164,Mobile App Developer
2.3431767775072667,2.580553662987132,4.033919256958469,1.0,2.720972502900945,1.7438128796616532,Mobile App Developer
2.0279319699222484,2.8451751430059695,4.573013787506707,1.0,1.9916948288370455,1.947090621251151,Mobile App Developer
1.7731818062041587,3.863113272817816,3.5563352705721143,2.3858980886178305,2.1781263943530416,2.630759626267758,Mobile App Developer
1.6664054576112473,2.6335155504381205,4.548034953738699,2.212660654165055,1.2275313266616208,1.7303474927683649,Mobile App Developer
2.1931913269240306,3.4188821107732945,3.6603846734035224,1.0,2.2616115928685168,1.389839655028012,Mobile App Developer
1.0,1.5838370375079296,4.406990430098871,2.0643087252024834,1.887171809643874,2.6945121814813806,Mobile App Developer
2.318662341511536,3.8081500213609583,3.303632263916502,1.9827246880230183,1.1916433125259929,1.8853088340722663,Mobile App Developer
1.8756920731166613,3.3133068186315353,4.022781940570949,2.311703569139958,2.351720066569447,3.0774643386915708,Mobile App Developer
1.8423516723569378,2.5294886496668103,4.123041807658204,1.5988599864302282,2.740980384218268,1.8583909805273837,Mobile App Developer
1.7172118160630048,2.764342139424441,4.35920871173582,1.9211265083842575,1.679166589934809,2.8326759588117656,Mobile App Developer
1.571915079669125,3.0177830370164966,4.326153075805115,1.1843324447914634,2.2401302507029626,1.4724461622597753,Mobile App Developer
2.411391390417001,2.518674494040512,4.34638451592443,2.5529165331473562,2.4307182628164026,2.125658324119051,Mobile App Developer
1.8843495285351504,2.711790211832578,4.735517345408552,1.6502523899161785,1.481466963215002,2.332684467516415,Mobile App Developer
1.6019315984067524,2.5249682512669365,3.2781978689151177,1.758545080269741,1.9586424880517534,2.1215458638303493,Mobile App Developer
2.4756531221497418,3.263448961832897,3.90456389022341,1.90090216181014,2.2550787344575918,2.6362850814642846,Mobile App Developer
2.0631570997416,2.7654345728947956,3.5035669994572274,1.2773973677938872,2.3331348360217614,2.2889892618197787,Mobile App Developer
2.2886817625533307,2.935670276823972,4.703467372945875,1.7579407527075912,2.4776346186036027,1.9806285525052285,Mobile App Developer
1.6958246176603313,3.2962651536588807,4.204818059341997,2.1784863796334633,2.0406392110280995,1.9810534591415845,Mobile App Developer
3.1941859964352193,3.5921283225980867,4.361413447492756,2.0558995791016943,2.5035786002983347,2.258997388195726,Mobile App Developer
2.013102376387018,2.8482178373670424,3.959541331168656,1.0,2.1053004196488208,1.7557619599448202,Mobile App Developer
2.796334999141442,3.009672035405877,3.405518290232519,1.9750599229359411,1.476939457468748,2.236703707856233,Mobile App Developer
2.145473682169743,3.478919815554134,3.604559104152717,2.017004048114073,1.3174891022866824,2.3507473909623573,Mobile App Developer
2.259435590220061,3.2479025105137853,4.000809515678471,2.2073864453943957,2.802169554154298,1.857452871478993,Mobile App Developer
2.0693225918550424,2.456936850409295,3.5658695192008336,2.0489066465466537,2.5519667733509537,1.8718595878742137,Mobile App Developer
1.882041735343938,2.7965573777478125,3.7326216645778385,2.1474857278544106,1.2513711774106777,2.640469788333364,Mobile App Developer
1.6672888509352697,3.3609517427190707,3.365000701303062,2.3344200652731093,2.3359723039072486,2.1921010360029483,Mobile App Developer
1.5027857391001038,3.1247740947990383,3.4084719076328054,1.8736183724519073,2.514706550477663,2.3983509635353712,Mobile App Developer
2.0075914712702168,2.512596712038579,4.322793856087097,2.0096906188490125,1.0,2.391314913158259,Mobile App Developer
1.987883583065154,3.601225623991536,3.4523647405785978,1.0,2.1395419291725926,2.1457818383409863,Mobile App Developer
1.154664186196774,2.510750227066697,5.0,1.8471946929230982,2.3654794881881083,1.6746700863158082,Mobile App Developer
1.0,2.9148708766020475,3.8671977198569474,1.8000608806658143,1.9426795822468037,2.132134135822818,Mobile App Developer
1.9249415243730967,2.367996916026318,4.24309239578097,1.0253141223387883,1.0,2.369590247350784,Mobile App Developer
3.2535101360676784,2.971302317462982,4.302275747622464,1.0,1.868626626156748,1.0,Game Developer
2.6304856709883837,3.32616516908834,5.0,1.0,2.378244177158049,1.0,Game Developer
3.3297256205568058,2.5980257926362595,5.0,1.0,2.660207004891917,1.0,Game Developer
3.3138031487809156,2.8602462683517333,4.920847260995168,1.0,1.5771634477529435,1.0,Game Developer
2.968675888939089,3.1206201242033647,5.0,1.3989972748061181,2.4617543080236843,1.0,Game Developer
3.4343862502953857,2.406831786445073,5.0,1.3098693923514344,1.044341554168748,1.0464896232647047,Game Developer
2.765751943319842,2.6206173710323126,5.0,1.0,1.596811535440975,1.0378474700025466,Game Developer
3.342794873149208,2.9291757069949367,5.0,1.2654878309820452,1.0,1.0,Game Developer
2.7190789503241506,3.239680476714711,3.687591471812944,2.2745048543588613,2.2655130474471052,1.0744384019588455,Game Developer
3.5907838582095732,4.171827026406312,5.0,1.47440654823581,2.065345012232191,1.0,Game Developer
2.7621022779975495,2.5869440041427287,4.656492950150251,1.0,1.9620642746574883,1.0,Game Developer
3.095458262071855,2.9818346959788293,5.0,1.0,3.5384301850902515,1.6800579500901565,Game Developer
2.3777287499576385,3.1164340437134492,4.695996928531338,1.0,1.3299639644380326,1.2161083453796269,Game Developer
2.6593098824652133,3.483913012012602,5.0,1.6869571926057247,1.573806616962948,1.2376828053460052,Game Developer
3.3162271083211503,2.7629109124480173,4.614114021303562,1.8047603328879864,2.1137479378660267,1.317983875355869,Game Developer
2.5889619940860364,2.3903577667389033,4.715275112753945,1.0,1.4678899965913255,1.0,Game Developer
2.1557474059657498,2.439976288765064,5.0,1.301895260138947,1.804061617306567,1.0,Game Developer
2.4862982242369944,2.813365877029343,5.0,1.4641228456721622,1.7517341322590154,1.0,Game Developer
3.1339218189331666,2.5882325146870753,4.740873680569399,1.6626380452185188,2.413557714282884,1.0789871561257258,Game Developer
2.3640404994436386,3.1056982837353293,5.0,1.0,2.6755570449933574,1.6463726447591034,Game Developer
3.831866416071737,3.1526215632656767,5.0,1.7070936441655449,2.2236969685344876,1.0,Game Developer
2.7757285817360695,3.1192774768868694,4.354719289026891,1.0,2.5482735591151267,1.0,Game Developer
3.7672410508972574,3.5611871093515797,4.770117692084762,1.271695413935905,2.0015738634531632,1.6149951842193415,Game Developer
3.4913415713849707,2.2999646384084955,5.0,1.0,2.04141628525905,1.0,Game Developer
3.8740685345604176,3.520030909951288,4.630114418013516,1.0,1.807163684511076,1.217251323045653,Game Developer
3.1201029219731113,3.626566412384122,5.0,1.4847845128764534,2.1634277003052187,1.0,Game Developer
2.902150734426549,3.5300448699543328,4.974238535737677,1.2515451843118734,1.8406258423769335,1.0,Game Developer
2.938327967976945,3.154523721516327,4.672156140269278,1.0,1.5302683790070086,1.559622458782048,Game Developer
2.852772121205983,3.7263777725630916,5.0,1.0,1.4957756337263253,1.0,Game Developer
2.263981463486604,2.31308258755067,5.0,1.057912293613473,2.194802262045994,1.0,Game Developer
2.401016785391369,3.4435398882231434,5.0,1.0,2.2824211793000613,1.8178989030679076,Game Developer
2.889478768231475,3.034684901329035,5.0,2.1960548176369965,1.0,1.341611507394404,Game Developer
2.942598875620468,3.28338586309209,4.671313723002638,1.0,2.3557052897327475,2.5564551005219203,Game Developer
3.4040180947010357,2.5759672009847456,4.788120158988648,1.0,1.1021784136849924,1.0,Game Developer
3.3664145409108723,2.3628839404616024,5.0,1.2438874105421691,1.632883339014481,1.0,Game Developer
3.7991609038205167,3.366773906752933,5.0,1.0,2.03830453522583,1.0,Game Developer
1.9476252471404927,4.021088955267365,5.0,1.1990736325612685,1.9710461250615456,1.0,Game Developer
2.9070377595256147,2.2003026189028443,5.0,1.0,1.4840168580764104,1.0,Game Developer
3.6440378624261887,3.007254499631327,4.381932101984769,1.6271691803786696,2.3655003133927406,1.2692174786082262,Game Developer
3.35786712058542,4.197180950291226,5.0,1.0,2.8119424964055764,1.1915840948794503,Game Developer
3.2495479080688745,2.1538645841783355,4.914807117305902,1.0,2.4140294074466544,1.5355402502014024,Game Developer
1.9627568244918443,2.9889825679978648,5.0,1.0,2.364531822501182,1.175582733813542,Game Developer
3.170830115976313,2.864342510965851,4.391709597932145,1.0,2.3546762572276587,1.0097291277594416,Game Developer
2.9307438776963877,2.7880549788388236,4.847405577259624,1.5234558972440697,1.8323779590659866,1.0,Game Developer
3.3718258877700866,2.8975616680676413,5.0,1.8037891531997552,1.9897197213247464,1.1445918365593626,Game Developer
2.410538254350837,2.89016527382452,5.0,1.0,2.100422546557855,1.0503955363224031,Game Developer
3.0206437277937197,3.5185794493291214,5.0,1.7390359491782221,1.503205242202982,1.067962283609174,Game Developer
3.042233393194974,2.46537275312246,5.0,2.1623366529264088,1.9914969627580845,1.2525105441368836,Game Developer
3.042259237907664,2.643207665046412,4.089619861098992,1.0,1.3040208095241343,1.852051039029559,Game Developer
2.9424451530383804,2.827040335476415,5.0,1.0,1.6165679809977238,1.0340361346243105,Game Developer
3.5143844957117403,3.250842522584394,5.0,1.0390588676180081,2.2001179277633875,1.1008264525646274,Game Developer
2.485013862611532,3.023039610816576,4.4631556705411235,1.0405412714504119,1.7596760292558793,2.2696908113914307,Game Developer
2.980052808124144,2.2978802168692054,4.932909894661537,1.259679372818944,2.836681973076262,1.0,Game Developer
2.2087860129881802,3.4084185057154905,4.309700647050175,1.0,1.8711897572445029,1.0,Game Developer
3.344582228537168,2.658182858856806,4.86313537391662,1.0,2.074798978759394,1.0489135873539612,Game Developer
3.21800288761129,3.421919754820869,5.0,1.2267927617546093,1.208888416626761,1.0251138495828402,Game Developer
3.239753774000804,3.364470597285225,4.653824612883103,1.0,1.7129496623582008,1.2682069499456716,Game Developer
3.516940527462104,2.796269946354199,5.0,1.061739904582297,1.937857111418782,1.0,Game Developer
3.3733056823010785,3.162788908393535,5.0,1.0,2.259050851014988,1.0,Game Developer
2.5653565065056783,2.994566431482514,5.0,2.4590867775300462,1.907927092158399,1.0,Game Developer
3.136505358747193,1.9626799812268159,4.954021608697867,1.0080126411475803,2.3973001914726058,1.4868111247139235,Game Developer
2.748215190546141,2.9246929926850336,4.616939584694665,1.0,2.1549473896903173,1.0,Game Developer
2.7926865497140683,2.502413020050381,5.0,1.9007150496332441,1.3492060085983344,1.0,Game Developer
2.9375565573249665,3.0078488979788793,5.0,1.0,1.8996803505872841,1.183755205270301,Game Developer
3.5202154463224193,2.0224756148408587,4.815530280484269,1.1069043969705317,1.541011947694632,1.8655848158836497,Game Developer
2.6822950598856314,2.9793536564963587,5.0,1.0,1.0767134760977914,1.0,Game Developer
3.5147202779635203,2.8315524366074305,4.5767828492705105,1.4628361047513607,1.8346125519884737,1.0,Game Developer
3.0747280448316547,3.385375104809394,5.0,1.4136180538287115,2.579919983194172,1.0,Game Developer
2.487065947015262,3.0311656748095617,5.0,1.0,1.9123527350479936,1.1996588008595654,Game Developer
3.18019669750904,3.252143926692136,5.0,1.0,1.7430496866755785,1.0,Game Developer
3.8923875195925475,3.0067251823096464,4.887573472102574,1.0,3.467828951163889,1.0,Game Developer
2.785576037196963,3.2079184181430302,5.0,1.478966027607842,2.9038042538846316,1.2530788277303562,Game Developer
2.471984600016666,2.8715274374391093,5.0,2.034113020752912,1.3010972607878515,1.6012882526126138,Game Developer
3.0899571847732084,3.4189152676147403,4.949002641682034,1.0,2.375436389700666,1.3272155135528105,Game Developer
3.486028482869861,2.993347682310682,4.700088988340076,1.0,2.409686634069703,1.211944741221993,Game Developer
2.5171086835680203,2.730713163351688,4.76662059402428,1.0,1.5911588016974332,1.0,Game Developer
2.7937604940560314,2.6306512508352187,4.186497539566625,2.0112951152847405,2.6262703655146153,1.0,Game Developer
3.136210698326805,3.2087325449106476,5.0,1.0,2.546053391991213,1.0,Game Developer
2.332068797915693,3.3620682796572487,5.0,2.293954486765342,1.4001373674548931,1.3494598425403943,Game Developer
2.7950993781032336,3.3916793552620157,4.264755224384375,1.0,1.612062588416758,1.0394820228340422,Game Developer
2.679459366730822,3.32952717195671,5.0,1.2997887706226778,2.809393819830434,1.2079133147276715,Game Developer
2.3915516448299163,3.6816882567691698,4.697421882197001,1.455209249842785,2.786867108277553,1.2283440053651995,Game Developer
2.251920593417675,2.5408939167451043,5.0,1.0,2.039786767471083,1.3794122080818045,Game Developer
3.348161431040162,3.1393999061927302,4.895665814389767,1.0,2.4289494126456717,1.2767847655338966,Game Developer
2.8713499996911054,3.5410561564965706,4.935482942435108,1.0,1.6205146505483277,1.0,Game Developer
2.8637949916981564,3.6168621391680964,4.597452409484745,1.0942378805090514,1.6716553271862935,1.0,Game Developer
2.244979394007374,2.889730885421731,4.903147310097519,1.2701439720178476,2.1116404566276854,1.0,Game Developer
3.5420991220217712,3.1051515201109976,5.0,1.0,1.7411212763888901,1.108901169874363,Game Developer
3.237794217964291,2.1265521543272223,4.730619581326952,1.0,2.128085302847139,1.596655502963563,Game Developer
2.614129592701609,2.751019076591079,4.743732944676725,1.0,1.8264067524438687,1.3854011099939856,Game Developer
2.4730822523178273,3.2139071975764515,4.149048884990832,1.0,1.835255349891007,1.8374298364570323,Game Developer
2.862598847623656,1.8993782632745408,4.000555546569375,1.0170147931733404,2.3068854278949544,1.1877279288136264,Game Developer
3.0837850529004953,3.5811297987528334,4.730204389631434,1.4474552780134127,1.1839925574867913,1.0,Game Developer
2.096479302534092,2.862577349665104,4.9768693913668285,1.0570507461132599,2.0309416764435677,1.0,Game Developer
2.904879577793392,2.2512766656971257,5.0,1.0,1.7555569404781544,1.7944701642220413,Game Developer
2.3788767332253853,2.4372064429840155,4.451889837565718,1.0,2.2158158148187987,1.3698377340589167,Game Developer
4.285997658747484,1.8752837728996181,5.0,1.0,1.7067924255556133,1.0,Game Developer
2.5456151645960134,3.842262417301726,5.0,1.0115979892786875,2.6755078762435,1.0,Game Developer
2.3346474343345367,1.9110161339026561,4.650292729938356,1.0808492633523765,2.051429288966167,1.0746709555299403,Game Developer
2.294471584466959,3.401577371307011,5.0,1.3665271407329993,1.053618911204974,1.155745429398895,Game Developer
2.4061173800412368,2.801338373724319,5.0,1.0455468031279567,1.5742300101103406,1.0031365780922092,Game Developer
2.2342323423781787,3.575133697949148,4.897357990251875,1.559274972127663,1.7367341564519785,1.0,Game Developer
2.6179066066810766,3.4380869658465376,4.645284421335762,1.3222977162075882,1.808773801165355,1.0,Game Developer
2.714842966106767,2.4104458928185757,5.0,1.0,2.462987550357308,1.0,Game Developer
2.9112020026206307,3.3279460688937914,5.0,1.0,1.6143998502253547,1.0,Game Developer
2.65697512148241,2.691393876676019,5.0,1.0,2.343966486025714,1.0,Game Developer
2.971479416573529,3.5919937215984445,5.0,1.0,1.6990277790324115,1.0,Game Developer
2.5746933735240263,2.7294965671085505,5.0,1.0,1.3251134653093843,1.8840846465298917,Game Developer
3.1599825955725813,2.2965282997434153,4.7790755363795885,1.0554431914142088,2.8522960466486884,1.0,Game Developer
3.4880203596779733,3.6997432134861716,4.6856728474627145,1.0,1.4818453763131147,1.0,Game Developer
2.9817050128285345,3.3298249990411852,5.0,1.0,1.0163374678870027,1.0,Game Developer
3.14676876498432,3.124708843842521,4.836663376245478,1.0623760498319672,2.757722404176124,1.1908670844812546,Game Developer
2.813315787498458,2.749901091452002,4.915073821161135,1.8183699809153198,1.9083496452369013,1.0,Game Developer
2.7588432145318484,3.5494916787209823,5.0,1.2253065247156942,2.0413864518927127,1.0183914165871173,Game Developer
1.8078466056071272,3.372575432142409,5.0,1.2141710253303626,1.6442689029581476,1.0,Game Developer
2.7944875317484135,3.5108114920365194,4.8106200816984535,2.0413301610548986,2.2154312095075186,1.0,Game Developer
2.9357268533740215,2.674162438921792,3.902808765089988,1.7997354700568948,2.351571271110002,1.2666036589496563,Game Developer
3.082701830149852,2.3089912156537813,4.758191430222282,1.4208903873920065,1.4743899851087487,1.0,Game Developer
2.886446996109537,2.9291212229862307,5.0,1.364259321757268,2.318802906115604,1.129384902621961,Game Developer
3.5977656940433547,2.2405151095933427,5.0,1.3132691816684712,1.3802188569598801,1.0,Game Developer
2.6270289367621995,2.669229278742354,5.0,1.0,1.571825740859398,1.0,Game Developer
3.559316167077106,3.006521687188476,4.910374487321544,1.0,2.6460301671632616,1.0,Game Developer
3.6577541454700517,3.105248149460752,4.919790309012326,2.250450248967141,1.4721802551007017,1.0,Game Developer
2.3837843804179997,3.4762309852680846,5.0,1.8349613907023195,2.611974376573002,1.0,Game Developer
2.817379511255077,2.1644151137529675,5.0,1.2344890390742338,1.7540215475652585,1.6640284444934839,Game Developer
2.5136177416199996,3.203311017111337,4.9136854328545825,1.3193385699401505,1.9682132304069393,1.0,Game Developer
3.037788186335019,3.524432070937681,4.9853917970730075,1.387557560794543,1.4772352571629734,1.0,Game Developer
2.6877447724557113,3.373490420052355,5.0,1.3450368381683062,2.543855213078933,1.3458092875606942,Game Developer
3.136559217146822,2.5008938707442976,4.998606944666549,1.0,1.8279680216478866,1.0,Game Developer
2.5100372126088777,2.021330705433005,4.665928475836116,1.0966897259620796,1.325911477286255,1.0078411182358122,Game Developer
3.9501342121554823,3.5115282776261196,5.0,1.1955639384663632,2.583754911493223,1.0,Game Developer
2.6778298664890077,1.6304298969312636,5.0,1.770161989909943,1.723411377326365,1.0,Game Developer
2.6230689431545193,3.191326775738746,5.0,1.0,2.2047192653211263,1.0,Game Developer
3.056697195983345,3.2294970008371453,4.905898780613589,1.0,1.8930624162226806,1.4851581008941408,Game Developer
3.209379980063748,3.1102917688686804,4.3645241394538585,1.0,2.449334580169587,1.0188482865619615,Game Developer
3.3297657347945693,3.883255900163817,5.0,1.0465791688498711,1.7445054149021364,1.0,Game Developer
2.915807538763574,2.8369937520915753,5.0,1.0,1.8398074702816027,1.0,Game Developer
2.530016085424967,3.2383255204002785,5.0,1.0,2.1639055367870617,1.4762390784764028,Game Developer
2.594553031899875,3.1834070216427213,4.629754946833921,1.4324122192455055,2.0757015239758663,1.1492259069907198,Game Developer
2.6087007012907053,3.3535161798053923,5.0,1.0,1.830120496176238,1.115803737084046,Game Developer
3.3932031059979084,2.7202268573552657,3.58348485492863,1.6795947470820125,2.3802530597920715,1.0,Game Developer
2.696215604110222,3.784091214763663,5.0,1.4693200113394722,1.9119437830200687,1.041493709406255,Game Developer
2.934537097436937,3.5641198916344186,4.562078796752445,1.0,2.5051372934180076,1.0,Game Developer
3.689233677726904,2.6642438965097273,4.972610819830588,1.0,2.0036813407117835,1.0,Game Developer
2.7561832895225185,2.2818730675359413,5.0,1.3582946698798257,1.1348686347578276,1.6669428727502864,Game Developer
4.248707563209927,3.0230031933681705,4.679442869887677,2.412165295501523,1.3405157508487446,1.0100532334345491,Game Developer
3.0898111363159617,3.6725738102262073,5.0,1.0,1.5244078148060218,1.0,Game Developer
2.496536319527428,3.0239126598923414,4.717901910069757,1.0,2.627572894187452,1.0,Game Developer
2.365931597512344,2.915870432756229,5.0,1.0,2.1658238335628814,1.0,Game Developer
3.855514404595394,3.2619802560383673,4.800050004945342,1.0,1.947516146218188,1.306395370791645,Game Developer
2.9872529357074002,2.891420596431572,5.0,1.0,1.8283970365784812,1.0,Game Developer
3.4868631154261838,3.149398890160881,4.613272077983285,1.9493674906776195,2.0435082401961933,1.0,Game Developer
3.428368710735229,3.199024108254631,5.0,1.0,2.2252478618890175,1.0,Game Developer
3.277970725822921,2.0475277729946804,4.783063268510405,1.8610775489040974,1.6164662722998497,1.0,Game Developer
2.7760193307750125,2.392596932055678,3.895859611885874,1.0,2.0679297120408284,1.0,Game Developer
2.9275607190260566,3.021520435425194,5.0,1.0,1.7129587114563651,1.0,Game Developer
3.289673379878388,3.706013439271625,4.685928130415411,1.0494668935144418,2.16917872096798,1.0,Game Developer
3.010208583606459,2.2671630713289526,4.115474848130301,1.1833732039461284,1.8080626293346085,1.1011402038106095,Game Developer
2.991052511495825,2.5117999756681013,4.977372849017832,1.0,2.6954861790007003,1.0,Game Developer
2.902107364515709,2.4788642059763757,5.0,1.0,1.7406666401893949,1.4266007725257772,Game Developer
3.014715295838776,3.258322222967984,4.509337031741268,1.0,2.053603981020067,1.0,Game Developer
3.3132173362269723,2.960045773668725,5.0,1.0,2.9442184698071285,1.0,Game Developer
3.3487934851695993,2.581954164890187,5.0,1.0,2.2260339191298355,1.0,Game Developer
3.014595251967784,3.348987015065049,4.38372984438986,1.0,2.2286621405433826,2.0491107372733737,Game Developer
2.9309588326692593,3.2955680589619663,4.94651426507076,1.9711227973781498,1.1263891665173722,1.047310522334679,Game Developer
2.1872279832189694,1.7467142147316417,5.0,1.0697488980737295,1.8575815311288992,1.0,Game Developer
4.549149717035629,2.8709124309842826,5.0,1.0,2.1476162875203015,1.0,Game Developer
2.794740758635135,3.9094492661001623,5.0,1.0683733236996154,1.0,1.0,Game Developer
4.351513782202542,2.884669166680146,5.0,1.7209712009763005,2.1094819579279873,1.0,Game Developer
1.7823438341085558,3.3420816043044774,4.592621998588226,1.088075225943846,1.3750898302053178,1.0,Game Developer
3.0168595274505265,3.134296790522149,4.442588906323793,1.598455474380676,1.7015526076340144,1.0,Game Developer
2.945488290018268,3.01718765451323,5.0,1.6810662018425395,1.8817755816320703,1.0,Game Developer
2.448407809383453,3.4102767514439485,5.0,1.0,1.0476626532672682,1.7222060975275437,Game Developer
2.3861600177719713,2.704360995315147,5.0,1.0,1.2532451108734284,1.0,Game Developer
3.360498476452818,2.727406877636839,5.0,1.0,1.5392744882855394,1.0,Game Developer
3.1215673275692444,2.7648983306073442,5.0,1.0,1.3092041407682093,1.0,Game Developer
1.8882129160314016,2.7409654902624716,4.849509843803389,1.0,2.621702898593581,1.6140151048040674,Game Developer
2.832598506277749,2.1030394434040183,4.716647445972473,1.0,1.6714325188609709,1.0,Game Developer
2.6732685521375963,2.80672919205112,4.682229450592222,1.104161254312796,2.1801843579524305,1.0,Game Developer
3.6355326630035165,2.509968849079693,4.191099693092331,1.190389035682526,1.5912959327928302,1.160645735378694,Game Developer
1.7981656994497348,3.6962279707415338,5.0,1.0,1.2606114380768572,1.836132952048764,Game Developer
2.6313100482510206,2.582907575633688,3.866973952925359,1.0,1.8861401925821235,1.3577465483847426,Game Developer
2.300460785907762,2.239856603879695,5.0,1.5033650356135324,1.2144238244410586,1.5407570431498705,Game Developer
3.018770920743411,3.545902669537323,4.964889819241192,1.0,1.9240163088419806,1.530071909335635,Game Developer
2.553126990458143,2.806017515546274,4.911933248224511,1.0,2.835673787718738,1.0,Game Developer
3.2528677162363993,2.9566494319258956,5.0,1.2030280612140405,1.8825378642395127,1.0,Game Developer
3.3989253506910693,2.0632793480226916,5.0,1.0,2.62614183097832,1.0806497713313477,Game Developer
3.322061883925054,3.04099440691236,4.123811452429502,1.0,2.336194668805691,1.083327908679922,Game Developer
3.5904949526528362,3.201637281518586,4.51664905464867,1.0,2.0514586952616187,1.0,Game Developer
3.8367209428114926,3.2208733681887787,5.0,1.0,2.622282580177628,2.1157494555138743,Game Developer
2.3395608223113413,3.3857008974518834,5.0,1.0,2.246441985925935,1.4168016024186743,Game Developer
2.6994367236655767,3.5829582601276115,4.166618296605401,1.0,2.068298697794376,1.012692638986136,Game Developer
2.6417132557879475,3.404797217985943,5.0,1.429069535467008,1.9384317823238661,1.3012901339891705,Game Developer
2.7771748484850027,4.026909345043298,4.593727114939007,2.0526487147291563,2.0174439735447045,1.0,Game Developer
3.6840396752443008,3.0629506941974793,5.0,1.6119279592712967,2.1689777770725125,1.0,Game Developer
3.487856688834625,3.0003777537272978,5.0,1.0,2.223490858504926,1.0,Game Developer
3.8266548185892653,3.3115436739445476,5.0,1.2431549966751108,1.500779573561641,1.811628345264027,Game Developer
3.9956852092084523,3.196456755274108,5.0,1.0,1.6014432168875097,1.0204623743644614,Game Developer
3.217470519183949,2.8030066593784397,5.0,1.153194741036707,1.5008466123544726,1.2593965087258607,Game Developer
3.431764121260761,3.0857346587951953,5.0,1.0,2.2339752110659257,1.0,Game Developer
1.4429593208834564,4.684534583131105,1.5289699082128776,1.0,1.8929248446444056,4.418577243165692,Data Scientist
1.8394204806471488,4.207187146615204,2.57003392324758,1.0,1.9706397864476857,4.223268253470356,Data Scientist
2.0998052092013912,5.0,2.2395015716963793,1.0,3.0892810869958307,4.097166731669117,Data Scientist
1.9263298866892469,5.0,2.124725472965036,1.1996140964696635,3.2460919993003436,3.8624392858724765,Data Scientist
1.841119552991302,5.0,2.535757967790519,1.0,1.0172220542617474,3.7064423646899263,Data Scientist
1.1830385204703564,4.787584326237181,2.2512498480646452,1.0,1.2865867116093288,4.034668580857674,Data Scientist
2.431271742307585,4.152513280741694,2.4101161991529922,1.408653101869163,2.477042551078314,4.609240107435843,Data Scientist
3.1010069623298078,4.821953975690472,2.0547857900389292,1.0,2.0009884223779055,4.766436677818156,Data Scientist
1.3274927580346656,4.569475163917212,2.6885904682522805,1.510018253451045,1.818434176591461,4.42720100056036,Data Scientist
2.1706079212460168,5.0,2.0372547969133863,1.5128160569362912,3.32100595524631,4.299049577523733,Data Scientist
2.024664082897422,5.0,1.8173595708980574,2.193983852762366,2.0900355188479907,3.8635333398872436,Data Scientist
1.5821554974899819,5.0,2.4335937064138693,1.0,2.2882256725612113,3.2457220158935716,Data Scientist
2.092485287536578,5.0,2.8536649047796114,1.0,1.3608236855988378,3.5522860195374792,Data Scientist
1.33171574984254,5.0,2.7743196475120184,1.1601082889744145,2.610647472842574,4.066979190290118,Data Scientist
1.952444176149617,4.833481190473119,1.8448045043112173,1.0,2.1321273818036697,3.979833044892978,Data Scientist
2.372680362038938,5.0,1.9186481492154541,1.0,2.0360766184108807,4.369118615408081,Data Scientist
1.4283305044580696,5.0,2.116521475764742,1.0,1.706071847546,4.1153054243831075,Data Scientist
1.4332894908536886,5.0,1.5523228131704,1.531426846516608,3.1689138726941497,3.56962159914909,Data Scientist
2.2671039311873376,4.636629047558991,2.520477086898895,1.0,2.240293379213856,3.5635055165553235,Data Scientist
1.8965077054508157,4.484487362426346,2.411175235447877,1.0,2.275982129665914,3.8279509858688336,Data Scientist
1.9427638141005685,5.0,1.6190876641705756,1.1051835567704436,2.7651672821772055,3.610952607083643,Data Scientist
2.5859050716369225,5.0,1.591922505485978,1.0,2.1509804500858825,3.7262962386165634,Data Scientist
2.9343016095815013,5.0,1.5989002959824103,1.0,2.5449524795454153,3.714408012957907,Data Scientist
2.021914399730214,5.0,1.7578708240345848,1.0,1.9917157950887399,4.341662255758046,Data Scientist
2.295372167755163,4.889943134372586,2.031824530748259,1.0,1.2611937965402777,4.128800428699065,Data Scientist
2.946095880416534,4.558140429654468,1.6134851451986485,1.0,2.3622958893615613,4.22424272709822,Data Scientist
1.9207311537917717,4.540990469180517,2.046188395819962,1.0,2.0717132834287466,4.435762193043967,Data Scientist
1.374400431683161,4.233740861585169,2.78971894584743,1.0,2.5679739229719107,3.9230011674010843,Data Scientist
1.9190225915293362,5.0,1.5580005716267797,1.0662485717478227,1.8092552925879537,3.339753278297484,Data Scientist
2.1687410373631995,4.868346096561042,1.9214875857776461,1.0,2.795700183881402,4.4383570931930585,Data Scientist
2.482077942085989,4.847277648779159,1.13540855524829,1.9764586912447553,1.969451245997066,3.6256001019899733,Data Scientist
2.208400787241557,5.0,1.988474721957267,1.6392875839696872,2.5414999692584344,3.461809406298971,Data Scientist
1.663104947170262,5.0,1.0,1.0,1.284584399187664,3.7617230992832376,Data Scientist
1.850589955485398,4.8208778110462465,1.7238693739436957,1.0,3.145955633409343,4.933731002080675,Data Scientist
1.4189670898718585,5.0,1.8002672547635736,1.0645937366658553,1.968363020051542,3.670125679373017,Data Scientist
2.4919261718030734,5.0,1.7617242883903792,1.0,1.5532024931404398,3.1793099421989517,Data Scientist
2.006111774207585,4.401667203857802,1.8672197437407294,1.6850509268051854,2.599649786460793,3.983861552948691,Data Scientist
1.956457636928425,5.0,2.2603780601793555,1.0,1.286990941439774,4.196936609082371,Data Scientist
2.414661886291431,4.684174237743178,2.145601377569016,1.0,1.9079838004004985,2.7560889712188343,Data Scientist
1.8891092981419322,5.0,1.684298722216721,1.0262631841076582,1.6220246466540398,4.180220838146386,Data Scientist
1.8917384012319132,4.530379229658997,2.6662757338325638,1.4644660067661075,1.6975466180359127,4.248894154708888,Data Scientist
2.2687060014101905,5.0,1.1528720520024611,1.503303270516314,1.7151505185371343,3.8210860332793666,Data Scientist
3.3189408761301,5.0,1.8068387622764122,1.0,2.694882066973178,3.327395164595699,Data Scientist
1.4982805482502481,4.834323850456076,2.7082058958501465,1.3866199933328796,1.92108124507987,4.15414603181941,Data Scientist
1.6998071535644472,5.0,2.036668372389068,1.4843849478406765,2.4835890612194746,4.246988691102822,Data Scientist
1.8188262212269488,5.0,1.9540157668984768,1.0,1.7983561040445306,4.042263491892162,Data Scientist
2.4551078918323728,4.908235913921423,1.395400644380197,1.0283708416484096,2.056728020028276,4.092918814451377,Data Scientist
2.459935757977215,5.0,1.7028945638091666,1.0,1.4799006445222633,4.349407835140238,Data Scientist
2.7244100541688576,4.842459036045538,1.8792847176375034,1.733391278449488,2.252778926607504,4.218117852400527,Data Scientist
1.4045417470131367,5.0,1.5354318297451208,1.0,1.826614211616644,3.707103638275655,Data Scientist
1.8892001528074804,4.279509182737541,2.479408153233836,1.5638431472582144,1.0263287629295927,4.4892289028332755,Data Scientist
1.5947356850891867,5.0,1.9657767536667923,1.0143877820404994,1.9074511752893906,4.606064602116743,Data Scientist
1.3802059937374858,5.0,2.550665082444775,1.3581700402702053,3.162349457161709,3.7355266186376506,Data Scientist
2.478652411296766,4.94695468232929,2.6167030381763348,1.0,1.8060621090687652,4.653036101935815,Data Scientist
1.754219030490535,4.293637120549722,1.7415765584130858,1.3095164732942663,2.696019375793546,4.055564687648256,Data Scientist
2.6590985336170125,4.3209125392612036,1.7783682675910486,1.0,1.9427202862637403,4.042047194125098,Data Scientist
2.3454554786960964,4.7775965809147545,2.0695143434765626,1.0,1.537055048054425,3.943166655459282,Data Scientist
1.928170235051441,4.917459717498477,2.0158797282907255,1.037836770306693,1.783852410446335,4.636357366985632,Data Scientist
1.4152596853984916,4.639514945765052,3.389981812111778,1.0,1.3231226626451207,4.3672383725006085,Data Scientist
1.0,4.882363045013781,3.0729124625382442,1.0,1.0090177571306433,3.2504093990211507,Data Scientist
2.449179784173493,5.0,1.7437056015107455,1.3416062020005344,2.695127663755995,4.8936732072149125,Data Scientist
1.876832359410076,3.8492641411650066,1.5895605387951566,1.0,1.8705306017108048,3.9060702994956404,Data Scientist
2.5594472989653347,5.0,1.9141631730376083,1.5492424380259093,2.1788306833155446,4.032252986431286,Data Scientist
2.4532720785549817,5.0,3.028905588548881,1.0,1.7424145504539912,3.936740551523025,Data Scientist
2.2197263452289953,5.0,1.9878007163819216,1.0,2.4212569482275024,4.377479383070982,Data Scientist
1.029070670310297,4.9980979331646,1.204929084659851,1.0,1.5485955365186002,4.404632349120993,Data Scientist
2.0584150870860918,4.357204499621986,2.440032981478671,1.0,2.165056895235472,3.592994665354222,Data Scientist
1.81716145873474,5.0,2.2607246995297645,1.6684845367779801,1.9588731501642733,4.153225431481671,Data Scientist
1.7811313387978376,5.0,2.2197430240042557,1.0,1.0981247579537519,4.165735448165448,Data Scientist
2.1822807386777283,4.659913261826024,1.3578064819637428,1.7379395752519828,2.245722755447201,3.8854594845391452,Data Scientist
1.4314835584262564,4.589092585789327,2.651295198393116,1.068830970434023,1.7247064664996468,4.254844615612328,Data Scientist
1.592800906276838,5.0,2.6764002674483627,1.0,1.6856648764845699,2.69093340065386,Data Scientist
1.259209614224316,4.330265112521122,2.067595170493693,1.0,1.3273322562923793,3.859417978767721,Data Scientist
2.2526685738236742,5.0,1.0501648595705593,1.0,1.308329611514195,4.450864348570137,Data Scientist
2.392073208176749,4.550986386837771,1.6169773987998002,1.0,1.0,4.167984086720288,Data Scientist
1.8635777268299347,5.0,1.4507953910187237,1.0,1.2467373709804423,3.4978547182528734,Data Scientist
1.4090090019658905,5.0,1.6508690756243038,1.0620878423723068,1.8096182980690978,3.3652673669935935,Data Scientist
1.9158497884141787,5.0,1.3961203037283239,1.4045563953656894,1.5751395392611518,3.7585080369635797,Data Scientist
2.265341561505024,4.668281921390256,2.018787429667933,1.0,2.064684003351909,2.809630447238251,Data Scientist
1.0851590923959584,5.0,2.5185907028245254,1.0,1.877985823914433,4.147359626451151,Data Scientist
2.346608800829352,3.986161364164576,1.5569798765108114,1.0,2.3515700986180246,5.0,Data Scientist
1.8859971365951411,4.296511268948006,2.201134038600649,1.660497894770355,2.0540070604897505,3.5466757274228535,Data Scientist
2.4789969707400097,5.0,1.4869595779021878,1.190712808767171,2.498632783829436,4.590945021279447,Data Scientist
1.966775512345272,4.82096027691034,2.6136369110406314,1.0,2.2192896454605027,3.3149866863177855,Data Scientist
2.5326881361298015,4.870977242194419,2.6342916178237346,1.2457063781777635,1.388389884969035,4.712313866038622,Data Scientist
2.7756226332138647,5.0,1.61920606748189,1.0,2.07271360870288,3.6481448003342836,Data Scientist
2.8461732862316023,5.0,1.0,1.1696779063781102,1.8259213015913434,3.962536721940776,Data Scientist
1.8156903171071501,5.0,2.5598438892766904,1.141526581129327,1.8303444064309204,3.979331397595415,Data Scientist
2.009799808288814,4.598784980067582,2.2894643242856176,1.230021161930233,2.770220619888337,4.627674890144237,Data Scientist
1.657162541204935,5.0,1.524523308452764,1.3479660504704247,1.7416929006199462,3.488373388312208,Data Scientist
2.140022671348702,3.6627164359229294,1.1245122127973861,1.0,2.041220883317421,3.8153406149209057,Data Scientist
1.2102818506412008,4.591054078930747,2.1956046636186968,1.2908908853141812,1.9918884412020295,4.578416890518494,Data Scientist
2.198698511729617,4.626272173020894,1.8597489732941912,1.0,1.9459305048042916,4.5560503096106695,Data Scientist
2.342645042355484,5.0,1.8485573781005034,1.6730498972571288,1.903347886776015,4.735792541284947,Data Scientist
1.989071626278938,5.0,2.7375561821549277,1.0,2.1091944937720872,4.644431712603151,Data Scientist
1.9334984180349681,4.339553858746919,3.071503527292455,1.0,2.0793780254687713,4.5780033347255635,Data Scientist
1.695753048134399,4.496066043388935,2.1268686483874166,1.0,1.8560469615660398,4.122519332157703,Data Scientist
1.865024051587418,4.228274528407127,2.797088978102006,1.0517690769745878,2.7155760588808704,3.8699818749097776,Data Scientist
1.559994009154618,5.0,1.8921064368358902,1.0,2.7348921293937476,3.688864888553002,Data Scientist
1.0798668076022158,5.0,1.7478509920936884,1.0,1.117306206485013,4.870470743298496,Data Scientist
1.3552597063951564,5.0,2.45631016127022,1.2108584665015485,1.9701728440039041,3.1491670708562918,Data Scientist
1.595137582116358,5.0,1.6064129650065018,1.101679729999384,2.340871704407571,4.481251442900051,Data Scientist
1.3869103210936582,5.0,2.3837396722770654,1.0,2.54476829153832,5.0,Data Scientist
1.2806399494715652,4.887368678754323,1.0,1.0963257663240122,2.1826971209625703,3.9804189422786203,Data Scientist
1.6727332145008451,3.9752427419058374,2.1867668417058845,1.7277172419576625,1.704490772133284,4.220029964511572,Data Scientist
1.2159278432899747,5.0,1.8033088511276714,1.0,1.6198181793919346,3.803194208983495,Data Scientist
2.1912166578462675,4.3439183994022414,1.8014423342160737,1.0,1.4504803877340704,4.8983326008375085,Data Scientist
1.5732522599693293,4.665281543183255,1.510846025088751,1.8992400435690588,2.2764526142997408,3.531703996878179,Data Scientist
2.5531157794299846,5.0,2.128626710555751,1.0,1.6252920065215133,4.168883049527301,Data Scientist
1.7274563850022049,5.0,1.365354447378448,1.7680783864274727,1.9443405756010996,4.1495428670105525,Data Scientist
2.4165788833147173,4.684875352497782,2.432124192349318,1.0,1.6400052333890305,3.5379685963294674,Data Scientist
1.3732469938141192,4.892522580960525,2.1928749840908472,1.351329999249653,2.1204383786002037,3.6671532675532266,Data Scientist
2.1845082189125837,5.0,2.468028083968008,1.3884683514657583,2.0152382069603143,3.5513734969193718,Data Scientist
1.6735249220839596,4.725105320180983,1.842366833041872,1.1340252137948768,2.357587195064029,3.9744406534923113,Data Scientist
2.0080623939502362,5.0,1.74204734343383,1.0,1.122281051344645,3.652425320961564,Data Scientist
2.2365727266338933,4.648544280980216,1.88109648128703,1.2332156437061585,2.2603447482113346,3.4602335739169803,Data Scientist
2.498529678226821,5.0,1.43507507139072,1.0,2.5955453415730956,3.9265732393723494,Data Scientist
1.0,4.3001592476336565,1.8753151874137595,1.0,1.7932881146817794,4.01619810684179,Data Scientist
2.7311273020173643,4.854773041886105,2.5362708997863797,1.7143800810183851,2.717154834676038,4.142377296692784,Data Scientist
1.0183554260805128,5.0,2.5241999439067704,1.0,2.8722919350376244,4.429916780733729,Data Scientist
2.284136688576392,5.0,2.166684925630439,1.0,1.7504305242648173,4.598584013623927,Data Scientist
1.596204329950852,4.88826374738153,1.4775818430484644,1.8919612976008846,2.8407462287090075,3.5580655524296354,Data Scientist
2.073649000194542,4.659752976117976,2.307472319515689,1.2548415386211644,2.4058527858066325,4.165959223853943,Data Scientist
3.467703103194234,4.486038117494631,1.1446983227817429,1.0,1.2160058672198661,3.253768864997004,Data Scientist
1.4993426729010166,4.538905547284187,1.52269094902497,1.2591094752227057,1.746905469457332,3.9102427125637598,Data Scientist
2.4471163872504675,4.616838737609287,1.8677270506476389,1.1828799930464577,1.0292160996898894,2.8075472455247086,Data Scientist
2.1730586643988614,5.0,3.0321100674262054,1.079047437933405,2.4098698586290475,3.9022636782070133,Data Scientist
2.1486136107925433,5.0,1.0,1.2068081287858403,3.067793365038683,4.141017109604671,Data Scientist
2.825286481616424,4.685393925235279,1.9839762529181433,1.0167623511942938,1.0,3.4159110860749,Data Scientist
1.4515624603080068,5.0,2.4360765528420276,1.1620182213532666,2.412051448427853,3.917925293639113,Data Scientist
2.6009658347697715,5.0,2.028932023713378,1.0,2.342225238818214,3.7894005916935436,Data Scientist
2.488215688599034,4.433925429641997,1.450541872635903,1.3437133775632522,1.9557278927084936,3.7730542919234358,Data Scientist
2.4450288662377297,4.696369292956958,1.899899372849815,1.6996139750355796,2.769571172905325,4.786199105135164,Data Scientist
1.8589371115330444,5.0,1.5255235861156609,1.0,1.0,4.836434100949265,Data Scientist
1.5680100754619608,4.93673371012647,1.544837829035858,1.3475826241650704,1.81218316964133,3.3475915547835253,Data Scientist
2.2208312820930303,4.283134987594885,1.5812971373422544,1.0,1.2880209439011967,4.089264584860239,Data Scientist
1.0177319809485377,4.259427137689142,1.998815541933596,1.0,2.9960183179796545,4.916948273012188,Data Scientist
1.5660387686244233,5.0,2.3746412784397255,1.0,1.252229231750898,3.993850775345971,Data Scientist
1.9135771625929445,4.78211775151469,2.2211584340822426,1.0,1.4240012262104285,4.054541485174916,Data Scientist
2.192985046284438,4.411677528049974,2.4640453054955405,1.0,1.7109432706421783,3.8709957319011954,Data Scientist
1.6818881436740352,4.717469763224404,2.935537241154057,1.0,3.220610861235957,4.218563389865526,Data Scientist
2.046027568655996,5.0,3.264963874625976,1.0,1.4397910405318055,3.6225669017140394,Data Scientist
2.0160715734822805,4.137114437593714,2.011169619659304,1.846773566706836,2.075703695312389,3.8536572705123615,Data Scientist
1.6909197756581862,5.0,1.5870836133809763,1.9231979602996239,2.9666798738571787,4.128375399330894,Data Scientist
1.9942424559616774,5.0,2.5473992511136627,1.0,1.7367224334316491,3.3388262826583524,Data Scientist
2.2045324691670287,5.0,1.3250371810693635,1.0,1.3263730412093255,3.550600094878081,Data Scientist
2.2755085301131497,4.63325896666086,1.8495870219838506,1.0,2.093495104862332,3.9778633400776755,Data Scientist
1.6355203749834188,4.905492851158763,2.090147440251722,1.0,1.2618687279991103,4.902787216343407,Data Scientist
1.6833636476448637,4.951619948406555,2.505419867510157,2.764527593785242,1.377756775055567,4.224913606863255,Data Scientist
1.6462238573529469,4.7306048477116445,1.639893989496605,1.0,1.9793543191076692,3.2627486564758823,Data Scientist
2.473403783255935,5.0,2.21121748645072,1.0,1.8163980328941258,4.143781952583664,Data Scientist
1.4179746837970872,4.821004782793332,1.570193243060773,1.0,1.0,4.669663294739999,Data Scientist
1.6567306234231156,5.0,2.5343961606971463,1.0,1.4557943821635773,5.0,Data Scientist
2.8754629709635715,4.984240743335948,2.1286865532086745,1.0,2.21617635710017,3.641409049638764,Data Scientist
1.0,4.339222106744474,2.0105463739252936,1.0,1.9663612675432327,3.4626694802835685,Data Scientist
1.6088230387490032,5.0,2.123740273820052,1.0,2.4394819865353257,4.240304296673673,Data Scientist
2.7232816456256836,4.77007036884243,1.7851825107362456,1.0,1.78550964131379,4.482384947151223,Data Scientist
2.649993686131067,5.0,1.1029040667252819,1.5415726063303672,1.0807406883639645,4.449058662061174,Data Scientist
1.8161077367144725,5.0,1.333775826052717,1.5855838163530733,1.2675126269475556,3.6657725445734113,Data Scientist
1.5009526861154825,4.1228575735887505,2.047263783794234,1.9030445589184808,3.3334526111600047,4.048577893543124,Data Scientist
2.558340637533761,5.0,2.249441597384106,1.0,2.097538462711301,4.268739352303214,Data Scientist
1.7107701355618343,4.961252850053506,1.9707849405012559,1.4132016586652623,1.4669839141861596,3.974228895696174,Data Scientist
2.956002734526349,5.0,2.6745895244443525,1.012215920089017,2.1604987818430117,4.501118083351463,Data Scientist
2.7801277647654654,4.0241985435585566,1.342279346475077,1.654722050701324,1.8615553221155983,3.6641396053709614,Data Scientist
1.372919506502198,4.722491649227945,1.2988153582880875,2.0455471363662383,1.9887819740097132,3.9710247291186413,Data Scientist
2.294038337583916,5.0,2.4729440782773198,1.536810971953786,1.6845772246045718,3.8510665975215694,Data Scientist
2.384515827721138,4.73630546918019,1.9974466839863876,1.1993818822124072,2.3925925411551883,3.1111595188148993,Data Scientist
2.3573728249444725,4.883137971074137,2.3537288554321907,1.3884658461774144,2.803957530559579,4.6767268238106015,Data Scientist
2.673285831305148,5.0,2.145689492407973,1.0160925435184198,2.4364085415891674,4.366040475716511,Data Scientist
1.84546688163087,5.0,1.9824517666077028,1.0,2.645230370688175,4.027599621265044,Data Scientist
3.024354128849425,4.187253864900084,1.721610613578317,1.0163194183454358,2.568690548814457,4.199734686301093,Data Scientist
2.1552363770903757,4.436368103722926,1.4215293013852643,1.1612523301449524,1.3179470030908207,3.7340611248553355,Data Scientist
2.2504586645429288,4.508837863861612,2.8026779811809033,1.611968172118945,1.2142900008308497,3.5338143784090064,Data Scientist
1.0,4.608704318725933,2.3831942382861997,1.0,2.230398621807984,3.238832840859128,Data Scientist
2.3989876272909525,4.722445386035825,2.0060848411414525,1.0,1.364225739553858,3.423457834130109,Data Scientist
2.483897234501713,5.0,2.5250245207767135,1.1623291177512591,2.071495317404608,3.136994690666617,Data Scientist
1.8648166516194151,4.986307839798128,2.9765535991362873,1.3434783160493387,2.768030590854764,4.298768852947364,Data Scientist
1.6443483865252604,5.0,2.1181118231321165,1.0,1.8078063117035394,3.897116503161414,Data Scientist
2.802809916282559,3.959629737304511,2.6029092103580216,1.0,1.3139604063651928,4.589971065019232,Data Scientist
2.3659490346171905,5.0,2.400350973772788,2.029922500868701,2.279361918472243,3.921761311938421,Data Scientist
2.1714631886606712,5.0,1.6103123373699415,1.0,1.8455199927010464,2.947708600617334,Data Scientist
2.0690392042087735,4.056935648024487,2.0265296564663093,1.4326448780676249,1.761561769678082,4.838557935093435,Data Scientist
1.269749550290756,5.0,2.3375685282034606,1.0,3.3553971495202664,3.968127357248017,Data Scientist
1.561257988922184,4.296456402607991,1.889990986170163,1.0,2.051322764269832,3.85110192188802,Data Scientist
2.316612655057547,4.806185083668376,1.0325179413797645,1.0,1.0,4.176885315445695,Data Scientist
1.5103498848586823,5.0,2.6570374907623022,1.0,2.530628129256059,3.7833052166569234,Data Scientist
2.8765974010327926,4.817423693400893,1.5797535072466542,1.3436192251976442,1.782105135188182,3.5792752429354957,Data Scientist
1.7610800746481043,4.977696733908499,2.671090065622427,1.0,2.0115403294752103,4.3124517973270216,Data Scientist
2.0967242874958982,5.0,1.962827335120738,1.0,2.2961647735066717,4.049656907475675,Data Scientist
1.8047956308597646,5.0,1.6737358533916775,1.0,1.736002989117193,4.676534580083204,Data Scientist
1.0,5.0,2.017135907100111,1.0,2.154863389568001,4.237875995915766,Data Scientist
2.2948196156787,3.6740859684775256,2.683194705927219,1.0,2.343283873376588,4.370536890341143,Data Scientist
1.5616514571903535,5.0,1.8072533795438208,1.0,2.5838709627638896,3.6124775184918803,Data Scientist
1.5727532686309729,4.798467065981639,2.136118362663694,1.0,2.2740334623535854,3.3302553167356708,Data Scientist
1.6288068147846326,4.942001463839233,2.9489436463293526,1.0,2.5426111318308156,4.019277584392158,Data Scientist
1.7581706812812157,4.87663778794278,1.9157901439855594,1.3018228694803693,2.6873056337882772,4.17984042384316,Data Scientist
2.593538839370878,4.5176051311851575,1.7926847455929846,1.0,2.1572222954374265,3.820520807410293,Data Scientist
2.364886468517098,4.534499144183779,2.0215154866606406,1.343428955506128,1.0,5.0,Data Scientist
1.8584240575600621,3.9874800431619137,2.079046949288393,1.0167217339865755,1.9590528102137534,4.495595556463333,Data Scientist
2.373722485713528,5.0,2.225077816973324,1.0,2.8877454246200243,3.2604019908211166,Data Scientist
2.069825837107948,4.03251231559439,2.4066402030322966,1.5780730612875504,1.1281636988017318,5.0,Data Analyst
2.140615246109302,4.744799704723825,1.3648189768374568,2.57734688335836,3.1837071820135607,4.811117556238761,Data Analyst
1.354528890253388,3.7965128168133147,2.0070024836856906,2.2818939375034573,1.7043026350809762,5.0,Data Analyst
1.442733842495969,3.1303974239136,2.553355212143659,1.0,1.897935115563642,5.0,Data Analyst
1.9939782235200343,3.439616174651875,1.971301268106603,1.9745996056902333,2.0803249701765583,5.0,Data Analyst
1.4804444158161303,4.843774027618397,2.122557142186309,2.363397023200902,1.6859253001221788,5.0,Data Analyst
1.8714737955934677,4.138776256746766,1.5334469614064454,1.5015341867989367,2.3441026532264413,4.778196584896307,Data Analyst
1.5730884562478114,3.678408328986485,2.3494765358587104,1.6854810693981945,1.9411725341989179,5.0,Data Analyst
1.0413255569948505,3.264436797313241,2.1681389446237813,1.6314853194236514,2.528362455640209,5.0,Data Analyst
2.3595843331777187,4.909885893656298,1.9584553361284085,2.3244409629519196,1.7077995117019844,5.0,Data Analyst
2.9918168262180096,4.005940217258896,2.193293114952596,2.6796487996824028,1.9264302475929465,4.671687964600148,Data Analyst
2.436994875503441,4.039219623041835,2.0914972248226302,1.5828643284660173,1.1411639258183017,5.0,Data Analyst
2.4524810207470997,3.887096625461979,2.7182147597794333,1.6480418372922276,1.47264777251704,4.966384846401934,Data Analyst
1.9587037123243547,4.384984365667611,1.6125185879680077,2.684047118407449,2.983458481254127,4.980427986515829,Data Analyst
2.6248552100921594,3.4717514646873697,2.537610770590958,2.5236382042797314,2.4317186400949393,4.992218455564853,Data Analyst
1.0,3.679136428173935,1.687041991157699,1.5108725309697613,2.061121502273533,4.790518277239383,Data Analyst
1.587693995117489,3.47059992587609,1.6422435072573855,2.560749605924964,1.669487472686253,4.742530646783364,Data Analyst
1.7716511924883769,4.16949675690471,2.2281247442642664,1.0,2.510817606913804,5.0,Data Analyst
1.4749067313191653,3.5138508776325827,1.7748733061108644,1.6219979902716977,2.111963436973303,4.0267373568205675,Data Analyst
1.44103619598163,4.769598600087454,1.535890016325991,2.6217141390514627,2.1776690977950683,4.0953661427058705,Data Analyst
2.317664597608103,3.9411663489035735,1.7722664718751298,2.122478546586002,2.237316742783396,5.0,Data Analyst
2.589126423774001,4.204067956389178,1.312182955606819,1.7631772711744045,3.4715241676343105,5.0,Data Analyst
3.1846436504057483,4.697717041099593,2.1209010357778744,2.1507035348905585,1.9817099800615772,4.13109769207675,Data Analyst
2.009023626234112,4.605337276271099,1.700180002589398,2.205976499530905,2.425795522946599,4.545159780343762,Data Analyst
1.7743485678281676,3.4910442547614204,1.5889171966552966,1.3561973581734694,1.5497757693109866,5.0,Data Analyst
1.5422614854548538,4.063229609530345,1.7485656231645221,2.5894329685184694,2.6555811483018084,5.0,Data Analyst
2.153067276551378,3.8844702315795505,1.4040626479043752,2.9717644405610986,1.6201634911237233,5.0,Data Analyst
2.5297827863116984,3.7223597515473354,2.519006263657981,2.3821066016694274,2.8639819176908827,4.765326766786645,Data Analyst
1.3570679913601427,3.7472551222777444,2.104426771267166,2.029106363542528,1.8032810518627247,4.045401270511379,Data Analyst
2.2352414980645534,4.9861722395411,2.232125619061502,2.3045677595267566,2.2862226530775507,5.0,Data Analyst
2.4658329834340473,4.197686840592833,1.843661415173362,1.602005544995623,1.8755131723596623,5.0,Data Analyst
1.8419585194385133,4.157169341565715,2.2195750668502088,2.416589715635091,2.6413974844194903,5.0,Data Analyst
1.3461117174261696,3.827447951590405,2.0220312837032997,1.082115621911455,2.694332260051241,5.0,Data Analyst
2.1906764172901423,4.682763231263133,1.6849285849288265,2.2870209654420153,1.9450679384490321,4.90795656649204,Data Analyst
1.6139038060978104,4.8328016068432635,1.8122499799622145,2.349732123447851,1.0624963062640318,5.0,Data Analyst
2.5261055779785293,4.048717055148652,1.8865287669310378,2.2000000028067834,3.144395330440145,4.118381650548257,Data Analyst
2.391013693787064,3.5441913489230488,1.9900408018501343,1.8760599404606686,1.7858408711011222,4.994767435473635,Data Analyst
1.4329144273611047,4.514590218063984,1.1029282444006998,2.269882256414171,1.8367320737327144,4.414537553096273,Data Analyst
2.1011916852993475,3.221524456646761,2.0198569108598172,1.2885615460942228,2.2306360421589155,4.537821333184812,Data Analyst
1.7745029914853454,4.146974693971581,1.613728944078882,1.9710180001658488,1.2430847493775732,5.0,Data Analyst
2.8824569027753855,5.0,2.04558407333322,2.3941020703985934,1.1096871635462553,5.0,Data Analyst
2.388114252362053,3.7580332775243837,2.6185904001445044,1.8727619616773292,1.7709874084927217,5.0,Data Analyst
1.4683227500848406,4.510812382199974,1.4720050940365783,1.4749726050884069,1.5451551057958328,5.0,Data Analyst
1.6916123192401462,3.3260021078164157,1.697160000032101,1.9839788146597566,1.4095137581678072,4.424159445482828,Data Analyst
3.0556481670497924,3.5697172980930567,1.8384788156134966,1.816381499600357,1.789321596114779,5.0,Data Analyst
2.4740714752360247,3.8470227842342037,1.3817608567038255,2.6372201139244518,1.9523294544016587,5.0,Data Analyst
1.0,4.09770161064166,2.959303166938104,1.8233679322809209,1.887253288332682,5.0,Data Analyst
1.7206020905575214,3.8439640339736334,1.8310924529042985,1.6862896327868133,2.6144282751002796,5.0,Data Analyst
2.125314116051651,4.404285503445059,1.8678220833982666,1.6128980908235497,1.6986878476927214,5.0,Data Analyst
1.470394145813549,3.7498694917066624,1.7419416790642828,3.062278114914507,1.0,4.910190139297184,Data Analyst
2.8628468964073854,4.060922232066227,2.3767087367105466,2.049913157549884,1.6663333093917598,3.8790420327455433,Data Analyst
2.1027278435181516,3.6121966976988045,1.5998322969173482,1.7505063720104441,2.8724307033117467,5.0,Data Analyst
2.1086039687642004,3.7676163880441362,1.4113867912743947,2.2342700807730345,2.891452800032572,4.876329806487422,Data Analyst
1.0,4.335024835907761,2.4926998557250246,1.2070771798070763,2.0882420918314764,5.0,Data Analyst
1.9634463489955307,3.604614540457323,2.507968611781778,1.7983101270156587,1.2574069186500338,3.9752627571651598,Data Analyst
2.630424759999655,4.308331988235559,2.0439867735645847,1.7798626815745981,1.7355007928984365,4.462131675779195,Data Analyst
1.7842721777200576,2.939956392439913,1.631968173265743,1.844531241824453,2.3049400235952096,4.980036768313318,Data Analyst
2.3974615569377793,4.674567552556715,2.529085046912051,2.2352549236892783,2.005931339590392,4.509605995793221,Data Analyst
2.369972025689658,4.839873691110765,2.171053019825209,2.9586295742130613,1.2372141459694581,4.422918307610229,Data Analyst
2.427600753874131,4.132145105076625,2.656891088285904,1.9922641796366303,1.566012288735834,4.8932033788974785,Data Analyst
1.233658014538133,3.4357046634514825,2.486221998959005,2.4363937072348048,2.1815021424030383,4.139461239519766,Data Analyst
1.8207982122435558,3.3875000556699746,2.5882666268938825,1.7081389332186994,1.4571261446092252,5.0,Data Analyst
1.679922771582694,4.741871955101853,1.6325945512329045,1.3003858703876845,1.0,4.984606748793293,Data Analyst
1.7190349430710368,3.2855476967441364,2.5946132306278926,2.333622573714621,1.985891060531385,5.0,Data Analyst
2.3312680166993065,3.588572049240784,1.480389918004617,2.4089907722269306,2.1981834782336755,5.0,Data Analyst
1.5767510985655464,4.303973783502877,1.6222505584330253,1.949006672703161,2.72347207319349,4.669582882094927,Data Analyst
1.2135053714635695,3.4737264040649447,2.4971494133438115,2.127365568690105,1.9355613106556233,4.745453097344216,Data Analyst
2.242679953776595,3.575447574504888,2.1528327843212978,1.6343727155935215,1.551170307362473,4.681256282587494,Data Analyst
1.812296276758019,3.9755850820331484,2.1177278975555573,1.0,1.5961747211266175,4.804215011321981,Data Analyst
2.7525310193041648,3.4599986958089337,2.0813983090499564,2.747515154867919,1.3435157350263636,5.0,Data Analyst
1.5988640830327399,3.7476831288553827,1.5984445830233427,1.634071345792057,3.3609560739532465,5.0,Data Analyst
2.5508689308931043,4.245996743418248,1.196871605799021,2.1974789851616534,2.5364648072536733,4.573300262980444,Data Analyst
2.4826633335805632,4.352168104927039,2.926020022406835,1.7911084937431907,1.4511945088621365,4.819185945313727,Data Analyst
2.717785496581812,3.0857970595790185,1.0,2.0446976394658067,1.778705353612922,5.0,Data Analyst
2.4726558856179324,3.7237153269405736,1.0634970845346898,3.022240778599972,1.501385856280612,4.470481438993951,Data Analyst
2.551860006861298,3.807755439479241,1.9683050739825947,2.241395062030159,2.541791551554998,4.833269653409114,Data Analyst
2.7599760029571496,2.9321000756325972,2.3798936184765385,1.5802362209911713,2.6861356583039955,5.0,Data Analyst
1.6635473339952993,4.331420546510817,2.446594173603626,2.3209470614293193,1.4851518801834698,4.757991438188958,Data Analyst
1.9979635814392824,3.97937017367497,2.3748727377191736,1.0,2.1671635272767515,4.85500932278168,Data Analyst
1.580749691808024,3.6287566111152003,1.8927311677410181,1.0,1.649355214604225,4.562092587676854,Data Analyst
2.266391604661312,3.5972366587447397,1.892443099914755,2.771138313830651,2.497175759907712,5.0,Data Analyst
1.7500637847945741,4.2715161396448265,1.883051099773203,1.901953394661531,2.204842671873275,4.701503205789534,Data Analyst
2.7465015522216016,3.9199349302010313,2.3091802831298325,2.727800239628649,2.5158268872875875,4.295540448654737,Data Analyst
2.222447947504942,4.4253596972303235,2.4459315110803743,1.4433525829426843,1.671482381491338,5.0,Data Analyst
1.6191198146586772,3.850151971667843,2.7879379047509847,1.9761003748076051,1.6366129310830786,4.561191321568548,Data Analyst
2.166359664792594,3.3334259957613956,1.8763320180517908,2.1666152674950108,2.6495749102738335,5.0,Data Analyst
1.6429674410089106,4.58920965878186,1.8502424812262612,1.3821484889752955,1.9139793203672637,5.0,Data Analyst
2.0826200250324627,4.006260932164893,2.8186058223514268,1.2843225764727864,1.357200442973614,4.1920767645165835,Data Analyst
2.1863240932400276,4.083246563557562,2.771368183639888,2.121737538568385,1.7979214202603486,5.0,Data Analyst
2.058853709230479,3.1641193633359164,3.3551658221674465,2.2599355090509556,2.1050041540112945,5.0,Data Analyst
2.3547054902933025,3.929723257248784,1.6843794318796497,2.299725343160852,2.192855420265726,4.595054950455296,Data Analyst
2.7095178056836318,4.146676018161491,2.3649096811338155,2.6959604438399594,2.0109444105824172,5.0,Data Analyst
2.405013619253058,3.637569458099974,2.0270258314230003,2.062774293325574,1.5219707241583027,5.0,Data Analyst
1.2963532782537988,3.350948048156421,2.6571132878517894,2.3566331253982713,1.487017591259611,5.0,Data Analyst
2.7339252224986548,3.9848684712015072,3.299411450037291,1.1379690945659822,2.346911726929551,5.0,Data Analyst
2.4456719508026232,3.897822136677176,1.8547792589944252,2.2220725855436285,2.407877243326035,5.0,Data Analyst
2.5200289453966946,3.490565021466632,1.8861145104381827,1.529992033938123,1.806943611956929,5.0,Data Analyst
2.053991960362614,5.0,2.0967031835948586,2.029845940289868,2.053091459720108,4.681095653570032,Data Analyst
1.971081693811203,4.563894013555823,2.056985334063886,1.6032701350582643,1.5374576897606824,4.774899054167078,Data Analyst
2.03693171720544,4.596793267738131,1.3297556793167815,1.8400868610556218,2.0721550097175396,4.083147116185283,Data Analyst
1.583200858516797,3.6600557301319068,1.602014813074751,2.0959447725108236,1.9197201952491012,4.722356948699482,Data Analyst
2.2139813132763173,4.861537358823125,2.819628258370876,1.0386141139688319,2.2885360919175697,4.91098835496808,Data Analyst
2.077577671432678,3.8008584832287258,2.058794314943601,2.0757036980360093,1.7105241213255384,4.55181622608741,Data Analyst
1.7756521586902578,4.117129632228383,2.2994981708421323,2.4266744886700735,1.7529049884665437,5.0,Data Analyst
2.4812512959766493,4.582797447572064,1.970583572934239,1.8895341375301937,2.095562116918196,4.425146263551297,Data Analyst
1.903195244482246,4.372293199236565,2.3209735647218506,1.8648661978180554,2.1088591005435835,4.587674829854656,Data Analyst
2.3517460741125125,3.9610892819317636,1.8620242741519308,1.8191380819533067,1.968553066550071,4.776061177534021,Data Analyst
2.3290715180012818,3.8023582259919095,2.7964820480136905,2.7326052517406905,1.5542282550727475,5.0,Data Analyst
1.6746716893319025,3.836676218405694,3.0012137338223983,1.8462142914421005,2.1801130185387145,5.0,Data Analyst
1.4996853137583797,3.5724522627953976,1.3969888142959406,1.5570146330511117,1.0,5.0,Data Analyst
3.027096920628035,4.073910369518264,1.2918655703296964,1.6786118085500261,1.7705615774875016,4.491207611393312,Data Analyst
2.430091319197578,4.405130022187667,1.42227410309117,2.362540522223754,2.763406331788633,5.0,Data Analyst
3.4326060115429815,3.549003675278401,3.4121102131976015,1.8228968057456059,1.7037672723097428,5.0,Data Analyst
1.7089693329534938,4.199522070323263,1.3399614061313492,1.8806236989682827,2.6427911171808396,4.971469354284422,Data Analyst
2.0707978933699414,4.2376293023586555,2.58533081465883,1.1723876439052834,2.2922620259187174,4.865930430379119,Data Analyst
2.0833189476559193,4.529975084881189,1.402906674294078,1.4936777792784552,1.0322850201430969,4.725420529118112,Data Analyst
2.665216172189408,3.9397064057632654,1.3299375521726071,1.7571606277124765,1.2560691482546886,4.437406949134419,Data Analyst
2.1944094551318565,3.4130633368469856,2.556317152601651,1.964439854584832,2.0427973519722626,4.860813516196053,Data Analyst
2.3864239192718615,4.391579943888505,2.167527175956086,2.282394552953824,1.8939551650397872,5.0,Data Analyst
1.8310611122630966,4.001115811081201,1.8626781253168514,1.771390730340402,1.6554441011391048,5.0,Data Analyst
2.6553029564067314,4.58555098583478,1.3717173320272824,2.6446015257034365,1.8409207491910355,5.0,Data Analyst
1.5468923339763945,4.0709899569370025,2.1568615914484535,1.2576976040401737,2.304133583172095,5.0,Data Analyst
1.912676027159186,4.680084065414007,1.9051532532737963,2.4247922655233087,1.0,5.0,Data Analyst
2.7477291226214784,3.8576872478731605,1.0139554866780909,2.1440141841527445,1.2780372264631215,5.0,Data Analyst
2.205782859582141,3.5292984154989875,2.5604835118071887,2.4027873514030866,2.4879116686442817,5.0,Data Analyst
1.2922379665431467,4.488936136105568,1.8648143004321045,1.3051099284036654,2.676019682987163,5.0,Data Analyst
1.9793759355103986,5.0,2.045657364305675,1.8097720479168244,1.6847707729072612,5.0,Data Analyst
1.609928059306114,4.367634654987493,1.7204180824703958,1.7698466187128186,2.5151248469847833,4.809981576855323,Data Analyst
1.7976023102898533,4.5664023485874035,2.7986986466108115,2.3223449016421167,1.6726151121880255,4.744695750351211,Data Analyst
2.0399576318700188,4.160465030962829,1.5060670449301141,2.361518969789932,2.0427566648197995,4.142145840680936,Data Analyst
1.5355367587696347,3.747935663174168,1.9635711555794724,2.944639397751998,2.1190856530698143,4.579614055050688,Data Analyst
2.1103154021535815,3.8239561262730595,2.1623791197667708,2.2902838435178072,2.604615323611969,4.987856752164987,Data Analyst
2.8194802637999166,4.454011331268096,1.6462802275939061,3.104927832874232,2.1634972566350488,4.5824377480138825,Data Analyst
2.8264565256152108,5.0,1.9834873681402196,1.748174869812202,1.913812521273169,5.0,Data Analyst
2.638928327515257,4.2852436654317865,2.0508616042358847,2.7490058851522137,1.8435817634742389,5.0,Data Analyst
1.8559686008243608,4.215511479005446,1.9432187176047742,1.9720739086735946,1.811306741268895,5.0,Data Analyst
1.6335369809457325,3.629883873725646,3.060496782922555,2.4889237823271655,1.0,4.717370630394798,Data Analyst
1.0940053312189728,3.5246546532923726,1.0,1.9315052111530289,1.4290290904193443,5.0,Data Analyst
1.1874393705587376,4.04145592658602,1.7925418609398363,2.750976482594298,2.7056784308728123,5.0,Data Analyst
1.8366931096693937,4.9926901976301465,1.2234823610800896,1.2982206852181686,1.9581084500554677,5.0,Data Analyst
1.8988305465649562,3.9083773783953593,1.2790448219440953,2.472964792635189,2.476588127164677,5.0,Data Analyst
1.6853896635763188,3.646646615813497,1.3534388747975148,2.041936250880467,1.4597963353607493,4.411291747375356,Data Analyst
1.788154641544662,3.755421912407892,1.7310107355890225,2.233222298420131,2.03952390107514,4.855921984744441,Data Analyst
2.091506464155741,3.504236479447684,2.052639311954839,2.075301246422317,1.2484765703212597,5.0,Data Analyst
1.5592831473865023,4.045154899603218,2.582205870267635,2.462838378856935,2.0171666942844175,4.818750498558965,Data Analyst
2.4737559542877836,4.33734748890431,1.6908174899779351,1.6025531764991547,1.0,5.0,Data Analyst
1.9586511274908007,4.5680956873212715,2.179527546740183,2.6671145970863455,1.6513178860419147,5.0,Data Analyst
1.7355418104476725,4.388798030896136,1.2706208037346531,2.117567649683094,1.0076560292770451,4.866431257029123,Data Analyst
2.2201769969389566,3.739515724384452,1.4747811856220163,2.4230592346479667,1.9482686050765383,4.755214676484664,Data Analyst
2.0209479605771383,5.0,2.576751424890772,2.58128683409392,2.217773159496182,5.0,Data Analyst
1.0,3.660509826768434,1.7597127933987626,1.0625539679762335,1.421292104892283,4.009581764538683,Data Analyst
1.9808380821513139,4.409382985424408,2.5533872593121645,2.207392231039621,1.5183018294007156,4.03396742074002,Data Analyst
1.121565650299249,3.3655087113727506,1.5555701509821627,1.9201257510042067,1.492917890936516,5.0,Data Analyst
1.8838632486002636,4.005272855870513,2.5701252763356024,1.409884132899815,2.2093522891461843,4.993013385761963,Data Analyst
1.8332568595151524,4.44262816043298,2.4395070772785035,1.526754602005786,1.9089197080710378,5.0,Data Analyst
1.8634966259887078,4.292510666143899,2.140596008955138,2.9162806201780063,1.2348604320351062,4.938782005126301,Data Analyst
1.5457487442439044,4.302053727719522,1.1914140549772276,2.173156355112443,1.6849757843258295,4.632919066939493,Data Analyst
1.2767508982296563,3.767462026899497,2.542250265145463,1.9874056582352602,2.313840208937237,5.0,Data Analyst
2.131877792411288,3.7206002139688295,2.233626107591395,1.727851926842854,1.7477886583514153,4.240053600190508,Data Analyst
2.463128745542196,3.80699871217528,2.091049122907931,1.4820190356966803,2.217973814857736,4.619029380932458,Data Analyst
1.929145639149088,4.438913015619563,2.3953796561162646,1.9889849637415298,1.1159344836466407,5.0,Data Analyst
2.872929485136568,4.361337412444149,1.6233981092045147,1.9432039191490176,1.7282897851117416,5.0,Data Analyst
2.131251445425917,3.6079180708200838,1.7646224504376091,2.560594071284952,2.8000489234102393,5.0,Data Analyst
2.3785160325269885,3.8736875655986815,1.0,2.148580011904111,1.9990856205779497,5.0,Data Analyst
2.0269486735166033,3.3368689190254215,2.2787042784255926,2.316108157015925,2.3411693910298297,5.0,Data Analyst
2.3020258224608114,3.7949852942305444,1.964581576041955,2.0455624336266887,2.0538497245533094,5.0,Data Analyst
2.3218343765112452,5.0,3.103234489942336,2.0398247913069625,1.0,5.0,Data Analyst
1.7298118305064727,3.5992580390844964,1.8007773625053165,1.7766784765926968,2.3061349050526965,4.220282110436887,Data Analyst
1.4611396271041992,4.171579277098708,2.311472015206654,2.320770822468006,1.6064818605333504,4.51086717536688,Data Analyst
1.7466825831060404,4.119936376142363,2.742738684636275,1.0,1.8896356215208168,4.333660779487398,Data Analyst
1.173878661323255,4.483478322672409,2.2723122872496693,2.2247167579736313,2.4605129198654967,4.760140551616932,Data Analyst
1.783681241833236,5.0,1.8767144728702128,2.3675660565270458,2.0031907704816576,4.075870734960793,Data Analyst
1.0,3.7105078900300477,2.5280506258349944,2.3941458283180017,2.4570385821120166,4.506476910531842,Data Analyst
2.807936245061157,3.517553349906808,2.1064121993349842,1.9948238550461317,1.9130630898427068,5.0,Data Analyst
1.6474447399170198,3.3251973721440358,2.0099977431032094,1.8000866328567366,3.6886914595413227,5.0,Data Analyst
1.795329712390688,3.471944215406457,1.0598557947156078,1.4873904571312835,2.057470885879566,5.0,Data Analyst
2.5608445711939596,4.11454741582319,1.8384161671487576,2.1344061782060773,1.740681001257712,5.0,Data Analyst
1.90540490936246,3.9568310708766368,1.0,1.902282576738618,2.4182420689824706,4.466138711480728,Data Analyst
1.6246398327535936,4.396355508866832,1.2616713882409734,2.5289005037709593,1.733928054913449,4.805715889754398,Data Analyst
1.438060797437203,4.189023130213942,3.22993599251469,2.390748619730316,1.5678573690297322,5.0,Data Analyst
1.8416602270328752,4.687242490713779,2.4033382010821813,1.0,1.4979601835224863,5.0,Data Analyst
2.075828636072509,3.488122026146075,1.6832052422530936,1.0468816899553097,1.955813356236802,5.0,Data Analyst
2.402466695366163,5.0,2.44119854489499,2.513739671676346,2.987039343872512,5.0,Data Analyst
1.9063863392465599,4.5163287583110066,2.726920118560942,1.7600176786438955,1.6392154588299854,5.0,Data Analyst
2.415749433465831,4.399045524330781,1.2879161999062005,2.955803033531661,1.6794175353015748,4.86746750155571,Data Analyst
1.5486728200060902,5.0,2.1210353351439837,1.5745124596592175,2.431961774981223,5.0,Data Analyst
1.906136488210058,4.420303356391692,1.5873540195845677,1.753540862525374,1.0,4.338024457890219,Data Analyst
2.9038154028353427,4.820714313861157,2.0328943243244812,2.8314657235949188,1.9199627566958477,4.878294848716046,Data Analyst
2.028255324232778,3.9375392023382174,1.8924018382199097,2.5716990535747764,2.0750678269781018,5.0,Data Analyst
2.5156902626386657,4.194092897827367,1.5148643370458805,1.3235670555179806,2.0743903174036524,4.914371847587533,Data Analyst
2.043695714460061,3.991972980375707,3.2917868300832835,1.334886872179331,1.0050268650894376,5.0,Data Analyst
1.8117887227059024,4.158033934864975,2.2919415111420007,2.642052347589449,1.2463870898080307,4.721641051071418,Data Analyst
2.214380629440382,4.3852317978436135,3.096724775144193,2.4778519855569336,1.9716057020568614,4.554782123528669,Data Analyst
1.7178550736404903,3.703648588521447,2.3276168142568805,2.1284987227929153,1.3381752145789105,4.782049265454783,Data Analyst
2.4387737767257103,4.175831177487029,2.2843223080063852,2.1914608550286316,2.8132153673044296,5.0,Data Analyst
1.806988601064651,3.54212247943322,2.1248047291048557,1.0,1.907855499083644,4.897080070039328,Data Analyst
1.3177645731913596,3.535867080672002,2.4048287650741207,2.115355874537481,2.0508941668536638,5.0,Data Analyst
2.046313793974462,4.621431281429158,2.061714590851824,1.2708934430906247,2.815064982437205,5.0,Data Analyst
1.705373134602466,3.373299140852491,2.1979571104790225,1.9414139975128122,2.7870733930162044,4.8270463596665865,Data Analyst
1.5813096051587665,4.447898109117964,2.4626409463584156,2.0843256838050976,2.3381785238374544,4.981156439628881,Data Analyst
3.1169325505046235,5.0,2.3126591670107515,1.0,2.6761812729630754,1.8175723136042439,Machine Learning Engineer
4.026036655710968,4.147020452554632,1.686453587613852,1.0,1.9267596646359193,3.5032055200132772,Machine Learning Engineer
2.471081690694883,5.0,1.710893950890123,1.1475704896687082,1.9676138701010617,3.046467826341489,Machine Learning Engineer
2.7250375837678273,4.744968024951959,2.1436362570137133,1.4718577528780221,1.700860332901076,2.5656162277135452,Machine Learning Engineer
3.3067300828359185,4.983748053471155,2.415249066992976,1.0,1.1102805372882845,2.733497959086833,Machine Learning Engineer
2.616823695367492,4.96060579995985,1.6815773928648052,1.3705084756682246,1.855924868788742,3.0752372493869506,Machine Learning Engineer
3.078817279220472,5.0,1.9879354447725133,1.2553003452051568,1.6021724330870963,3.6997089633269415,Machine Learning Engineer
2.8817313083157323,4.344225431050659,2.0940366784958866,1.0,2.3326672672544375,4.104802788021189,Machine Learning Engineer
2.606713954221075,5.0,1.1222472056476862,1.2269526147206735,1.557143100100155,2.687582690782759,Machine Learning Engineer
2.449356755080086,5.0,2.5036521787366315,1.0116926073292538,1.5677866473321402,3.7947615180519314,Machine Learning Engineer
2.624794936122672,3.9189838500362804,2.229194504978534,1.0,2.4943043967495875,2.8094311516632904,Machine Learning Engineer
3.301856620272098,5.0,1.395570567689639,1.0,1.9621644636714684,3.7687756595171717,Machine Learning Engineer
2.6708086410297773,4.702748152025497,2.239070287777904,1.0,2.076262941448808,2.2242312895159366,Machine Learning Engineer
4.107164971278298,4.326145384845298,1.8391236480048958,1.0,2.9563440671783976,2.3375771095336297,Machine Learning Engineer
3.9918520677393756,5.0,2.208547662211623,1.0,2.285570621019037,2.6382566887901,Machine Learning Engineer
3.6333306265992062,4.5144689854461335,1.943420752771958,1.0,1.5062385187865026,3.3706599084539572,Machine Learning Engineer
3.2677293737048165,5.0,1.1100624458959163,1.532085351170522,3.252724452678447,2.7741794554115264,Machine Learning Engineer
3.947574306054485,4.868419363970086,1.3137951312193465,1.0,2.524101983837638,2.580911758834234,Machine Learning Engineer
2.6998306704967563,5.0,2.0015300583692865,1.2923114762433703,2.1189147703791678,3.2398126597757866,Machine Learning Engineer
2.7838494070952295,5.0,1.5363134971520331,1.6442168112516944,1.6828626415913432,3.564423743774695,Machine Learning Engineer
2.883196519508567,5.0,1.7525177245546497,1.0,1.1276198061973493,2.47233792070377,Machine Learning Engineer
2.838045573392039,5.0,2.505189656641632,1.0,1.5590196178664129,2.278642606998644,Machine Learning Engineer
3.240031808952052,5.0,2.633165133978144,1.3549663740736186,2.3192716586337996,3.8488118898546704,Machine Learning Engineer
3.166040730708405,5.0,1.8396080690740004,1.0,1.6580755497502118,2.9954204807326725,Machine Learning Engineer
3.0303926862506514,5.0,2.0406385837955345,1.5894217220128217,1.782461379211842,2.844162057117383,Machine Learning Engineer
2.335496181388276,4.628835993561714,2.2634906956818766,1.0037800901970666,2.471469309948617,3.090626974172525,Machine Learning Engineer
2.823773134181129,5.0,1.9530482156434763,1.581500484852652,1.7993953967276612,3.3547997396917832,Machine Learning Engineer
3.464007829575843,5.0,1.0,1.0091262304280564,2.6152300238799877,3.263740416513865,Machine Learning Engineer
3.2229194376146233,4.1388715330212404,1.6397724646624705,1.2056788155757194,2.205191638393446,3.6073333900664513,Machine Learning Engineer
2.9275666224269528,5.0,2.0081871209656468,1.0,1.0,3.215504846065038,Machine Learning Engineer
3.0869736042064058,4.690912478949915,1.1904134717420676,1.314869757204369,1.867039962902224,3.2784373611840727,Machine Learning Engineer
3.932024265205879,3.9292845598401476,1.650199595648818,1.0,2.7274130870733253,2.1817984903967576,Machine Learning Engineer
3.967930512840302,5.0,1.951999669133071,1.0,1.7818684839099856,3.5240583796345772,Machine Learning Engineer
2.4657396229587807,5.0,1.8079091671465122,1.0,3.2929875878419477,3.20952536737673,Machine Learning Engineer
3.306632772330572,5.0,1.2893250273407264,1.8761459545610157,1.0,2.6156167949807396,Machine Learning Engineer
2.7704841634105497,5.0,2.1093591330707437,1.0,1.9940013276861381,2.510988488238716,Machine Learning Engineer
2.251383802757913,5.0,2.3468530562680927,1.7922471875785293,1.604991451592396,3.3464076051504614,Machine Learning Engineer
2.858146635817634,5.0,2.510981388339071,1.1056046996122284,1.8302349216670066,3.4804660893041306,Machine Learning Engineer
3.323452261628283,4.657779798956908,1.3361006632602845,1.0,2.7577069076741045,3.573243579366519,Machine Learning Engineer
2.44383626516471,4.41612129205004,2.637341924839743,1.0,2.254647661821004,2.691964392331838,Machine Learning Engineer
3.808522462260841,4.61478760043106,2.571680765102914,1.0924293270301824,2.1260974271171436,2.0148457093242995,Machine Learning Engineer
1.8985433233971407,4.889717029866343,2.123453031708306,1.0,1.455653294761829,3.2807363149130664,Machine Learning Engineer
3.2814272402285654,4.931129469806036,2.3901008605930376,1.0,1.8220325414565146,3.8239388028918366,Machine Learning Engineer
3.0341610649699087,5.0,3.15297329298387,1.0,2.398215183321055,3.83199313990405,Machine Learning Engineer
2.837571036750727,5.0,1.5089902513945477,1.0,2.192483208023817,3.3992833365552952,Machine Learning Engineer
3.560468256203123,5.0,1.966276720722409,1.596805877586294,1.8288475782754254,3.4510456557941342,Machine Learning Engineer
3.103744398926091,5.0,2.211753937011019,1.0,1.4379390705696133,3.051270719908761,Machine Learning Engineer
2.1563604601794157,5.0,2.435777983144071,1.1635852764388952,1.4394329936210388,3.6900694694342575,Machine Learning Engineer
4.018605319859179,5.0,2.2552676892256183,1.100869327398022,2.2651845944993996,2.940220621686802,Machine Learning Engineer
2.9827178800780985,5.0,3.17281208094822,1.0,1.9480937577985165,2.409769757383959,Machine Learning Engineer
3.7960124492880416,4.706131015340051,1.278399603107103,1.3190934994242867,2.8721555573715554,3.3317989342803815,Machine Learning Engineer
3.1023989386409587,5.0,2.707420331412777,1.0,1.9440764479568435,2.7736549257452334,Machine Learning Engineer
2.416067346354145,4.835812370291599,2.553860547991224,1.2833010741963626,2.3221552500541,3.073237805826659,Machine Learning Engineer
3.2616618913642945,4.5997048288259474,1.8452450570363854,1.0960021184843383,2.138757929440945,3.1600939274609363,Machine Learning Engineer
2.930832358991811,4.811288299434835,3.578885641522149,1.4533936364661995,2.2065737379763113,2.883395750896803,Machine Learning Engineer
2.7743905865280616,4.934599703136522,2.1464144217933416,1.0,1.215305202312658,2.6815588055305213,Machine Learning Engineer
3.1035697183892843,4.880363426424075,2.739060613049742,1.0,1.624327265198315,3.7600458704955506,Machine Learning Engineer
3.0655596623375736,5.0,3.0256234716347317,1.0,1.9503428311039839,2.8637865495345642,Machine Learning Engineer
2.0227034977583624,4.844801598122015,2.440531093690333,1.2702947709061205,2.309541584694005,2.8122455096802503,Machine Learning Engineer
2.671951381997179,5.0,1.7513414268211651,1.147041019396607,2.081667340338769,3.7308585081285592,Machine Learning Engineer
3.48570617883618,4.35237068966644,1.4062234166124798,1.289454909034567,1.9678311763104168,2.772414108023118,Machine Learning Engineer
3.5078139419972354,5.0,2.026228693444722,1.3899143203775248,1.8124455025282178,3.784259492736277,Machine Learning Engineer
2.605976188383496,5.0,2.7169164193299222,1.0,1.8283324120737754,3.571103696442779,Machine Learning Engineer
3.5786222738655127,4.914252199805881,1.6326644531615702,1.4779679111653812,2.5917745512908024,2.4176683257438025,Machine Learning Engineer
2.39804317551681,5.0,2.314680316714446,1.0,2.3396469099911745,2.6449316965813088,Machine Learning Engineer
1.9426532004631323,4.788049463833702,2.0316160732565507,1.0,1.4206983681702574,2.0921755120605914,Machine Learning Engineer
2.742955597816051,5.0,2.6280987197068413,1.5938566920692274,1.5920452324257235,2.423146838184818,Machine Learning Engineer
3.248317307489948,5.0,2.200084802600249,1.0,1.5665577075582666,2.985155604857011,Machine Learning Engineer
3.2436090973152134,5.0,2.07212676114102,1.165391903269118,2.042432729180552,3.3428096871092414,Machine Learning Engineer
3.1564328257454557,5.0,1.8658156004313096,1.0406457125212405,2.2422956894196373,3.1337376944490307,Machine Learning Engineer
3.1904132091726267,5.0,2.132581961373294,1.0,2.4418033929970844,2.3169008311655412,Machine Learning Engineer
2.4592933096303566,5.0,2.258198333893289,1.0,1.808591259506625,2.6969580838901708,Machine Learning Engineer
2.7566618385592014,5.0,2.3532527317736265,1.0,1.727019036442536,2.32517516488993,Machine Learning Engineer
3.7100924693909745,5.0,1.6466654479634297,1.3597997488124458,1.964888189712687,2.8564452475688284,Machine Learning Engineer
3.217605764144801,4.629250875043637,1.828121740244945,1.0607305320997729,1.7502744035573934,3.334542605133762,Machine Learning Engineer
3.9345332518391305,4.622850933696428,1.167437351847978,1.0,1.924765929252509,2.6684177049369087,Machine Learning Engineer
3.10393025053354,5.0,1.198391576692952,1.0,2.1479666201730474,3.0677144173599786,Machine Learning Engineer
2.7870910008167242,4.171428207433848,2.2356956313824954,1.6359497727119718,2.138991220109461,2.576263054717468,Machine Learning Engineer
3.0222760827855755,4.316942959533158,2.528980356919396,1.0409221672647695,1.115921544123384,2.8496628197781586,Machine Learning Engineer
3.2316507551171156,4.833476189512239,1.862052139279913,1.0,2.283270493540828,2.675765399990431,Machine Learning Engineer
1.9217773114974837,4.814371314664803,2.4905748577851767,1.0,2.8689924925617603,3.2144839742742586,Machine Learning Engineer
3.169379081140183,4.935800867041196,1.9658568961178546,1.0,1.8488653039587368,3.2654335810335744,Machine Learning Engineer
2.5320843851047172,4.46205308563787,1.4384024745623112,2.022827273838577,2.26517145083529,3.152246100840072,Machine Learning Engineer
2.471242664853284,5.0,1.9417143267733357,1.107084470565875,1.5116898420682219,3.080134428708788,Machine Learning Engineer
2.7880832308967585,4.617194421484906,2.367053167903624,1.0,2.282388132157075,3.342243066776498,Machine Learning Engineer
2.5601781622243798,4.589835769433766,1.888487159366799,1.1410181052311104,1.9235725040928873,3.2167812300959397,Machine Learning Engineer
3.8814898262686994,4.7461416154251435,1.1424100146482896,1.4129617915153265,2.841657287963765,3.1963841815255623,Machine Learning Engineer
2.456125662323166,4.938053818382399,1.4407382578941839,1.321427746981474,1.3243547986507829,2.8499356065859,Machine Learning Engineer
2.4978310868530467,5.0,1.8168291614311212,1.088381051625132,2.011175277483183,2.5066704861379447,Machine Learning Engineer
3.3134385317645108,4.975617174078442,1.5057354960670497,2.1204632781028963,2.2382150833585626,2.9233697233003473,Machine Learning Engineer
3.707602263350912,5.0,1.9273252888430574,1.1736987432173809,1.5059985909985296,2.926403624615994,Machine Learning Engineer
2.900468723120065,5.0,2.166380239318505,1.27991422441403,2.1188213281499797,2.394628686685418,Machine Learning Engineer
2.5307664471294578,4.726796190268163,1.8588797040383855,1.5253871452360568,1.4185305065735436,2.82129247591465,Machine Learning Engineer
3.4765047491070247,4.8500612627516935,2.230207824921412,1.0,2.1283916286623614,2.8857637280952297,Machine Learning Engineer
3.333532736364177,4.227471796296783,1.8183439958057275,1.148286338347154,2.2668476240030966,3.746476311376914,Machine Learning Engineer
2.8044876665672116,5.0,1.6704880866701648,1.6643232057723218,2.408733563349186,2.5432707101838887,Machine Learning Engineer
3.153519618625911,4.974382082233904,2.3127922968375003,1.0,1.8463768871691342,3.684547291381426,Machine Learning Engineer
2.9506395527721634,5.0,1.8873242574779001,1.8333316296137616,1.6608326853322533,2.692928234376408,Machine Learning Engineer
3.7622585905579515,4.777526804552374,2.800537153082196,1.4459202897974064,1.9226751467195833,2.0933532639914207,Machine Learning Engineer
2.9903408478640823,5.0,2.5836088666521864,1.794223588120056,1.6575064104281263,3.4005908819940913,Machine Learning Engineer
3.382701078006675,5.0,2.2493449560677723,1.0,1.9222887837361202,2.4221462125415423,Machine Learning Engineer
2.898697113540963,5.0,2.1525754179374865,1.5740454331987164,2.1708769603567695,2.3508370301655486,Machine Learning Engineer
1.7395764967136327,5.0,1.8930367668244172,1.0,1.1496863751743112,2.632628393263645,Machine Learning Engineer
2.902754257567612,5.0,2.09431554078399,1.8040336235863643,1.4821979719773029,3.440529446028717,Machine Learning Engineer
3.023649371564364,5.0,1.7817425683672283,1.535840186945295,2.1476123791726214,2.6602775075411254,Machine Learning Engineer
2.9939879855434057,4.88022207053145,2.2445891753188967,1.0,1.9853241489421527,3.1976536263246653,Machine Learning Engineer
3.0165116535965164,5.0,2.387011387035526,1.0,2.1083445487488364,3.1478327757409996,Machine Learning Engineer
3.201649802083412,4.087171002167696,1.8492368521153264,1.0,2.6391404737297433,2.969575239998536,Machine Learning Engineer
2.9033295251601885,5.0,2.2111623987249374,1.0,1.9645473187363156,2.8324165133868076,Machine Learning Engineer
2.127733555696973,4.654861883381398,1.9082298389917671,1.0,1.2588842881613456,3.575832791523738,Machine Learning Engineer
2.9489484705542806,5.0,2.200320819169918,1.0,2.2281779865663482,2.8164626769909087,Machine Learning Engineer
2.551707229676404,5.0,2.745836929400904,1.3624146867429159,2.4614887825702154,2.7396846967188506,Machine Learning Engineer
2.201190135415772,5.0,3.02725744470238,1.771403386884841,1.8321070305101252,2.422682830635578,Machine Learning Engineer
2.467158651090217,4.1581337161929754,1.9463106907949772,1.8028389790412271,1.9291686840638784,3.1511614501741376,Machine Learning Engineer
3.6877984821521044,4.7979523440838,3.017765728359797,1.9960472037487267,1.9344443306597587,2.7112328679903936,Machine Learning Engineer
3.3486190231951563,4.826237528740571,1.4217223914663317,1.6406193267614901,2.60822369363854,3.0777558018817803,Machine Learning Engineer
2.368567623135911,4.385236874391307,2.0536146442095764,1.0,1.829453533929196,3.5109815775300017,Machine Learning Engineer
3.3665896587112787,5.0,1.5046883883113713,1.0,2.3794908477300565,3.2240391705064457,Machine Learning Engineer
3.766190191293811,5.0,2.9240545520527763,1.2700089008615705,2.53108372379433,2.8382425266077713,Machine Learning Engineer
3.0071436059419945,5.0,2.806489085296527,1.3646184746553764,1.9584141140326903,3.688667514764171,Machine Learning Engineer
1.9040106718600596,4.2888827492465635,2.3408171118341947,1.0070541781265625,2.3027568255620827,3.032203761215971,Machine Learning Engineer
3.2854728473019366,4.5927985895034045,2.2852430430398454,1.4972072641037921,2.610275301965616,4.00677714732435,Machine Learning Engineer
3.1220492217511935,5.0,1.2384137679130762,1.0,1.9034589629966936,3.5251597761381777,Machine Learning Engineer
2.6944994379551854,5.0,1.9991891415183098,1.0,2.124446984566628,2.804421813873579,Machine Learning Engineer
2.785481375953667,4.147607047104943,1.8760228963360552,1.0,1.7420095053254603,3.2084365312950203,Machine Learning Engineer
3.3293159763952547,5.0,2.497707595224737,1.2877809629151826,1.852471905097179,2.76857185714281,Machine Learning Engineer
3.1564111183834234,5.0,2.698922153515749,1.5955865224700478,1.7292634967464156,2.948996859936369,Machine Learning Engineer
3.335508902458885,5.0,2.4694847343523962,1.0,1.3729886737857417,2.500531811877204,Machine Learning Engineer
3.1363167571597073,5.0,1.4506603132828075,1.0222848054446358,2.3156121784858916,2.424386671246428,Machine Learning Engineer
3.552498600902207,4.811234425720087,2.6288065562883256,1.0,1.4866872585579105,2.7709315050791403,Machine Learning Engineer
2.95242593846134,4.805760046614259,1.8919992892134434,1.166982574838095,1.9144103151018004,2.9669438030239963,Machine Learning Engineer
2.145386800398702,5.0,1.955398351154166,1.8051464902414356,1.5302174163730209,2.0958523357502425,Machine Learning Engineer
3.309034246965021,5.0,1.495783489734427,1.0,2.768698365342145,3.707055195303391,Machine Learning Engineer
1.7562716206469353,4.770888485371749,2.8320960273919495,1.0,1.7546938829866736,2.8586203361853157,Machine Learning Engineer
2.4395515131159202,4.147612127885978,2.5262736553673744,1.0,2.123635726054378,3.4432897463788246,Machine Learning Engineer
2.274386850549421,4.537865798702464,2.606589594195795,1.26644586011352,1.6913571465605564,3.6011245016805855,Machine Learning Engineer
3.603267861727151,5.0,1.5499198860631687,1.0,2.143193371977695,2.9057025854262557,Machine Learning Engineer
3.4694785891174256,4.235112959945332,1.2528682354668805,1.0904355557412162,1.7542277930965477,2.6864756926511295,Machine Learning Engineer
2.1159716404128015,5.0,1.9736224459996172,1.3267394909758703,2.034453066560486,2.9336979608797518,Machine Learning Engineer
3.5885003183951687,4.343766348275725,2.268194609423788,1.0,1.5808190599995962,2.3936714336883433,Machine Learning Engineer
3.390971267725959,4.967294883202303,1.9932483777035117,1.0,1.8501532520335555,2.6182673483454444,Machine Learning Engineer
3.191727507427108,4.504454432334193,2.664897182602538,1.0,1.5967400837717194,3.838600254983048,Machine Learning Engineer
2.7824306260189826,4.342560667797794,2.1095357812688342,1.0,1.582064872190847,2.452064594600641,Machine Learning Engineer
4.384186802812971,4.874224049907932,1.0372163198335613,1.746854879502767,2.3055354525552856,2.616766784490106,Machine Learning Engineer
2.533440455656929,5.0,1.8765408362552727,1.0,2.8936199823023343,2.7830047688920216,Machine Learning Engineer
3.747785868241213,5.0,1.499495227758593,1.516594932181574,1.6742787250681594,2.066649706598029,Machine Learning Engineer
2.787700916988929,5.0,1.768631676001831,1.0,2.5717830224643063,3.053246990145046,Machine Learning Engineer
2.578350844357524,5.0,2.098837783477123,1.0,2.2141764568857245,3.195914353858051,Machine Learning Engineer
3.01006056479043,5.0,1.6638032078367488,1.1682498944104505,1.2165203144163237,3.203545191699416,Machine Learning Engineer
3.9765298477699482,4.502571823766229,1.6200989340061125,1.0,2.064999112900798,2.4684818635731407,Machine Learning Engineer
3.21062368934549,5.0,2.2671736067268924,1.0,2.497583832579303,3.46868370712684,Machine Learning Engineer
3.415080686173152,5.0,2.1100946571025663,1.5161946990631985,2.961756743801727,2.523479768317575,Machine Learning Engineer
3.539062697897386,4.956891450996274,1.9351634739856998,1.0,1.8576052952423026,2.5013675210157924,Machine Learning Engineer
2.768072785247027,4.4509068081109255,1.7755458063434968,1.0,2.0483774592194,2.1926250688543343,Machine Learning Engineer
2.2772409261273383,5.0,1.6012809414649505,1.5372648951149657,2.1126348610075234,3.3033810751032036,Machine Learning Engineer
3.705346160210447,4.8451445940967135,1.712756647291862,1.4358512927994067,2.254756781964843,2.9063348450893494,Machine Learning Engineer
3.695728983477971,4.893877845080035,2.0163868187778906,1.0106113254171292,1.5327030525507643,3.0387926947431954,Machine Learning Engineer
3.6983800886992455,5.0,2.015531713199466,1.0,2.1654335142031758,3.3748833142445926,Machine Learning Engineer
3.3046194154448765,4.834067569089011,2.1623907970550573,1.2399698705741393,1.4964025062365107,3.0841152705918473,Machine Learning Engineer
1.919348056848819,5.0,2.330171527281341,1.3737730628932296,1.8024765739152162,3.1545234175120176,Machine Learning Engineer
3.7119769227705834,5.0,1.9854136503867197,1.0696598153647798,2.5554555723672165,2.2495989923689126,Machine Learning Engineer
2.8384621286614875,5.0,2.487600270842383,1.1846318888249523,1.2470837973346898,2.975044883479419,Machine Learning Engineer
2.7050423018750336,5.0,1.59532665760256,1.0,1.0,3.610902342488351,Machine Learning Engineer
2.800114744278471,5.0,1.9988809417629094,1.0,1.3704675442759033,2.4973424370013824,Machine Learning Engineer
2.6384157805853037,5.0,1.6021411682396942,1.8732453157973108,2.5135755179465757,3.404179774832854,Machine Learning Engineer
2.940170548763425,5.0,1.890997184439438,1.0,2.0849872698746346,3.350911520271672,Machine Learning Engineer
3.3184540395014928,4.762437360777699,1.7335031402870231,1.3199514785760422,2.3576182919456166,2.8033244375885635,Machine Learning Engineer
2.206405965160773,4.896341951995877,2.3117628994129293,1.9027084232098903,1.401021018829669,2.7867143735847133,Machine Learning Engineer
2.8052982192373115,5.0,1.9825292497706837,1.0,2.2793476414609097,2.7976807399795267,Machine Learning Engineer
2.387806363321023,4.553613346361924,2.8670209772113093,1.192104610824731,2.0538800277262714,2.875053132093977,Machine Learning Engineer
3.1460744210593994,5.0,2.146084414103663,1.0574225451388766,2.4343991691527744,3.0115521730003656,Machine Learning Engineer
2.5110305822236807,4.693788554549566,1.0104906532551439,2.0134085580211964,2.4313772959763433,2.5849647524353814,Machine Learning Engineer
2.85907757530145,4.681561762896783,2.7712736056870586,1.0,2.0572380294093895,2.945736078717576,Machine Learning Engineer
3.4134193153545573,4.947995386137652,1.1208955616722824,1.0,1.5139188910283374,3.0397897732782804,Machine Learning Engineer
3.717088518260163,4.130287377883861,1.599888632300048,1.0,1.8091844522933944,3.3700628320526222,Machine Learning Engineer
2.913227791219306,5.0,1.687113478134112,1.1149621727089687,2.3888988154388575,2.633850225131456,Machine Learning Engineer
3.3906790599032575,5.0,2.5227301202411265,1.0,2.1906223275810492,2.979696884160735,Machine Learning Engineer
2.9518938689797105,5.0,2.268403734612452,1.0,2.716816804408939,2.0701684797251008,Machine Learning Engineer
2.657593945130552,4.95286546461755,2.206177984542974,1.7880862638706891,1.0708542558874463,2.746152935805145,Machine Learning Engineer
1.9365832561003673,5.0,2.1358417922500155,1.7953978710856262,2.060317380446727,3.52201256472119,Machine Learning Engineer
3.2919185407695295,4.782375901497415,1.2955196266039803,1.1375011491459053,1.253948991427318,3.647603536334822,Machine Learning Engineer
2.918968948981588,5.0,1.7598927829338002,1.134425393200496,2.1046744286673444,2.977477940994538,Machine Learning Engineer
2.783670243301704,5.0,1.5369183682583958,1.0,2.621413446663414,3.36358399444605,Machine Learning Engineer
3.03294580430112,5.0,1.8661172406375777,1.6613516099944898,2.087787042462911,2.487624624961805,Machine Learning Engineer
3.924020095885425,5.0,1.9394894844952177,1.3635856297669746,1.7981482830010467,3.414574517529771,Machine Learning Engineer
1.8044607173580203,4.4900993331527035,2.4896298721434813,1.0,2.103771147444371,2.3266071689422825,Machine Learning Engineer
3.9239334978510514,5.0,1.899657390812335,1.0,2.5148021807098466,3.9912352250844636,Machine Learning Engineer
3.4768801279056767,5.0,1.538824335469041,1.0,1.4055294409733257,3.2208803248247397,Machine Learning Engineer
3.087801774902185,4.9240244382640075,2.4046293140616495,1.616164302607332,1.2371687953565789,2.7015139860494424,Machine Learning Engineer
3.41007179706153,4.766130658070709,1.600896961820923,1.5092687138251972,1.35524996513801,2.8492100961044473,Machine Learning Engineer
3.1643220129024043,4.71309004304494,2.3915778280065876,1.0,2.7043097467229598,2.937126851252114,Machine Learning Engineer
3.3356350683526768,5.0,1.6862299986279636,1.0,2.1803778773319173,3.036144173562435,Machine Learning Engineer
3.277913013787564,4.886736263808581,1.784786150599642,2.0042365054908498,1.263822969244611,3.366975239182119,Machine Learning Engineer
2.7126990709083043,4.832110691129789,1.8414485837130172,1.0,2.28561210511812,3.6953217979749784,Machine Learning Engineer
3.235006830623331,5.0,1.5067797504503768,1.2584126329122254,3.0781748158646494,2.809652688102454,Machine Learning Engineer
2.812008210324067,4.719455434509501,1.7552928827527898,1.0,2.2025176929278563,2.577223911822693,Machine Learning Engineer
2.1948684406041,5.0,1.458991107479032,1.0,2.73322119559429,2.295392100987743,Machine Learning Engineer
2.233700882701119,5.0,2.574743682005184,1.0,2.2038448684185887,3.290499769980846,Machine Learning Engineer
1.9704197581538399,5.0,2.4383029399210896,1.0,2.626173181149004,3.5682277871624226,Machine Learning Engineer
3.0515589628586026,4.7742773048375335,1.5135860537085215,1.0,2.2848794598520894,2.8379115694796795,Machine Learning Engineer
1.901249497368985,5.0,2.095111610922447,1.0,2.428579194211644,3.762319298241378,AI Engineer
1.5990442152560542,5.0,1.2866753945948264,1.2495552533994707,2.0639636011872895,3.317863263220275,AI Engineer
2.750376192752672,4.063379944090424,1.774815904371666,1.2034238175698915,2.5076961643376117,2.4140843497637374,AI Engineer
3.5135302134365087,4.676063855176739,2.1812249407972635,1.0,2.091085313856051,3.4459388172851373,AI Engineer
2.386492961355732,4.660047051626584,2.0924812936710433,2.2007918305151764,1.568405143916586,4.02006694299846,AI Engineer
4.002211651837586,4.951344424649204,1.8509237369000497,1.0,1.9658987348336654,2.296640283720221,AI Engineer
2.961880491339701,5.0,1.6944574687616412,1.0,1.149429762866379,3.1870310440655216,AI Engineer
3.132240842475687,5.0,1.8915864748889284,1.0,2.250950116850336,2.9855916992056883,AI Engineer
3.157485935777666,5.0,2.561713643547881,1.3384970486875272,2.096430921575095,3.75921101532609,AI Engineer
3.2101342645282807,5.0,2.303471304193319,1.0,2.6524173816596646,3.0675881206713345,AI Engineer
2.974022614549611,5.0,1.8275084190214663,1.1135144301944726,1.7040619668284538,3.637136129367185,AI Engineer
2.943205943189475,4.808708078638784,1.537537092140363,1.1343878945743207,2.0935535500625457,3.1942123068387533,AI Engineer
2.4863740562474357,4.199409400594213,2.31279565125328,1.742320930938254,1.4868231888050518,3.7947206417808492,AI Engineer
3.1419555293681904,4.996468547724585,1.801225651727111,1.0,2.4938642579623,2.6121968192811984,AI Engineer
2.6100966621312,5.0,1.0585082766641367,1.0,1.9909328782459592,3.146642214502426,AI Engineer
3.242367323984462,4.849100753301873,3.265184834320845,1.0,1.884606923948639,2.601506665593061,AI Engineer
3.0619534082605355,5.0,2.60178902726673,1.0,1.8770023308221495,3.223351805404572,AI Engineer
3.2935287672972677,5.0,2.271211984766051,1.0,2.7789527161591785,3.4963140514897146,AI Engineer
2.327536106467414,4.462448475941622,1.476539124946547,1.3389849854482643,1.3576361167912663,2.8344878328959595,AI Engineer
3.2273521982083873,4.966917032726783,2.129443757856353,1.0,2.2974271866986222,2.6933940537620016,AI Engineer
2.8376901628010294,5.0,2.051539110765424,1.0119900095077965,1.6246865890116222,2.850225294400404,AI Engineer
3.001091795418518,4.312457383416458,1.7687335168433105,1.1938399395164232,1.3612816980773288,3.57829082579712,AI Engineer
3.6348066312999214,4.377424712019957,2.6788098165250696,1.0,2.2092572795785275,2.7516744739358767,AI Engineer
3.461522413613381,5.0,1.5929233717011981,1.0,1.2698487823953886,3.0939708882163783,AI Engineer
3.286235705889868,5.0,1.941009452696311,1.0,1.6589626009881084,3.576174319480963,AI Engineer
2.7576857176999594,5.0,1.4621747582125564,1.1682915227295174,1.771157719160461,3.5233563568878816,AI Engineer
3.3867788531034067,4.75214702671255,1.9366679863261682,1.0,1.2902834017274951,2.571278785226392,AI Engineer
3.09910866386041,5.0,2.0742739517963193,1.0,2.4665333028604928,3.0317709522804686,AI Engineer
3.3516269140479737,4.113112433898741,1.0,1.14189401391904,1.2876171731392554,2.893774148643472,AI Engineer
2.848951479487697,5.0,2.199998276471803,1.0829295133993364,2.418495577316837,3.1842487934195196,AI Engineer
2.7711615035057835,5.0,1.445124936055863,1.1616235937667811,1.2262151029318444,3.1019719287579974,AI Engineer
3.096494820886465,5.0,1.2175130532791103,1.0,2.4113412132870717,3.167658628198654,AI Engineer
3.0901525256687514,4.52193214852073,1.7045908259542855,1.6225205041116282,1.974245403123036,3.1876798480722366,AI Engineer
2.9424058356117606,4.408457242375118,2.4669052130374984,1.251616192266248,3.1528184186835944,2.4922093101747276,AI Engineer
3.41128646060024,4.344228016981499,2.078673283836539,1.4882532945315823,1.0,2.897533762879196,AI Engineer
2.71839513297869,4.649021350852439,2.192606326129677,1.5603428532112975,1.9333606423854222,3.10274321378001,AI Engineer
3.057154376529624,5.0,1.4553286811439468,1.5542223008614464,2.147597684079418,3.197440745001289,AI Engineer
2.596745185487209,4.77038980100538,1.911932901144611,1.0,1.155982837401161,2.699626034680716,AI Engineer
3.261260383221195,4.673431305035029,1.4905974012046432,1.0,1.7723287884273438,2.8230705185899483,AI Engineer
4.082760726103278,5.0,2.512387056140864,1.5842901821366908,1.5005895653329753,2.3888176925063807,AI Engineer
2.446564854232972,5.0,1.7264041055587545,1.0,1.7845018998900934,2.880697234142686,AI Engineer
3.134206636847281,5.0,1.585909718063246,1.3428281962568556,1.680403233124921,2.9218618316474787,AI Engineer
3.3433870352516775,4.679089298027829,1.7153242882094313,1.2958340248465654,1.5711334116974902,2.8076039881979646,AI Engineer
3.2778710890214464,5.0,2.302702252381373,1.2363198814950058,2.265400791836365,2.4634048629664753,AI Engineer
3.057798369339954,4.9851167558317995,2.160792270186378,1.0582540262379354,2.189849838708556,2.8442664025503994,AI Engineer
3.029304458685896,4.386085716971504,1.8400463609985431,1.6954167740883217,2.159404169814128,2.9895394813084617,AI Engineer
3.9480616381271734,4.31958251084946,1.4452722222768901,1.8563557056381363,2.0229804680244667,2.878708481855103,AI Engineer
2.4003978374521786,5.0,2.272229934763731,1.0,1.9298622072247857,2.8322420839834668,AI Engineer
3.1279885732093855,4.440374878889678,2.6259737272565786,1.457911890798802,1.818412220633592,2.8917906441808143,AI Engineer
2.931788924861192,4.610845723496748,1.7782852908824822,1.0,2.806434185353564,3.4733091541652183,AI Engineer
3.4673273536683116,5.0,1.4413364955343826,1.0,2.48524422980669,2.370867685316356,AI Engineer
3.318276603436632,5.0,2.5309083229948657,1.7070145677809938,2.1091693752210805,3.483965974382495,AI Engineer
2.641073392822982,5.0,2.3271940670303817,1.1449555870188315,2.658003709859249,2.7306075810763057,AI Engineer
2.906471241763169,5.0,1.4851945144552996,1.1134659719001239,1.1405347935230765,3.523477267214105,AI Engineer
3.023318683282983,4.739553548048118,1.5828131938524392,1.0,2.344129855386207,3.2738694893687805,AI Engineer
2.6472310263607697,4.576980163686183,2.3284493531598236,1.0,2.029954887039752,3.0618773212621386,AI Engineer
3.156031065863369,5.0,1.3685185315663386,1.0,1.7162763593858241,3.900764203916093,AI Engineer
4.011087050043689,5.0,1.9035093161196552,1.0,1.0,2.6929809192252945,AI Engineer
2.90096318492532,5.0,2.433902729771223,1.1137025394958102,1.5550776145294292,2.519610220877555,AI Engineer
3.127063843535718,5.0,2.1959406311227925,1.0,2.325333814396043,3.2129554835507057,AI Engineer
2.4646667969049108,4.607839514849872,2.344247987280783,1.0,2.7945736508182284,3.250564638032288,AI Engineer
2.7566844059053652,4.994897199804534,2.031691696318859,1.0,1.5437059009111866,3.3506949469047496,AI Engineer
3.4226366485210478,5.0,2.757659047161901,1.0,2.837135383035565,2.5495394407229237,AI Engineer
2.4936572183157537,4.120020558925375,1.7771023430865915,1.0,2.2629686401273252,3.1219454708102257,AI Engineer
2.4035133144904317,4.803636880787091,1.8142689894561572,1.0,1.5095266364933153,2.6145931846929553,AI Engineer
3.716812509910473,5.0,2.3310843769737497,1.0,2.597107241506996,3.6505510315120464,AI Engineer
2.000827516427687,4.647341638042076,2.247882786507755,1.3221942267690912,1.6607526347563892,2.8472502684731738,AI Engineer
2.7013094694774287,5.0,2.5985892657309564,1.0,2.500410248884207,2.609163963826556,AI Engineer
2.576186393751558,5.0,2.4609681890038084,1.4257049683813272,1.3421012958909295,2.7670245109639744,AI Engineer
3.4114942960016608,5.0,1.4631535769012678,1.2291589695627207,1.6425963705042648,3.8972624241961062,AI Engineer
3.772420731209129,5.0,2.680503352384887,1.0323956750616905,2.382718747187508,3.7388601476510375,AI Engineer
3.1227493408971565,4.8724064142428585,1.147689020911442,1.0,2.4117115922811556,3.472816713783815,AI Engineer
3.252182532859205,4.72935045251888,1.0115892155262047,1.0,1.8478275644730242,2.843535516404993,AI Engineer
3.309278178488962,5.0,2.0617646009205464,1.0,1.8703890934979537,3.062192383453857,AI Engineer
2.5858531198258006,5.0,2.2254061681659,1.104843031787244,2.2287709670023905,3.2168738046742678,AI Engineer
2.114051658876778,5.0,1.6644925771687733,1.0,1.447774086072502,3.2167708052362647,AI Engineer
2.8887125363875734,4.159015608007294,2.2390189075961415,1.0,2.0699106792591055,3.1192494628365273,AI Engineer
3.4427885408475225,5.0,1.3176618370497293,1.0,1.8618323524778913,3.216874842980481,AI Engineer
3.107834385466809,4.82372687863169,1.7795489056945724,1.0,2.4939307912032547,3.2296020907997645,AI Engineer
3.4588840988975686,4.844801931762243,1.6715822656527848,1.0,2.1794587918703296,2.4801033877358827,AI Engineer
3.924331534483275,4.34617870945328,2.136830059606251,1.7834273536068932,2.2995448796319047,3.0878368562458895,AI Engineer
2.515758176519052,4.309115405716148,2.3850250544587928,1.7530736203874733,1.7805750047609143,2.4304692461918247,AI Engineer
1.7709152847254908,4.509617578168731,1.94317157875048,1.799561620418367,2.3365668461164844,3.1525427023533763,AI Engineer
2.7999401693494343,4.7084171413720215,2.7028237987539816,1.1003692703791947,1.0,2.6632301760513784,AI Engineer
2.5708919841141866,4.726867995411268,2.2814553301425424,1.0,1.961567296498169,3.6567365806626184,AI Engineer
2.6517694551066557,5.0,1.664346204314457,1.0445990983062856,1.8593982022986166,3.0617095667504803,AI Engineer
3.2222959975365644,5.0,1.62344133468971,1.0,3.2515858954528554,2.7580078301997233,AI Engineer
3.3496062193359935,4.196179344738401,1.8601936400476615,1.0,2.236407534963916,1.6387729295040305,AI Engineer
3.0830703065391654,4.425129272316053,2.1621728555974618,1.0,1.5722586520372093,2.863186194803366,AI Engineer
2.473835265198402,4.762232776632323,1.4033121157283424,1.0,2.5089785262146798,2.3519756535880356,AI Engineer
2.9106595561960082,5.0,1.6925279487419784,1.0,2.1131190443337107,3.558966911363576,AI Engineer
2.4153423674567653,4.924926083991281,1.1337527025163363,1.0,2.0171023422690375,2.5726876791224673,AI Engineer
2.7715040830873843,4.295886615846275,2.0385393056907466,1.5278471244415748,1.4514280651147682,2.6886641167238086,AI Engineer
3.251273123227091,5.0,1.2534050938955343,1.0,2.1415654111597626,2.948971804685576,AI Engineer
1.7616039665614565,5.0,2.759668175545322,1.0583308755847518,1.4844469733528682,2.7434363768178587,AI Engineer
3.8849565338277965,5.0,2.3200133091921646,1.178206291767188,1.669431443904514,2.8997144096721157,AI Engineer
2.9610386321607423,5.0,2.754459447133452,1.559169068396564,1.2903078221019797,3.1119974844505243,AI Engineer
3.3683816725839484,5.0,1.6853831183062904,2.4570546078841806,1.3614577188344406,2.458405776666975,AI Engineer
3.116797540630788,5.0,1.5819025746479145,1.0,2.5386468365078465,2.991068922556133,AI Engineer
2.832698072734852,5.0,2.1362589951147966,1.5152193928183957,2.645734444532682,3.1535015300026807,AI Engineer
3.1458663626891545,5.0,2.244565278324644,1.027585318935732,1.9996957588388553,3.5983135604136214,AI Engineer
3.7580580901775216,4.24622352768329,2.0050105758702848,1.0,1.8445142667569638,3.2012581048676605,AI Engineer
3.334719185771234,4.9439367781943275,1.0433298326385985,1.0,2.448249835100083,1.6297867889825344,AI Engineer
3.593713575841,5.0,2.658088040765011,1.0,1.0,3.215181320753249,AI Engineer
3.6373265620191706,5.0,1.6686542582559822,1.0433805377313234,1.733581865610038,2.590366767905314,AI Engineer
3.4776942855899255,4.401233844367419,1.5530917847091936,1.0,1.2548762383504766,3.0732071459213017,AI Engineer
3.5807515242409877,4.907561621877367,1.2471260997179168,1.4199722698710138,2.8428508770174856,2.6768788379267026,AI Engineer
2.760722866641141,5.0,2.810936873892526,1.0,1.3337751095008974,3.3157093031362033,AI Engineer
3.3995340365711497,5.0,1.7209333701712746,1.497189365496023,2.264018002273982,2.6157822415482537,AI Engineer
3.0245473656528357,4.324146233987677,2.34294522821896,1.0,1.7821445838076315,2.983562757423783,AI Engineer
3.020153849665124,5.0,2.2955452656626107,1.0,2.3818340748594977,3.2003686268458065,AI Engineer
2.7867001818569817,4.937640920881757,1.9258885555784395,1.252630671587101,1.816488692639179,2.804795406789183,AI Engineer
3.9843786547169793,5.0,1.6196996677874305,1.285470496971099,2.0591750328275884,3.195775587630047,AI Engineer
3.0686706622825524,5.0,2.1728101723257227,1.0,2.5210952884915088,3.116642520543936,AI Engineer
3.060739289664529,5.0,1.9531954883168168,1.0046134964977345,1.7066527056190637,2.6244163901880606,AI Engineer
2.50071480675878,4.304008356601462,1.5601413193077218,1.0,2.0515587912228184,2.86435171842618,AI Engineer
1.822148254936321,5.0,2.543240061445191,1.2228799256085643,2.953745336276634,2.511317941258145,AI Engineer
3.9438125603130025,4.517392961624726,2.1193689626456784,1.0,2.0073470477721833,3.1930832489991943,AI Engineer
2.9226548344327226,5.0,2.049507224743629,1.0,1.7165933410988303,3.405456886307848,AI Engineer
2.673128985096516,5.0,2.6113558964159655,1.0,2.5664631936505176,4.030211349222349,AI Engineer
3.126001880600964,5.0,2.5185026621845794,1.0,2.0911401117689348,2.3429002351884454,AI Engineer
3.0693175142652254,5.0,2.2580815114632347,1.5327123617987901,1.6125989109322354,2.7336966216632517,AI Engineer
3.9477536729956775,4.924835813118145,2.100016893656164,1.0,1.5891595868474888,3.8117646054459033,AI Engineer
2.736149294039697,4.436357238146535,1.7746298613486242,1.0,1.6743562675084092,2.5159357010738366,AI Engineer
3.308714315463662,4.663292880220064,2.443901967789424,1.6992419965346608,2.3905876681437994,2.892305855569962,AI Engineer
3.0705572483527965,4.23750752992797,1.9331103137393801,1.0,2.3471631905746495,4.286376194622237,AI Engineer
3.2499108179869047,4.0044299255226665,1.8193849035428136,1.0612454626872274,2.0436787126301317,2.6345934371956234,AI Engineer
3.1226458713184675,4.378749581540307,1.5275456386574664,1.3228988208018557,1.492168384560087,3.269105802746129,AI Engineer
2.315268112671971,5.0,1.6128650387979726,1.0,2.165306630545203,2.717325023749453,AI Engineer
3.0717029805356524,5.0,2.4803066162517426,1.3957487179864785,1.914094768098663,2.926684112978199,AI Engineer
4.174554279012517,5.0,1.5390881718398932,1.049994081882776,1.8324284306109038,2.932332883038445,AI Engineer
2.385252421145956,4.794038382807024,2.9057778865969563,1.2895381504377514,1.0,3.608361746248973,AI Engineer
3.544814761454581,4.820357347846792,2.3586317718916074,1.0,1.7648721418668214,3.749273180334927,AI Engineer
2.864134980065146,4.065134169022505,1.9683483886093316,1.0,2.59918428468673,3.00716821108788,AI Engineer
2.7892088442798535,5.0,2.060395116250555,1.0,2.5774987802708087,3.0968308822583994,AI Engineer
3.001462983339719,5.0,1.4646658142917015,1.0,2.0017913009163917,2.90266815248766,AI Engineer
3.636214191408298,5.0,2.427451961318201,1.0046976772879248,2.5281442418730613,3.198763878286577,AI Engineer
3.00671024269423,4.99335845552049,1.5227806868545184,1.2534578600681554,1.9798976327318105,2.749004019909398,AI Engineer
3.5532308854060357,4.3748919870525995,1.788752052283783,1.5138593743897668,2.1577614704601267,2.9760705361736215,AI Engineer
3.1255017715750735,5.0,1.2416687268570392,1.0,2.8082608272568743,2.670337932611416,AI Engineer
2.840849492947833,4.729189618345406,1.9564923883409313,1.0,2.24337075107903,3.098656706145133,AI Engineer
3.386773807553509,4.474529416905519,1.8298297585585483,1.0,2.2278234550442972,2.6033894013964827,AI Engineer
3.457826902129172,5.0,1.505563826182208,1.0,1.734034245853954,4.316193102338749,AI Engineer
2.7850499473960566,5.0,1.366684002446695,1.0,1.6566977340758995,2.577155344276739,AI Engineer
2.8660506329207505,4.645610898639251,1.5903292036327132,1.5792359982366637,2.6118968112565826,3.474648249187658,AI Engineer
3.261999477792164,5.0,1.7514846546670457,1.0,2.181497851716344,2.413184803726601,AI Engineer
2.503039535412303,5.0,2.9503245208610434,1.1966475690832403,2.553228576147322,2.877075841278008,AI Engineer
2.331162906956158,5.0,2.2846446616350318,1.035834276940122,1.8788122709474444,3.481105289290549,AI Engineer
2.5071334832862626,4.613109710554671,1.495946746619786,1.0424864813179135,1.4560534939453709,2.657878909742378,AI Engineer
2.647122218886401,4.8696958338330205,1.2563127767980116,1.0436024960186334,2.623651825332339,3.067745686158381,AI Engineer
3.7706605724006605,5.0,2.388867523623927,1.0373429213184429,2.0112501941227197,3.38189988618163,AI Engineer
2.8041646952479837,4.058739624266268,2.24600202705148,1.0,1.5189293859048076,3.000111973997894,AI Engineer
2.952437561223265,4.293962196842185,2.0827457820665702,1.4830698304305243,1.4358292148671086,3.6362416654243797,AI Engineer
2.219914587435028,5.0,1.7943697847582583,1.0728084984134456,1.053983213757165,2.9689319667653455,AI Engineer
3.114241088859096,4.9569189479502525,1.7184594614738131,1.0,2.5652633097686555,3.015403567498975,AI Engineer
3.7703761882583864,4.736758822602538,1.7826026533138914,1.4077971222980814,1.188512518998218,2.3932683199235383,AI Engineer
3.548742485676582,4.414033035388402,1.0904744923487262,1.9342635940365454,1.3030911760628974,3.0920596991640847,AI Engineer
3.0345425963621357,3.594685841690958,1.8663414884160956,1.2242066247395549,2.1771546907594304,3.4517603419017506,AI Engineer
2.806254342547283,5.0,1.655335465959964,1.0,1.3511358121593837,2.2689447724022926,AI Engineer
3.504792983945597,4.242713245470721,2.1370194203246515,1.0,1.9486757132746841,3.6818036475998497,AI Engineer
2.7807863163923634,5.0,2.0187816756905557,1.0,3.1499845621932367,2.279329127142315,AI Engineer
3.6445659177187224,5.0,1.760237502684108,1.814659258720806,1.0759449438057316,2.739116671350464,AI Engineer
2.395758897865462,5.0,1.4434679494064113,1.2165319733706594,1.906781792089223,2.760323028671958,AI Engineer
3.1943236230166554,4.865689188030968,1.4556825784704808,2.4006864948174895,1.7564164084854277,1.8911954599239926,AI Engineer
2.5789506551393058,4.366361655813635,2.413072808020258,1.160826329795793,2.199356400895172,2.814988767081378,AI Engineer
2.860324876471539,4.814534448196166,1.959403407932265,1.4176667176824176,2.1680377062526732,3.2500564148104334,AI Engineer
3.2497794541246012,5.0,2.1440750207701273,1.1794240363394595,2.5944031205965783,2.667477040998444,AI Engineer
2.5721287100242463,4.407039200406572,2.091457281810128,1.0,2.2310770480298387,2.9454034527497237,AI Engineer
3.5673198499105285,4.664041344767504,1.8983408572912466,1.5611016666466844,2.691567823389076,2.65992381712409,AI Engineer
3.09089061629358,5.0,2.186826702810574,1.0,2.6406916990618177,2.0551482581892273,AI Engineer
2.789434882599458,5.0,2.2286124059746717,1.6763795153073815,2.5991126966006437,2.857229187346388,AI Engineer
3.6499356217653025,4.642979128111272,2.465443691395919,1.9052612392104966,2.6074720534274847,3.0528851917620616,AI Engineer
2.8341106141139387,4.235704351870357,2.155269818957102,1.0,1.6034326681930315,2.4046270996316643,AI Engineer
2.7698038336716726,4.986015292756509,2.1368072905828526,1.0,2.5346418531975914,2.895897371005017,AI Engineer
2.6061387833672405,5.0,2.981776416771908,1.1675802832675588,1.8185721863131965,2.236269321940648,AI Engineer
2.890293839513965,5.0,1.806209554372215,1.0,1.574717305248283,3.727269230443879,AI Engineer
3.7170005018652303,4.556680415397701,2.336378393599711,1.0,2.702158140997476,3.1226179239471183,AI Engineer
3.474820749308267,4.142453326408731,2.338818550962444,1.0,2.4259645353954213,3.457433899048925,AI Engineer
3.0328923447373746,4.6995851804520425,2.389848091089747,1.0,1.5636075232361788,2.539923884271157,AI Engineer
2.261417791843809,4.744854420218468,2.551346023037189,1.0889148998527172,1.7351161470384797,3.4024279690900396,AI Engineer
2.5837616891383055,5.0,1.9101848136372424,1.389565312794176,1.2113858145402496,2.574901127092672,AI Engineer
2.1808771704527334,4.870201639095365,2.6057137518162152,1.0,1.7446580309021746,3.435862212092068,AI Engineer
3.53427477922765,4.955714466365605,2.342357427024946,1.0,2.688987166962707,4.074353146968526,AI Engineer
3.2606078955943625,3.9578341893286,1.7208848688011078,1.3064126608346607,1.7892585014168185,3.636099277125049,AI Engineer
3.2940786322179325,4.646762249617102,2.016132405385626,1.0,1.9087075607937791,2.722703379783724,AI Engineer
3.587380900116519,5.0,1.284405833382124,1.0,1.8774137890743072,2.2407921505856585,AI Engineer
3.0231058018354586,5.0,2.7470709486334126,1.1006972793576406,1.9034223875752105,2.010807541713458,AI Engineer
3.0130925745928994,5.0,2.3194784071063728,1.0,1.78247369988207,2.260998872347908,AI Engineer
1.8543535965579674,4.445751454601608,1.2148370928734917,1.1683561477103055,1.7409329716665713,2.7308814349626056,AI Engineer
2.507793476912394,3.383717283743783,2.7541553743737754,1.0,1.7937899650750464,2.272553917355345,AI Engineer
3.485965171720317,5.0,1.5868173573670656,1.0,2.839089961062435,2.963515284059361,AI Engineer
2.909133231192047,4.529309256930367,1.0527094247638487,1.0,2.162742556162309,3.549792232163835,AI Engineer
1.8757517327501723,4.437451836488486,1.709629454721775,1.0,1.9274831542357889,2.9391556571563653,AI Engineer
3.2040480292849725,4.548353444610445,2.467070721116847,1.2167262208497402,1.8400838679359603,3.8004539959444577,AI Engineer
3.778208017785883,5.0,1.0,1.7894725463589878,2.397379261235967,4.0032043188564685,AI Engineer
3.6187322958667694,5.0,2.4393274250901893,1.6743465993227562,2.99706187036722,3.108277369189103,AI Engineer
2.2138847279609353,4.846269549992429,2.1949727996917185,1.0374437921857789,1.3767190169202868,2.1844661874025104,AI Engineer
2.6294186656825853,5.0,2.7901698854114847,1.4582838068888506,2.528713643557068,2.959592213418221,AI Engineer
2.128958771147018,4.772389709558647,1.8706177940638107,1.0,2.027347432687313,3.220709879946475,AI Engineer
3.4265075941217487,4.860940067816833,1.0481202971777033,1.0,2.021855198495992,3.611403961066704,AI Engineer
3.716096078907947,4.256271814199701,1.1450439498177163,1.0219502665616942,2.4652666596622956,4.66957940162371,Big Data Engineer
3.7124067751782417,3.994049588452886,1.0,1.2540061455273,1.6434038478169337,5.0,Big Data Engineer
3.9499136156066217,4.107462982388353,1.0,1.0,2.048004633998525,5.0,Big Data Engineer
3.997899042304422,4.852681178256542,1.0,1.0,1.2131854889415077,5.0,Big Data Engineer
3.442376731811593,3.860844872061712,1.0,1.1404455633005857,1.72360454122741,4.702347151153009,Big Data Engineer
4.717928232042949,4.142283395237263,1.0,1.0,2.8226774761353726,4.882417560874451,Big Data Engineer
3.655361688423806,3.6575019249368035,1.0,1.0,1.3601760758253785,4.437899951526511,Big Data Engineer
3.5853398128193152,4.2957855092265484,1.0,1.0,2.6350440126274486,5.0,Big Data Engineer
3.8589375284311327,3.6845682446582955,1.0,1.3463878848541189,1.8976463832388561,4.806752554838605,Big Data Engineer
3.5931677124312236,3.615166795494306,1.1600290957466224,1.0,2.4974343468939693,4.733077678092541,Big Data Engineer
3.925182027874104,3.3315110209297227,1.0,1.0,1.9749597005717667,5.0,Big Data Engineer
4.08884902289512,3.602670407927098,1.0,1.2975655929568843,2.649346645496712,5.0,Big Data Engineer
4.344356372277384,4.304868861668353,1.7095322066787606,1.0,2.3336094696522642,5.0,Big Data Engineer
3.3306381469322135,3.557165907996792,1.0,1.0,1.7591414745322371,5.0,Big Data Engineer
4.432837325583685,4.540658478884268,1.0,1.0,2.6579109200081117,5.0,Big Data Engineer
4.041432420934498,4.236668337777483,1.0,1.2622923415238074,1.8319666517471298,5.0,Big Data Engineer
3.2447269748152516,3.6561078525872843,1.0,1.0,1.5367433726101258,4.733228187088459,Big Data Engineer
3.2427929688009396,4.27435023819745,1.0,1.0,1.5825850447266634,5.0,Big Data Engineer
3.728489026807105,3.651529269930952,1.0,1.1717987675891082,1.2818237714804197,5.0,Big Data Engineer
3.5998533591963118,3.9910360158751006,1.0,1.0,1.4881701269346428,4.857156725953868,Big Data Engineer
4.812665154537598,3.3191624847681847,1.8461565095524377,1.0,2.0176857085443194,4.456644594307637,Big Data Engineer
3.6143652916612594,3.7485451749809906,1.0,1.0,1.7964920540966145,5.0,Big Data Engineer
3.4170129071597692,4.051345258374294,1.1239231409509123,1.0,2.3434137477264194,4.800836493559186,Big Data Engineer
2.753805174208466,4.329924806052283,1.0,1.0,2.343951041446199,4.826419258790775,Big Data Engineer
4.45888607527575,4.605083047682659,1.0,1.3966312479775154,1.622269599303559,5.0,Big Data Engineer
3.6535214977343924,4.5130437204800025,1.4218950129407877,1.158043911054467,1.6647284192916585,4.924301254029295,Big Data Engineer
2.923205943527724,4.112210019191125,1.1748076655141926,1.0667497095306857,1.0,4.3671817774550945,Big Data Engineer
3.625954508575669,4.145829466594523,1.1446694528214922,1.0,2.3176227683019786,4.48687881234855,Big Data Engineer
4.305117502846998,4.237371052419945,1.1887773664189552,1.0,2.915371912415631,5.0,Big Data Engineer
3.5158320683732205,4.124152737867992,1.3762416885371094,1.0,2.5446361234655495,5.0,Big Data Engineer
2.8287608311673265,4.149835988668963,1.0,1.268589907270868,2.4721074201259072,5.0,Big Data Engineer
4.832626116972348,3.9106465577182523,1.3124089115269375,1.4024712868186737,1.9513270155536335,5.0,Big Data Engineer
3.7026635064189155,3.7887157904893907,1.0,1.1207045581850235,2.162625837927172,5.0,Big Data Engineer
4.395570002177942,3.8576022216762835,1.0,1.216425201259987,2.5553765862073208,5.0,Big Data Engineer
4.542238762428644,3.8940552344008785,1.0,1.0,1.9720517666932023,4.96070460201559,Big Data Engineer
4.103338814269558,3.935351271482246,1.0,1.0,2.4708095067757454,5.0,Big Data Engineer
3.912778032857359,3.6262853733753975,1.0,1.6539820962746719,2.2773193540659036,4.188041078715017,Big Data Engineer
4.381571150354828,4.461240585116554,1.0621880611504648,1.7990554478758796,2.1083598210614416,4.291588236025405,Big Data Engineer
4.18258450052416,4.122448650856365,1.0,1.2867794184387125,1.1661673669045691,5.0,Big Data Engineer
3.560939148197274,3.507526937441484,1.0,1.2164864640218176,2.081962031796715,4.628670417113811,Big Data Engineer
3.7469553544040557,3.433478826311269,1.0,1.537510607255455,1.997868531178062,5.0,Big Data Engineer
4.727700668863096,3.7059907404815164,1.0,2.0855964305312478,2.7221717059899726,4.163797737093824,Big Data Engineer
4.1935741580304535,4.000279996169848,1.4132265554293812,1.0,1.580195813979664,4.661964642353195,Big Data Engineer
3.7140357269007835,4.4076620834045075,1.0,1.0,1.1054938047492793,5.0,Big Data Engineer
4.63551504971557,3.8364632845681066,1.0,1.2266109511414487,2.7372410036891277,5.0,Big Data Engineer
3.651229028762443,3.19058871400678,1.0,1.0366097251562325,1.6723362383996028,5.0,Big Data Engineer
3.723537991881883,3.4709267843527942,1.0,1.781177254686615,2.4444938745918217,5.0,Big Data Engineer
4.269975450377552,3.7850042956925805,1.6616704612449689,1.0,2.1104208851451762,4.9785878104622405,Big Data Engineer
2.5265478903579925,4.8023675061474265,1.2455019729788768,1.164911530434255,1.9691119688647196,5.0,Big Data Engineer
3.701360532076876,4.308289676153636,1.0,1.0930342162352735,2.2807867352855524,4.900665433088548,Big Data Engineer
4.185433896235512,3.5043328038828747,1.0,1.1183585605131965,2.339274827310526,4.062567172249144,Big Data Engineer
4.2610103175553835,3.7283992498118312,1.0,1.0,1.574191379906646,5.0,Big Data Engineer
4.016431686990106,3.808610799145221,1.0,1.2446059123321507,2.220247248081669,4.962486499801599,Big Data Engineer
4.546479555448334,4.485231318453333,1.2066860145651979,1.0273058914550353,2.3286605475597697,5.0,Big Data Engineer
4.530400035902974,4.449780688369154,1.0,1.0,1.6493752277979619,5.0,Big Data Engineer
3.211845501614377,4.197378694553997,1.1812715455464806,1.5813240293430963,2.090169345331944,4.3283953047080495,Big Data Engineer
3.5203225196759385,3.4090022390510875,1.0,1.0,1.4172792368894715,5.0,Big Data Engineer
3.3373593140237796,4.67305171193124,1.59258151571967,1.4491512748445177,1.6531166962516248,5.0,Big Data Engineer
3.361314433224691,4.455453517516875,1.0,1.0,1.3881275766718653,3.7612469406854916,Big Data Engineer
3.4807295714821223,4.5563990978064535,1.0,1.0,2.3277771791442263,5.0,Big Data Engineer
4.6625023274728195,3.513832498091906,1.0,2.179807129550052,3.1344958058297268,5.0,Big Data Engineer
3.364755877209089,4.48161326694697,1.0,1.0,2.4472294215525645,5.0,Big Data Engineer
3.4070925444925275,3.837629032459013,1.3305764643306732,1.2551261112025092,2.1310082871792377,5.0,Big Data Engineer
3.8191415060913676,4.089334887609536,1.0,1.0,2.3819514542878224,4.804802766441429,Big Data Engineer
3.766886304141444,3.4792735241125907,1.5016829463645727,1.2742316367702853,2.4127072989115423,4.1368930190210556,Big Data Engineer
3.919774978367183,3.8599444961249967,1.0,1.0,1.8269478641099923,5.0,Big Data Engineer
3.0435743233260855,4.8886473840152265,1.2419205625132308,1.0,2.453417073186463,4.274082627415782,Big Data Engineer
3.6676495474244932,3.939462283804723,1.6827801852160889,1.0,2.225027335592573,4.705210502031936,Big Data Engineer
4.243421034483745,4.838619796487229,1.4977633458370572,1.0,2.337745423632735,5.0,Big Data Engineer
4.253293835848638,4.555976680430204,1.5522388519187333,1.0,2.3209395307388845,4.808452539420103,Big Data Engineer
3.5384638018422114,3.865253122148007,1.0,1.0,2.4301662797083603,3.616337288698801,Big Data Engineer
5.0,4.750939566898159,1.0,1.0047131802818867,2.1514859367936414,4.705419806005529,Big Data Engineer
4.0963095737934685,3.9280000111491695,1.0,1.0907305317403193,1.343236100823003,5.0,Big Data Engineer
4.081723873308738,4.0644248106779575,1.0,1.5689288879846859,1.8231737225592244,5.0,Big Data Engineer
4.648648766962773,3.9603119299898437,1.1072316337337758,1.0,2.6186848967817995,4.871137719206852,Big Data Engineer
4.641677288644103,3.9482060526764675,1.0,1.3396865852870605,1.847666083122172,5.0,Big Data Engineer
2.635297807538133,4.002602630947473,1.0,1.0,1.7233794990801004,4.713148427853675,Big Data Engineer
3.9760071025747092,3.3163367693575223,1.1581368901298568,1.6831073926028939,2.140464248473913,5.0,Big Data Engineer
4.547281227306898,4.618244756092088,1.9350693464106525,1.0,1.6407580074194419,5.0,Big Data Engineer
4.3541331098287,4.387837649807844,1.944641227125126,1.005684954399247,2.2130782798230926,4.509805874258262,Big Data Engineer
5.0,3.8317275393954446,1.0,1.0,1.677552070677831,4.635281475576176,Big Data Engineer
3.7381478585552372,3.3171020359745276,1.0,1.9744815557238096,2.3678275718206843,5.0,Big Data Engineer
4.588604393708457,4.917067282181195,1.0,1.0,1.5981381695526573,4.7651351017552015,Big Data Engineer
3.8497153047073756,3.7765112235969798,1.1096544565660271,1.017647695372608,1.6385826024108752,3.912225611506215,Big Data Engineer
3.503565647310651,3.7253806733437123,1.0,1.0,1.7545967667517899,4.434506305757207,Big Data Engineer
3.9370903242258333,3.4634543358186924,1.0,1.0,1.9232496522151081,4.566776115023801,Big Data Engineer
4.453392133337715,4.20292513334645,1.0,1.0,2.1902601526581513,5.0,Big Data Engineer
4.071344206100815,4.801850927733465,1.229818659037408,1.456803608784017,2.066782707767989,5.0,Big Data Engineer
3.601609383665412,3.770800818393603,1.17468177674119,1.1710497407786908,2.253805911471624,5.0,Big Data Engineer
3.287514414092294,3.512773726194852,1.1147863205371267,1.0,3.6888841206446807,5.0,Big Data Engineer
3.9608345755349212,3.7422653634580705,1.0,1.0150703306575888,2.055990966310629,4.771650427653244,Big Data Engineer
3.863423876740049,4.672142287617298,1.692252481325517,1.1260169899674386,1.3293701363816313,5.0,Big Data Engineer
4.777141220805513,4.684890550981189,1.3672129264048336,1.7112114776429108,2.026692136239511,5.0,Big Data Engineer
3.65961221683741,4.146132728077856,1.6647671219852622,1.0,1.5692782852678568,5.0,Big Data Engineer
3.886668898138,4.32457386053521,1.0,1.8592198078013569,1.3551619510194721,5.0,Big Data Engineer
3.6175753858459485,3.1020086327079883,1.1189375781744337,1.0,1.4451953160484847,4.159311554142368,Big Data Engineer
3.9958196063642717,4.487918445811909,1.292476746543222,1.0283533244196328,2.2394237866088673,4.9863929338110715,Big Data Engineer
3.2851378784848144,3.289553007388278,1.0,1.0,2.425491339253383,5.0,Big Data Engineer
4.302566507879475,3.8598586434614095,1.0,1.206035568533012,2.262584656631084,3.805734268761157,Big Data Engineer
3.5828309067086686,3.654472811303052,1.059175100561718,1.0,1.98093271558768,4.894732529823504,Big Data Engineer
3.920425264231136,3.6418028531496267,1.0,1.0,2.190033720286916,5.0,Big Data Engineer
3.6146910249373305,4.760320048008523,1.0,1.7650928118982803,1.6789364130841984,3.9867111117002825,Big Data Engineer
4.2010989124561755,4.124272552559494,1.0171968976537915,1.0,1.9827138872570904,4.744370271065236,Big Data Engineer
3.8488252168341246,4.420816127882538,1.0921086147650467,1.3049756936659886,1.8840657466871051,4.828991327097612,Big Data Engineer
3.423258734555678,3.8149816937159016,1.0,1.0,1.9590629114045806,5.0,Big Data Engineer
3.8656610612375215,4.1738367711225,1.0,1.0,1.1602486035432982,4.3958482421703335,Big Data Engineer
3.9064172260680694,4.638131993936777,1.1856033817350293,1.0091154985685586,1.990234805266449,4.643185553397767,Big Data Engineer
3.7280082933136582,4.213688022735399,1.0,1.2965270251415106,1.8057464664405736,5.0,Big Data Engineer
4.480546728616042,3.16345799374713,1.0,1.0,1.0936360174634285,4.483733361895295,Big Data Engineer
5.0,4.30475494810622,1.958643984302877,1.4145492200091678,1.6290784194957624,4.8091144016629785,Big Data Engineer
4.294218090120154,4.218753101736518,1.0,1.0,3.6438805936943695,4.929425163828597,Big Data Engineer
3.83713055340869,4.056667231952651,1.0,1.0613644538527418,2.6434736430582095,4.9377257601567885,Big Data Engineer
3.4186447803361193,3.9191781027606947,1.0,1.7119494686234256,2.5855595323687854,5.0,Big Data Engineer
3.3606320725903718,3.3870538682800273,1.0075616307922768,1.1681614846606405,1.8126885903369725,4.759915207896383,Big Data Engineer
3.7036003834106763,3.988303019878027,1.0,1.0,1.6864745772763248,5.0,Big Data Engineer
3.5930931790355354,4.090234070915603,1.113271375465498,1.648958252830381,2.631288703482075,4.971248515602542,Big Data Engineer
3.7622576294052785,3.6680834485871547,1.0,1.0,2.276813704679116,5.0,Big Data Engineer
4.295900595572508,4.629641855718084,1.9314345607000885,1.0623316967037784,2.5497318856978266,4.824169908082893,Big Data Engineer
4.592503491791508,4.530754578587922,1.5042079849714955,1.0470349205957619,1.6658209180045556,4.302735781067262,Big Data Engineer
3.9799813962394506,4.766506271124592,1.0,1.3925632927300273,2.4219757002594657,4.858156889536414,Big Data Engineer
4.65817241875976,2.5456696277597484,1.0,1.0,1.5901424885663051,5.0,Big Data Engineer
4.145018901526951,4.196995286087504,1.2980407470662434,1.0,1.3909119665963405,5.0,Big Data Engineer
3.6848839631767802,3.2147624773160146,1.4856721422707406,1.6975509532511488,2.7785804448493296,5.0,Big Data Engineer
4.312966047986452,4.684934111680955,1.0,1.555338842027046,2.1376981170716043,5.0,Big Data Engineer
4.093046510437968,4.648128354874001,1.1117618812707684,1.0,2.725963316157361,4.526234629513944,Big Data Engineer
4.626529105121957,3.954878559279839,1.5880054925988532,1.5673843074333824,2.2150714871576858,5.0,Big Data Engineer
4.2113143085962825,2.993087621859461,1.059165109449101,1.0,2.0855935718728316,4.428528726808392,Big Data Engineer
3.4075240293869626,4.802467250876951,1.534723694062095,1.0,2.092384325124512,4.876041987128495,Big Data Engineer
4.284938187989761,3.6619728167255974,1.4968701314339787,1.0,1.7900765020843856,5.0,Big Data Engineer
3.704426585037195,4.164341174748241,1.0,1.234261801409418,2.6080032694557382,4.640339156595913,Big Data Engineer
3.9347122713524145,4.230665356517711,1.0,1.2321602804133325,2.27769943032587,5.0,Big Data Engineer
3.697004976957544,3.5286123798847626,1.0,1.0,2.2822491020237488,4.419124349911795,Big Data Engineer
5.0,4.647963930786875,1.006287884800157,1.4336972464989879,1.1815990678446042,5.0,Big Data Engineer
3.704892693899755,3.9397512930503202,1.0,1.2431436523704473,1.4468279214614457,5.0,Big Data Engineer
3.7278627835377307,3.461128032534828,1.0,1.1128940170427606,1.3592545135655878,4.625594164488211,Big Data Engineer
4.331636690632239,5.0,1.2387944097765025,1.0,1.8164429149638446,5.0,Big Data Engineer
3.8252875246821465,4.451529083368467,1.1087367415071123,1.4539261924549352,1.8427781048511853,5.0,Big Data Engineer
3.916757207859227,3.514405065431004,2.088660190521111,1.0,1.630630637347536,4.686486074084803,Big Data Engineer
5.0,4.903429442073255,1.7469640718210988,1.0,3.2130890019208875,5.0,Big Data Engineer
4.488631685151561,4.089847690553103,1.0,1.0,1.895180003290419,5.0,Big Data Engineer
4.183599899387694,3.9842643148981582,1.7547619963494272,1.0,2.2549436239605973,5.0,Big Data Engineer
4.573481434127585,3.9675642794733195,1.1039600336919788,1.4929741916573607,2.74558320214009,4.849732007410616,Big Data Engineer
4.13348789156378,4.839286982174379,1.0,1.0,2.7329179893014817,5.0,Big Data Engineer
4.261222605463347,3.77570156344544,1.0,1.0,2.7740041104093462,4.685778655422327,Big Data Engineer
4.050711482119829,3.623146177569127,1.4213870150495134,1.0,1.9512030549227928,4.158308933478587,Big Data Engineer
3.1933158818975302,4.003836596660753,1.0,2.052543319667251,1.0,4.599912350667948,Big Data Engineer
4.008350433633775,3.817433531102108,1.0,1.0,1.5046729612503809,4.856639152589969,Big Data Engineer
4.975964544758712,4.038968648279105,1.591450244693762,1.2534881729140708,2.5569311989911103,3.600017848703207,Big Data Engineer
3.8477709894258854,4.653567711575357,1.0,1.881236582434806,2.741945076883881,4.7654346419362685,Big Data Engineer
3.7484182404768216,3.4931970788227655,1.0,1.0,2.214405590216503,4.271976753326784,Big Data Engineer
4.301866508095111,4.314039348450124,1.0,1.7749093031641698,2.256804647207611,5.0,Big Data Engineer
3.620667399228614,4.311189559236559,1.5631967248610328,1.0,3.0009612296241803,5.0,Big Data Engineer
4.570392900226238,4.1465044036293275,1.292760766428434,1.0,2.1855268691076817,4.632512449371367,Big Data Engineer
3.5768008471111563,4.872051592232989,1.0,1.0,1.8204341859455626,4.349774885539043,Big Data Engineer
4.716942234098135,3.6521596279167423,1.2646499669718345,1.6780533571051626,1.7499236593926353,5.0,Big Data Engineer
3.484956972547785,5.0,1.468190067308311,1.0,1.613583134555518,4.943001723580187,Big Data Engineer
3.8300081388242404,4.976472276999753,1.0,1.0674007116451016,1.990830966683145,4.941294849827565,Big Data Engineer
3.945691672530829,3.9419645949397584,1.4365330331660497,1.3044922232462175,2.2094558056863933,3.4830053189273658,Big Data Engineer
4.149897437081582,3.1721803199149585,1.3231600815679128,1.7372486837852574,1.5368804437057246,4.869109638828647,Big Data Engineer
3.7003221474735017,4.617715887878401,1.0475139426360365,1.8641646902831668,2.206877101473694,5.0,Big Data Engineer
4.034103391301418,4.408996049628668,1.0,1.0426719777602549,1.9649767781360177,5.0,Big Data Engineer
3.9061491970629816,3.480632782918665,1.0036753374598495,1.0,1.0373688937062573,5.0,Big Data Engineer
4.289530786347335,4.233545471996787,1.6514642109729056,1.0,1.2844429286143724,4.964985111595977,Big Data Engineer
3.826249850147045,3.5788521416149655,1.0,1.0,1.0819973583215843,4.77941165460312,Big Data Engineer
3.4318124166480715,4.115824035805462,1.0,1.555815737070526,2.801933033633933,5.0,Big Data Engineer
3.22448690900834,4.752597999439519,1.7878602251868825,1.0093952556539705,2.661463080167766,4.724162430976661,Big Data Engineer
3.0668770325752055,3.619857780689203,1.864650433022378,1.0,1.9997606409657473,5.0,Big Data Engineer
3.743512878016094,3.7782392000814427,1.0361245671181014,1.0,1.2889707514160345,5.0,Big Data Engineer
4.536683291222486,4.43478625932671,1.0,1.0,1.8579060589226106,5.0,Big Data Engineer
4.322799039479773,4.351982338397117,1.4449284758927474,1.2103832812592932,2.060304273806789,5.0,Big Data Engineer
3.7269169478909903,3.2927684943168396,1.3614984673121615,1.6188690528746126,1.4408840303219843,5.0,Big Data Engineer
4.840382856694095,3.9988768991214396,1.0,1.0615093367633779,1.7247330158996492,4.691634945021799,Big Data Engineer
4.216592033635771,3.198135262485052,1.0,1.0096454401869714,1.9888457305437843,5.0,Big Data Engineer
4.937612694241694,4.052257018037911,1.2990860751673972,1.0,2.383968831758269,4.736804567444661,Big Data Engineer
4.035710416290547,3.945575687465419,1.5164871174570154,1.0,1.0,4.893283651456038,Big Data Engineer
4.234265628452562,4.07613468790375,1.6161021187069555,1.2186863370898342,1.7180758340700701,3.83728992293016,Big Data Engineer
3.881343882902391,4.513979501128899,1.0,1.0141601318388822,2.2106801271533545,4.492353812875092,Big Data Engineer
4.311617948319409,4.818560895000853,1.0,1.0,1.966699486489013,3.887807945695566,Big Data Engineer
4.168451631988308,4.226137188824289,1.837818146922781,1.0,2.2042426690732353,4.56935594880705,Big Data Engineer
3.8217864397374606,3.237407281668901,1.0,1.0,2.149599883044448,4.68820155983368,Big Data Engineer
4.041672675487546,3.833309972196167,1.0,1.040181162981515,2.0202614711585047,5.0,Big Data Engineer
3.9396784829350824,3.8250573254384985,1.0,1.0,1.8200444532166642,5.0,Big Data Engineer
3.5436606196520666,3.860671833060345,1.0,1.0,1.8343803455608025,5.0,Big Data Engineer
3.144912449304103,4.518585736266003,1.3162913998210986,1.0,1.0,4.5114639269292995,Big Data Engineer
3.878666769286439,5.0,1.2716284824871367,1.0,1.655172247549528,4.973393781863509,Big Data Engineer
4.126841777149049,3.3426255698447886,1.0,1.0,1.4481207186988416,5.0,Big Data Engineer
4.386938586721411,4.420520638480809,1.2871931755669381,1.0,2.3572748807317527,5.0,Big Data Engineer
4.066970941476007,3.6941534391491007,1.0,1.036943468062277,3.2199372334927507,5.0,Big Data Engineer
3.694405748874857,3.5838052775152787,1.0,2.0886467237745325,1.800371677027019,5.0,Big Data Engineer
3.812035877264322,4.130592270639815,1.395872637004361,1.0,1.6794441729236151,5.0,Big Data Engineer
4.492296447447899,4.395336159345364,1.393638146561457,1.2297877441555327,3.0088879065875327,5.0,Big Data Engineer
4.28863118360046,3.2745435357029935,1.0,1.0,2.6370317917580746,3.723729923989625,Big Data Engineer
3.798844988623639,2.5031466986696884,1.0,1.0,2.692435546897022,5.0,Big Data Engineer
3.583429238335517,4.532981859865913,1.0089161272648788,1.0187834293536262,1.398664246114004,4.504993143048431,Big Data Engineer
3.587451350027238,4.023230636577095,1.0389428634903375,1.7720463317620225,2.1925275839689173,3.646217153163946,Big Data Engineer
4.131320993935845,3.2749918219162337,1.0,1.0,1.668330838243849,4.312425303979849,Big Data Engineer
4.101741001726144,3.2945988574545204,1.1783338036249233,2.118485538530815,1.335320470532968,4.857744847830389,Big Data Engineer
2.738271318743765,3.8495323535149333,1.3213585763157418,1.3603196156786335,2.038681865142048,5.0,Big Data Engineer
5.0,4.8561523437188,1.0,1.0,1.7969242917130983,4.526508617191326,Big Data Engineer
4.225673773932316,3.409403230285251,1.0,1.4190070272681552,1.9496520635914114,4.5268430886261015,Big Data Engineer
4.587407028792846,3.0605095276230863,1.0,1.0,3.0079543291998156,5.0,DevOps Engineer
4.305219909904746,3.9822962804773248,1.0,1.0,2.6942420989808227,5.0,DevOps Engineer
3.6767357602617428,4.423385554504122,1.0094995411299355,1.0,3.3092036078720675,4.636273037638441,DevOps Engineer
4.319092020364106,4.106363060595893,1.0,1.2643174076672796,3.2732948628443195,5.0,DevOps Engineer
4.483073506204648,4.245637010363142,1.0,2.2242934940870285,2.298191894464095,5.0,DevOps Engineer
4.215641908443149,3.412928813759443,1.0,1.0,3.6527913579052615,4.643344549859894,DevOps Engineer
3.869027496787823,2.8319651974893683,1.8673813965617887,1.0,3.1634554321195876,4.949296085139068,DevOps Engineer
3.95099951660833,4.404930992435437,1.8356312301518174,1.1257468349709958,3.327539008815263,5.0,DevOps Engineer
4.508765711965313,3.7685418102568367,1.5376952772082069,1.555249932823692,3.541268504341455,4.669926066331762,DevOps Engineer
3.9158311828814045,4.119733494390218,1.0,1.7974601040430074,2.993861733248912,5.0,DevOps Engineer
3.7114977801363986,3.3365612203164887,1.0,1.1096020938167943,3.3367144063768466,5.0,DevOps Engineer
4.173362008120975,3.831486812659312,1.248124283122714,1.7414164331929536,3.3523947212194933,5.0,DevOps Engineer
4.147008199653316,3.248422465200199,1.0,1.2274379003319216,2.994530474019957,5.0,DevOps Engineer
4.838211708922037,4.363017999614667,1.6294431028714107,1.047340694735365,2.5963921612577803,4.971066920392829,DevOps Engineer
3.597624093140431,4.779147478386224,1.3951955382677348,1.2602562483141397,3.6179716011140517,3.9899717927383875,DevOps Engineer
4.29406897567133,3.3446771078478137,1.0,1.0,3.330868306048474,5.0,DevOps Engineer
4.672558586805894,3.699051419533693,1.354557194816642,1.081111608449416,2.182354864964224,4.5406917707384835,DevOps Engineer
3.925060983238916,4.556146224945864,1.2318615287785573,1.0,2.92984188597642,5.0,DevOps Engineer
4.055611667420429,3.836337212463802,1.2458698203781102,1.381696539790985,2.7719158262599706,5.0,DevOps Engineer
3.835555251664595,4.359663800914719,1.0848465789856419,1.240983913526446,2.620408226916248,4.58935680796357,DevOps Engineer
4.472748652329697,3.960301809307253,1.1425173710496808,1.0,3.449363387006822,4.6960950099851715,DevOps Engineer
3.9321993800495587,4.392996406351566,1.586483849582133,1.0,3.9798419909779414,5.0,DevOps Engineer
3.478535869095631,4.184526024294984,1.0,1.2170342435915884,2.978571876169831,5.0,DevOps Engineer
3.544203311706927,4.49503061535818,1.0,1.0,3.1836801745737433,5.0,DevOps Engineer
3.8237034514677966,4.3504861613519825,1.5366700884317726,1.4073422186470346,2.8443958554131594,4.454476641402962,DevOps Engineer
2.8962262171643225,3.8685797502688035,1.5890436842810873,1.0,3.3501049237593827,4.524923734974064,DevOps Engineer
4.053036288193419,4.3538958070775085,1.0,1.085242340348457,2.7924543316373356,5.0,DevOps Engineer
4.117658584242319,4.028253837214634,1.7791749800709888,1.331153071184151,2.6548240669368557,4.957068049601119,DevOps Engineer
3.96205060746017,4.040159786312606,2.262254638303747,1.1854259463554984,1.982048714947612,4.728600514141517,DevOps Engineer
3.0338139562520956,3.83510087147708,1.0,1.0,2.23963923518294,5.0,DevOps Engineer
4.000269681314439,4.151481153749366,1.0,1.0,3.2567606846273676,5.0,DevOps Engineer
4.204606289303273,3.787037700341217,1.0,1.0,3.2265198282860297,5.0,DevOps Engineer
4.130433087360988,4.399943644852992,1.3538391220136214,1.2532671956929589,2.670763202369372,5.0,DevOps Engineer
3.575811098058931,4.008714476479051,1.165431765533456,1.8393919036934274,2.345134012816184,5.0,DevOps Engineer
4.740618295811798,4.379423882919398,1.4164727214125208,1.2938474509339062,3.6491672448877086,4.456260915943816,DevOps Engineer
3.3070366670148768,3.996832929767372,1.0,1.6153229020890056,3.6103575977477207,4.783324722457737,DevOps Engineer
3.814614701669745,3.9638262624246643,1.0260103252198098,1.0635869595971428,3.2791160534391515,4.913686823495761,DevOps Engineer
4.471596651738897,4.2229738885626515,1.0,1.6675563339020487,2.3208715069387567,4.953917094589261,DevOps Engineer
4.483458700537734,3.638463447543928,1.1547778233835757,1.271669798499524,2.5697380660093803,4.963761140202982,DevOps Engineer
3.9217480848953947,3.7241310740838536,2.1508374260253875,1.0,3.5024651470339414,4.803599491559429,DevOps Engineer
3.456681905557359,4.051407121577534,1.3245466921937503,1.4602547875328393,3.7811325553275346,5.0,DevOps Engineer
4.125257101877798,3.668453913087306,1.2264371633974456,1.0,3.462983064926115,4.351417851817139,DevOps Engineer
5.0,4.428024047387757,1.0,1.0,3.4080405220569694,5.0,DevOps Engineer
3.3638811863840186,4.3565129252164745,1.0,1.0,3.556023421051603,4.7242421349485095,DevOps Engineer
3.2465388504309933,4.07310739818878,1.0,1.3147791830329179,2.5573367838909697,4.61368155517345,DevOps Engineer
2.989498839561878,4.084972355525742,1.0,1.0,3.096899356883546,5.0,DevOps Engineer
3.892216028290525,4.1340834749109865,1.136655624792582,1.0,4.028292910353798,4.764575084938858,DevOps Engineer
4.328058100930136,4.384607638614525,1.0,1.3033975125298174,3.1229096109081946,4.291180121386297,DevOps Engineer
3.833863649374956,3.693724548822969,1.0,1.0,3.563216858373015,5.0,DevOps Engineer
4.489001487999205,4.635264612073572,1.0,1.0,2.610706476594144,5.0,DevOps Engineer
4.113531526572075,3.9613891442007874,1.6475742720976716,1.2024706769076716,2.5806711812397074,4.659545585432153,DevOps Engineer
4.340996649627073,4.520866426327299,1.2758401161279846,1.9484443739360406,3.8175035828657093,5.0,DevOps Engineer
3.5807096702592487,3.345006244134116,1.0,1.3766067232080785,3.913323539655969,5.0,DevOps Engineer
4.584361397115618,3.877346256906099,1.311384562613775,1.4116784147385864,2.010202862073736,4.793280598811745,DevOps Engineer
4.474850192138935,4.137234167818282,1.0,1.0,2.8171096273489966,4.96420715355306,DevOps Engineer
3.558038525085827,4.071542468513997,1.2531933736164473,1.3353435853631164,1.8220405375338389,4.34285745109594,DevOps Engineer
3.8476886758226323,4.2860865655187315,1.2446170067750177,1.2359349739383378,2.808291029015534,4.836183281345019,DevOps Engineer
3.63583536578913,4.3840970640529235,1.0,1.4250181975947849,3.103926619068823,4.977477760772423,DevOps Engineer
3.6716448001117667,3.322229069417937,1.0,1.0,1.8154878442093743,4.901322422332668,DevOps Engineer
4.462178684013002,4.2836089527169365,1.0,1.0234681492076139,2.721917715289,5.0,DevOps Engineer
4.770053911872016,4.484249401312438,1.2603971528463764,1.0,3.3749691964724193,4.1565615243134735,DevOps Engineer
3.873823259004555,4.2918557099119745,1.3702106070238758,1.3349422451078705,3.1474153446048474,4.902137510458059,DevOps Engineer
4.268987984913244,3.5235694797068495,1.0,1.0308673382301483,3.086598821354374,4.087192410717677,DevOps Engineer
4.227573190474759,4.386364188959696,1.0,2.187233141641996,2.6585324468424067,4.819456418306565,DevOps Engineer
3.802466546936395,3.961906194354491,1.0,1.0,2.7267258518817625,4.951189652112962,DevOps Engineer
4.614286041030999,5.0,1.6677369489253273,1.0,2.6520951946869173,4.9203357112453245,DevOps Engineer
4.892279444426793,3.9172879739090534,1.0,1.0,3.3785280009097085,5.0,DevOps Engineer
3.899891666754172,4.341707336780015,1.0,1.0519146175163487,3.430342710684315,4.583568362422732,DevOps Engineer
3.581830731751856,3.0667759236182626,1.7949477974053472,1.0,3.1205216389310557,5.0,DevOps Engineer
4.756033974570727,3.9230511130071823,1.0,1.0865338242852767,3.6420401382711436,4.914913734299608,DevOps Engineer
3.5225654592079616,3.229621095842319,1.0,1.4321957487033323,2.8396877618465943,4.696239545039645,DevOps Engineer
3.6420163884080288,4.042522930100091,1.0,1.0,3.6746619639053697,5.0,DevOps Engineer
3.1949891635455017,4.1637963655714785,1.0,1.0,3.154639192563347,4.893640041534541,DevOps Engineer
4.115229940313816,4.336485103015959,1.14728840027016,1.0,2.685400196514838,4.2801473516909825,DevOps Engineer
3.573039851239641,4.981034180949264,1.0,1.0,3.1599639309223866,4.94481762035407,DevOps Engineer
3.9022033815753874,4.704522983206045,1.2745633377791825,1.0,2.78776204120411,4.7487067430471575,DevOps Engineer
4.437369810790129,3.845926185273431,1.0,1.0,2.2314869994360356,5.0,DevOps Engineer
3.5171660430763847,3.9190676173211347,1.1291013673505685,1.0,2.8549847992669037,5.0,DevOps Engineer
4.763107979398139,4.383754540908649,1.7392569392867714,1.0,3.1586813166276806,5.0,DevOps Engineer
4.175545645838367,4.688115985317786,1.0,1.0,3.266990398709332,4.110898636217076,DevOps Engineer
3.881573975438911,3.9329011553572735,1.0,1.5285295056782886,2.468879841328358,4.932063475818102,DevOps Engineer
4.146578612661484,4.676725780738059,1.0,1.4680767970641053,3.3502976986385637,5.0,DevOps Engineer
3.4552432958632724,3.2827095695478254,1.0532527007095933,1.0,3.4596305458406458,5.0,DevOps Engineer
3.907694502781475,3.4211435380293653,1.2553677748036367,1.0,2.6207680385345675,4.510292130892423,DevOps Engineer
3.930749489030023,4.585096167035281,1.0,1.0,2.237192534977378,5.0,DevOps Engineer
3.6097976970356864,4.058758809579048,1.0,1.4190886097997188,2.921381803985724,4.970536822738474,DevOps Engineer
4.24287357372773,5.0,1.4442234651792771,1.0,3.0015989953076443,4.737570269837783,DevOps Engineer
3.5250021482401523,3.723624606466839,1.0,1.3266841918979426,2.464402571065507,5.0,DevOps Engineer
4.376023191809415,4.010250864683834,1.0001593057325342,1.0,3.135042205673882,5.0,DevOps Engineer
3.648421768872093,3.233303955540635,1.351609127428372,1.1621829871219003,2.4399005992794103,4.633304314542941,DevOps Engineer
3.5704478629749294,3.6377338654828755,1.0,1.0,2.67460317246577,4.6209180902500355,DevOps Engineer
3.885607828040309,4.08384576742978,1.0,1.5793335116706508,3.254043857210393,4.204577071570652,DevOps Engineer
4.261863882706927,4.302771991292792,1.0,1.0,3.004033379705568,4.996145674258878,DevOps Engineer
3.4391768817334025,3.2743903918700323,1.0,1.0,2.7913673173388034,4.958294632626719,DevOps Engineer
3.4486118130898404,3.7825896935669427,1.2666625153071738,1.0,2.164013764103724,4.763653861138214,DevOps Engineer
3.4649207682465697,4.133568148230865,1.1594187016902127,1.0,3.3795064852910945,4.443906849360721,DevOps Engineer
4.7795911452411755,3.9756118677496914,1.0,1.0,3.1740476458936726,4.804350055050811,DevOps Engineer
3.9516730451909297,4.80639011634852,1.0,1.0299814288478533,3.7099222436865267,5.0,DevOps Engineer
3.196698632320997,4.252694505866068,1.0,1.7034037643664826,2.5885661975010112,5.0,DevOps Engineer
4.733687994163839,3.601693715186011,1.0100069025008052,1.3768221408167318,3.391830237113354,5.0,DevOps Engineer
4.6260795184830545,3.9385155266828153,1.0,1.0,3.4291866159860636,5.0,DevOps Engineer
4.145641832845128,4.397617124628591,1.0,1.1550344119375753,3.1092844444368577,5.0,DevOps Engineer
3.2357060088681666,4.778593316188379,1.0377045644623328,1.2444947653300225,3.837959393804688,5.0,DevOps Engineer
4.20018414473128,4.12114559290116,1.0,1.0,2.6422436169386256,4.977716550287259,DevOps Engineer
2.8320346514724517,4.214519783783774,1.0,1.0,3.1098790419700717,4.28321803851728,DevOps Engineer
4.9646349983106415,3.9486162692562004,1.0,1.0,3.0119731912246306,5.0,DevOps Engineer
4.517958104716017,4.427218875570278,1.2731994758336358,1.0,2.274918416481649,4.8994806140666824,DevOps Engineer
3.8820642677331616,4.52439721983562,1.1546952212299102,1.8061557639517742,3.598744270019087,4.771752195247952,DevOps Engineer
3.102435401690066,4.69278761697074,1.679692611615372,1.0,3.7546200099137503,5.0,DevOps Engineer
4.080342749062827,4.807391627123664,1.6723425866153074,1.3256654759976019,3.2366085329059917,5.0,DevOps Engineer
3.799971283058737,3.9724492751338394,1.0,1.0,2.8166830606655333,4.682347315189167,DevOps Engineer
4.068373251324232,3.8380095746497114,1.251117360175987,1.0,2.94332260294635,5.0,DevOps Engineer
3.8446853800815597,3.9138036500953843,1.0,1.178238552334746,3.3238029912835354,5.0,DevOps Engineer
4.519363529721091,4.100764802891251,1.2393405903254686,1.0780453692284262,3.343775359796247,4.211385181933939,DevOps Engineer
3.5532095160109947,4.793449828516546,1.0,1.0,3.586137479804034,4.953369667229118,DevOps Engineer
3.797494464274651,4.06471083840765,1.0,1.0154247463784696,2.658309481739935,5.0,DevOps Engineer
4.71163246053283,3.933304838944189,1.0,1.0,2.9080056699485177,5.0,DevOps Engineer
3.495993388414661,3.6154188406789247,1.2553380689294036,1.4694544160197789,2.689202977414658,4.333391473024502,DevOps Engineer
5.0,4.391652118544357,1.0,1.4345156377654198,2.937771685142789,5.0,DevOps Engineer
4.079696598888111,4.0456359490837865,1.0,1.0,3.96904744969657,4.529233039866129,DevOps Engineer
3.3199882118447026,3.8935700586218163,1.0,1.0,3.3438819242808844,5.0,DevOps Engineer
4.407365360810841,3.84718397260716,1.024795913830793,1.2039395254487455,2.1211062880289635,5.0,DevOps Engineer
3.2713503562080843,5.0,1.0,1.0,2.615146450381072,4.685014984072155,DevOps Engineer
5.0,4.470184844311649,1.0,1.7521064503426147,3.5966211375707156,4.859393768855856,DevOps Engineer
4.153348471014919,3.992527960289463,1.986289952223466,1.0,3.0730053048878636,4.785927334503597,DevOps Engineer
3.283479797691073,5.0,1.0,1.110064593743888,2.129649696809832,4.800464730378454,DevOps Engineer
4.210984410716729,3.5876330102488185,1.2934009253678276,1.0,3.5800412561993067,5.0,DevOps Engineer
3.706627619634994,4.038366429696478,1.0917271132361164,1.3096746477173493,3.007190998122133,5.0,DevOps Engineer
3.87829676260244,4.057619933486009,1.6489700967675662,1.3230416206059272,3.3506278197216846,5.0,DevOps Engineer
3.923095611059482,4.159413521789765,1.0,1.6344038281584785,1.6085197838283898,4.956425803832287,DevOps Engineer
4.570447988575137,3.318066033185329,1.1998899588084255,1.0,2.8155983674055656,5.0,DevOps Engineer
4.0990284629425755,2.9828220660578184,1.0,1.4876678674443797,3.2244713590964986,5.0,DevOps Engineer
4.841323797006648,3.828877434926604,2.2516189025347444,1.0122398349259554,2.5186657327954873,4.683180067044711,DevOps Engineer
2.8716374473552904,4.803509504124641,1.797380994521932,1.0,2.886057855809047,5.0,DevOps Engineer
3.519823473928943,3.122448984364419,1.0,1.0,2.8057943795056124,5.0,DevOps Engineer
4.714759829262996,3.848453640154137,1.0852214993606815,1.363435261872468,3.2770714632563744,4.692788237776079,DevOps Engineer
4.048188561557018,4.273769910084527,1.0,1.6317695053982542,3.7157944526070557,4.638609872277753,DevOps Engineer
4.096835009174084,4.321139128335516,1.0,1.2408069228440473,3.0816278131460826,4.2660409111806,DevOps Engineer
4.229580657989279,3.4499287918644823,1.4696014258310237,1.0,2.9193572831694277,5.0,DevOps Engineer
4.248190823264423,3.4602630402127272,1.0,1.0,3.197322041678333,5.0,DevOps Engineer
3.5784488476685654,3.4163952571928204,1.140791702542917,1.0,4.078607943723869,5.0,DevOps Engineer
4.907126413850137,3.4148082009478298,1.0,1.0,3.5945648907267334,5.0,DevOps Engineer
3.608910273023683,3.7697169851202212,1.0,1.0,3.359205848888315,5.0,DevOps Engineer
4.005243991336938,3.29997173141831,1.8199783409143304,1.0,3.266813212408238,4.272719297377638,DevOps Engineer
3.9047374051899815,4.145687228119292,1.1635376090266538,1.0773242716183125,3.247261246024386,4.434739771983519,DevOps Engineer
4.09868630271983,4.056878841740138,1.1158363420975304,1.0361726086595908,2.3633936130433013,4.341100123945513,DevOps Engineer
2.8928659070577245,4.408767254922648,1.4138287548675994,1.42177514561106,3.153394981230726,3.9334403911409446,DevOps Engineer
3.486644754107367,4.085207708796556,1.0677590013958977,1.0,3.184458601454123,5.0,DevOps Engineer
4.060385232775681,3.6804673335839917,1.4910054930607952,1.0,2.334675458489687,4.6145004935906355,DevOps Engineer
3.8257669043190097,4.497001394184423,1.0,1.0,2.3756682876186863,5.0,DevOps Engineer
3.674023922988307,3.949986070529332,1.7400915384409323,1.2543816655246522,2.185872976142413,4.115244881823764,DevOps Engineer
3.967844774940377,3.3936296925625973,1.324273373816499,1.0211315324824897,3.0826923845119314,4.646628409178824,DevOps Engineer
4.870691827643353,5.0,1.0,1.1765196242075004,3.048708671532156,4.870156568279466,DevOps Engineer
3.583964766133602,3.4575160062597616,1.0,1.2026200127745728,2.7401627608981824,3.710853574929735,DevOps Engineer
4.222429110299161,3.9808693587679223,1.673336500700573,1.1865611985455047,2.260663201844851,3.8851616796350097,DevOps Engineer
3.6402638078310314,3.687446289653174,1.4715796005000834,1.0,3.5668442490492547,4.337583472148682,DevOps Engineer
4.482632192190224,4.3604945767154595,1.0,1.6613089206303862,3.0467292458831765,5.0,DevOps Engineer
3.5675519437857885,4.6376235064609865,1.0,1.416046009186973,3.4103037379543357,4.512916285913889,DevOps Engineer
4.991686799711287,4.11576424010876,1.3269463051355121,1.0,4.058865001504282,4.387721529887455,DevOps Engineer
4.512443216382965,3.5026141410341523,1.0,1.3943770219427236,3.5137763568375786,4.364357875442949,DevOps Engineer
4.545236084528497,4.522490247566597,1.0,1.799323796795555,2.271571185875981,4.687613708611193,DevOps Engineer
4.239501312045994,3.573216857648697,1.1319095428396704,1.1205380394016475,2.9064628650386397,5.0,DevOps Engineer
3.8858196036711803,4.115770534406903,1.5732359387439514,1.3953431050129201,3.3930086454071042,4.42541019889161,DevOps Engineer
4.2623962877506605,3.5607506045152477,1.0,1.0,2.547852406674205,5.0,DevOps Engineer
4.407267729847662,3.048686881784279,1.0,1.0,2.7686853617035547,5.0,DevOps Engineer
3.878855950910806,3.7051203796664325,1.6500882634065697,1.0,3.6184359467591123,4.727855853422257,DevOps Engineer
3.9609454949436054,3.7363183311399455,1.7714440527695592,1.0,3.005868184860968,5.0,DevOps Engineer
3.194498616057416,3.540050914776923,1.0,1.0,2.592204114390425,4.825068668461781,DevOps Engineer
4.324790665823087,3.828641111560928,1.5392130972364733,1.0,2.3740388697632735,5.0,DevOps Engineer
3.6710209361672446,3.34454399646392,1.0,1.5375517269044696,2.8293477426699702,4.873145132466801,DevOps Engineer
3.92039914420668,4.506471442334891,1.0,2.172026889416313,3.066880287027115,5.0,DevOps Engineer
4.402619928952204,3.981776339870981,1.0,1.1659819642832767,3.2550493656036363,4.713706975936736,DevOps Engineer
4.083169432975328,4.618102489129798,2.0349738695348396,1.4271846601747107,3.931379843190141,4.685312894396772,DevOps Engineer
4.350941126029647,4.669259754290636,1.0,1.0,3.868952380917625,4.5124505721065304,DevOps Engineer
3.3294349836721446,4.763990786819756,1.5983816124902193,1.2160601219918847,2.9771446226770863,4.780737747197509,DevOps Engineer
4.140974436904526,4.789903478700775,1.119283063071038,2.083479633623483,2.551029007179885,4.990159622835865,DevOps Engineer
3.813470666168042,3.4574292284188335,1.0,1.20866465083022,3.262115089976015,5.0,DevOps Engineer
4.23223373486178,4.575068401839808,1.033047123149488,1.8390278002262976,4.199224642794035,5.0,DevOps Engineer
3.5036704922742095,3.725597488611416,1.140967151602581,1.228249017625323,3.349212567192186,5.0,DevOps Engineer
4.003492458127969,3.681900779398936,1.2005691306321147,1.9274936787403283,3.509964302713877,5.0,DevOps Engineer
4.514783461911375,3.8144679855495736,1.0,1.0,2.937356688615281,4.78899705164546,DevOps Engineer
4.60413737032607,3.7623382911589056,1.0,1.9712885894153158,2.774312384459328,5.0,DevOps Engineer
4.225661412371706,3.431653440539592,1.6177418847515346,1.3185595202056137,3.779192005940391,4.66038903139095,DevOps Engineer
4.04956289623808,4.019677877497098,1.131944247175011,1.0,3.055418189346111,4.286768044288127,DevOps Engineer
4.179167035598461,2.9356754377407404,1.0,1.4092743582199991,2.7265807724026088,4.50607096318388,DevOps Engineer
4.635422810537774,4.163813108664208,1.436045097766892,1.0,4.339814346950002,4.697743069720103,DevOps Engineer
4.872247774679944,3.9693169799500434,1.0,1.2414243728740544,3.1573812807275816,4.474339092880385,DevOps Engineer
3.538890361432643,3.987651178457504,1.1748739076239907,1.0,3.526560726261901,4.752751013092511,DevOps Engineer
3.3341262578009117,4.470533275725965,1.0,1.6080828883911271,3.2189761314898777,4.999242748525977,DevOps Engineer
3.923635027509922,4.241356380278069,1.0,1.0,3.304954561327322,4.927756079277786,DevOps Engineer
4.016783824034503,4.544689918077304,1.0,1.0075169627708953,2.700175244274534,5.0,DevOps Engineer
4.174913956340044,4.450387565895279,1.0,1.0,3.3960686995727345,5.0,DevOps Engineer
3.5468909369036528,4.6532770338672504,1.0,1.392142376631876,2.367393982000902,5.0,DevOps Engineer
3.2277001365471882,4.576125325936374,1.0,1.0,3.0926983282338805,5.0,DevOps Engineer
3.5477997488345654,3.5921061374157137,1.324802432556443,1.0,2.707885453403957,5.0,DevOps Engineer
3.5159935177053594,4.573901395879877,1.0,1.254522572398572,3.3271778452981087,5.0,DevOps Engineer
3.899873086593612,4.994442319377427,1.0,1.11711020679978,3.122638466108804,4.439015940025293,DevOps Engineer
3.8570638725104396,4.080756749619204,1.0,2.2204619827282674,2.5806881632002345,5.0,DevOps Engineer
4.428229906574393,3.9930689327478643,1.0,1.0,2.741016350391745,4.107129359026868,DevOps Engineer
3.498267287100355,3.2587617423181787,1.6729375015888583,1.3092311961941092,3.39298704943273,5.0,DevOps Engineer
4.083483811667081,4.730340166064568,1.0,1.0533348276835224,3.3735294139120615,4.339395384071936,Cloud Engineer
5.0,4.014282881388793,1.0709947252877963,1.6284390158374609,3.457477666505112,5.0,Cloud Engineer
4.065064719049021,3.2479257345260106,1.0,1.2586051080794802,3.2219464195214433,5.0,Cloud Engineer
3.9397494708883376,3.306356743284567,1.528365215387839,1.718044673091008,3.4491222864281146,4.918183164571254,Cloud Engineer
4.522193025938289,5.0,1.0575761572202378,1.0,2.706857475223924,5.0,Cloud Engineer
3.1975978445509687,4.084701537456035,1.1901683251579414,1.767560869906326,3.65509742802715,5.0,Cloud Engineer
2.9186604947427353,4.460526564023962,1.3527566930301231,1.1279721885391734,2.1348889369272572,4.61161304540647,Cloud Engineer
3.4165886152329668,2.992495780246455,1.0,1.0,4.312652790134456,4.915614030281045,Cloud Engineer
4.64687657793298,3.2154504876533876,1.0,1.0484489380171573,2.545923025696165,4.788899657597628,Cloud Engineer
3.8910245468782305,3.883046007277553,1.9275592865176732,1.189113142715755,3.239755281470652,5.0,Cloud Engineer
4.306313188668557,3.9585565080625673,1.0,1.0834080297591386,3.578401974456736,5.0,Cloud Engineer
3.8798007621557944,4.383921847334055,1.0,1.0169352747176221,2.7632383092229014,4.909177430546883,Cloud Engineer
4.67066503477484,4.046210573669618,1.0676412542761589,1.0,2.8453780461836353,4.879342548127636,Cloud Engineer
3.5854282572782976,4.010832705851782,1.0,1.039997927621791,3.0607515049094673,4.5221228210886775,Cloud Engineer
3.8006491087584053,4.038687141380417,1.5921497155783628,1.1283595863978704,2.6690324100412863,5.0,Cloud Engineer
4.85377444466088,4.458353236294509,1.2737632652178101,1.3627950877411608,3.7199770207143152,5.0,Cloud Engineer
4.2833801905588285,4.534321109795043,1.0,1.0,3.078549325321915,5.0,Cloud Engineer
3.7280449732433714,4.4129263349138546,1.0,1.0,2.7575222275611924,4.181849107450271,Cloud Engineer
4.7473655036346525,3.3203993656683384,1.0,1.453989878902567,3.323022671714366,4.445912651757626,Cloud Engineer
4.341244604630318,4.144892239329111,2.1665177810557337,1.2019702080341523,2.9293790894657343,4.571749021440288,Cloud Engineer
3.6278783165222146,3.587115452265921,1.685549406955961,1.0089849575082352,3.282623561987365,5.0,Cloud Engineer
2.8207679288962675,4.6394368823501875,1.027698455891667,1.2175241858202221,2.5857983891258742,4.6224378007757405,Cloud Engineer
4.244422944906494,5.0,1.5016566564074507,1.6327614607092702,2.90399936486929,4.699897887707186,Cloud Engineer
3.6095975242105034,3.755863137651656,1.0,1.0,2.7198234219700783,4.9123209128025795,Cloud Engineer
4.065875054873646,4.181225434312806,1.0,1.0,2.01832067836724,4.712345695799104,Cloud Engineer
3.5137746811564976,4.233033374139302,1.454643698346847,1.4692855335299697,3.37847636806391,4.933237132273756,Cloud Engineer
3.7390222172620518,3.6264486231664668,1.0,1.495926850253929,2.912644481035013,4.376829853189563,Cloud Engineer
3.586754312144883,3.566513271783724,1.0215122425075633,1.5337339255353428,2.8260052252022083,3.8737332426081754,Cloud Engineer
3.9054098324205397,3.921903049951402,1.0,1.0,3.1087195403629213,5.0,Cloud Engineer
3.9875848429366765,4.206320680721483,1.0,1.0,3.6900616447927,5.0,Cloud Engineer
4.413473030471399,4.613052292667034,1.2629720903124,1.4641943395680856,2.21032741896487,5.0,Cloud Engineer
3.908640769092836,4.838842045449905,1.46382276590165,1.0,3.186397079264603,5.0,Cloud Engineer
4.227165716576114,3.490578765312674,1.1800082326191126,1.0,3.1412248820278004,4.637807417438915,Cloud Engineer
3.7074684143017,4.586921010183351,1.0,1.0,2.974209371392211,4.614054812407023,Cloud Engineer
3.5574856838686006,4.052537985604148,1.0,1.0,4.027047791461822,5.0,Cloud Engineer
3.6267183238650444,4.2091075391330985,1.2836652384933147,1.4972072100451193,2.9364219852716347,5.0,Cloud Engineer
2.9807767375589136,3.4718459347621233,1.0819357008682278,1.1648167664038958,2.5441088561656793,5.0,Cloud Engineer
3.6880798756563697,3.8615204528864173,1.5123869003325054,1.4544687484442997,2.501469836318369,4.4713742689899485,Cloud Engineer
3.794413302223342,3.9866268494135375,1.0,1.520321221399834,3.1736949208542775,5.0,Cloud Engineer
3.366730585527514,4.58364535869189,1.0,1.4170277259246844,3.4671558688353854,4.78379940636102,Cloud Engineer
4.636455108623712,3.968451223522827,1.0312158516637215,1.169764393702108,4.593287455905528,5.0,Cloud Engineer
4.350565600356459,3.5435977566994024,1.0717949127397461,1.0,3.4110554236414066,5.0,Cloud Engineer
3.4377391601930523,4.040562291709252,1.0,1.0756081106687736,2.5704613418173716,5.0,Cloud Engineer
4.375234930967547,3.9734740040374468,1.0,1.1016381105287314,3.3485913103964267,4.44640836505912,Cloud Engineer
4.130328077352601,4.6587704095086995,1.2868284816383575,1.028877073333614,3.3198687533494473,5.0,Cloud Engineer
4.376800554579907,2.988034194508528,1.0,1.5024145747416187,2.2473604119192796,5.0,Cloud Engineer
3.823975171983854,3.5019053772020015,1.1748248785737367,1.1005167518582852,4.055171326048189,4.687594397732055,Cloud Engineer
4.7200550600345865,4.176211457192157,1.0,1.3996232287586226,3.2828692522269756,5.0,Cloud Engineer
4.133147678220312,3.701506484477234,1.0,1.3797210869112915,2.888030287843363,4.959958500875453,Cloud Engineer
4.139910797972139,4.132644172391904,1.0,1.6431260432274293,3.060591075950339,4.898673368588925,Cloud Engineer
4.215423002584873,4.118271096807431,1.383531344744851,1.2689918360754706,3.3589231144981335,5.0,Cloud Engineer
4.4418122744854855,3.9197568898357185,1.0,1.8338989665022574,2.881138313326444,4.763446293319739,Cloud Engineer
3.1316365911177804,4.169236552656056,1.074443301976885,1.0,3.226637021066588,4.7509040396492805,Cloud Engineer
5.0,3.715319403954566,1.0,1.0,3.638938260520986,4.813612102767624,Cloud Engineer
3.637542923117252,4.353477504960272,1.0,1.3125552731244736,3.8906998583004286,5.0,Cloud Engineer
4.318949158129962,4.435030108453742,1.8548540143377594,1.6049469800095522,3.219834861136512,5.0,Cloud Engineer
3.5570325372674447,4.388146795373661,1.0,1.0,1.4587189124283813,5.0,Cloud Engineer
3.6780639944458238,4.555572607602231,1.1950963053027013,1.5620479473508126,2.458201727663731,5.0,Cloud Engineer
5.0,4.382079149965947,1.3951745043461443,1.0847988381974676,2.7376656097173178,5.0,Cloud Engineer
3.2469585447989657,3.7911224375395918,1.0,1.0,3.3210225459467804,5.0,Cloud Engineer
4.025456847767736,4.085200497031005,1.0,1.0,2.659324196782395,4.67047015474273,Cloud Engineer
4.299789313906877,3.569746336747345,1.0,1.0,2.852938409811915,4.456081226143191,Cloud Engineer
4.0396014643448215,3.5244459766287677,1.052271122774608,1.0,3.8360208865211605,5.0,Cloud Engineer
3.0801810637188485,3.3675555779486457,1.0276040044961665,1.0,1.515815784882074,5.0,Cloud Engineer
4.360112008452704,4.260488436745886,1.0,1.2138383855049648,2.647819837889559,5.0,Cloud Engineer
3.5397083870817614,4.7581442252780075,1.0,1.6161419147554157,3.0194579140086653,4.755266502329005,Cloud Engineer
4.083501460847869,4.3666740035890905,1.6833733683471985,1.156571511566766,2.5546519573688613,5.0,Cloud Engineer
4.908396618331186,4.673839042756312,1.4543817390621794,1.3978435100611932,3.3497250453032708,5.0,Cloud Engineer
3.771685607139047,3.322456967112497,1.0345017503685308,1.0,2.4724896223114077,4.639860711706034,Cloud Engineer
5.0,4.068062317037922,1.180953918180494,1.0,2.078123520603685,4.590473678440597,Cloud Engineer
4.719097792604374,4.167137733038261,1.299297545722196,1.3692830196010308,2.7043253101008613,5.0,Cloud Engineer
3.6835962003889087,4.703116179631277,1.2211510780676704,1.0,2.6259952566997327,4.107530733563948,Cloud Engineer
4.581641066397104,3.9876322895987997,1.0,1.1878734408598293,2.73141786880584,4.258097072483339,Cloud Engineer
4.838982918484349,4.053642933048289,1.0,1.0,2.243360265421114,4.3477255502079455,Cloud Engineer
4.6424583924375415,3.7630585651071407,1.0110338504684317,1.0,2.3409539821022474,5.0,Cloud Engineer
4.1888558800569164,4.876687599362158,1.6714781658156133,1.0,3.2364767823566356,4.8416982785484635,Cloud Engineer
5.0,4.5745073480261995,1.0848425454288757,1.1001973924381756,3.722425143629904,5.0,Cloud Engineer
4.779314008535043,2.9031760368705632,1.2306141307493992,1.0,3.878188993813996,5.0,Cloud Engineer
4.016417904550654,4.767815489405516,1.8915572599962531,1.0372033359630737,4.2359668862159285,4.984329423665139,Cloud Engineer
3.8927395248320456,4.432936294292172,1.0,1.042669887897447,3.704717212025455,5.0,Cloud Engineer
3.152491103512346,4.183659693924598,1.0,1.432635578647273,3.348094857913123,5.0,Cloud Engineer
4.453766150396349,4.545122141829032,1.0,1.4019932479452513,3.984225644680145,4.655675045681616,Cloud Engineer
4.8998691458635495,3.7253249543993348,1.0,1.148100221677419,3.357955208064405,5.0,Cloud Engineer
3.5191187896133993,4.217270048627145,1.0,1.0,2.5356318422336077,4.624549817022091,Cloud Engineer
4.260797580176254,4.576106831534334,1.0,1.175980537104028,2.411650907114547,5.0,Cloud Engineer
3.688634709498126,3.4743354909883606,1.3998322576737874,1.0,2.842018024323651,3.890005456221812,Cloud Engineer
4.473275680711737,4.410454260584554,1.002728922140657,1.0,3.6046845891673813,4.666868306819604,Cloud Engineer
3.773323274949706,5.0,1.0,1.37110498121325,3.281046131041309,5.0,Cloud Engineer
4.141000271277256,4.188194280944599,1.1359702954702702,1.0,3.755641562055371,4.343669719600361,Cloud Engineer
4.510729052007688,4.411171149343776,1.3491995606647005,1.5584897138200642,2.9537003023658035,4.0655129620865615,Cloud Engineer
3.963853670142757,3.504402891187723,1.0,1.0,2.7613275707780827,4.701688153008275,Cloud Engineer
2.811215085036449,4.350110955641145,2.110160929002441,1.3031185967481442,2.898538021732886,4.9726268021618925,Cloud Engineer
3.789507065993412,4.045020791933479,1.0,1.0,3.8414441944739157,4.256422882145115,Cloud Engineer
4.359165771597123,3.949401186341234,1.9504159075328724,1.1704322996241108,2.8200472314083758,4.876146400782751,Cloud Engineer
4.0199533472598805,3.4286046525017997,1.0,1.0,2.538511550812953,5.0,Cloud Engineer
4.15008752464226,3.010335152501799,1.0,1.281704975411066,2.9185439033118823,4.6831056771111,Cloud Engineer
3.793919427475893,3.729618322511389,1.0,1.0869117626224243,4.153844113867725,4.628150041547408,Cloud Engineer
3.8409286836692864,3.974151030312384,1.0,1.5491179017617132,1.814557313346781,4.734470414810662,Cloud Engineer
4.409156868159981,3.852952845805683,1.0,1.2203783772193821,3.453171617698576,5.0,Cloud Engineer
3.5993898200935583,4.228101659575872,1.0,1.3725934409469138,3.7416294424282954,3.6972116221557334,Cloud Engineer
4.055533736597816,3.1321330315261866,2.2208942926648856,1.0,3.373186620912686,4.982341570202552,Cloud Engineer
3.59845770964047,3.538973476411287,1.7928395865503794,1.4779690300891555,3.9717920436887817,5.0,Cloud Engineer
4.1439598106230005,3.866404217172356,1.0,1.0,3.0420050954621756,4.605376702556901,Cloud Engineer
4.220954461082101,4.085005109490105,1.1438410218378612,1.837564969845113,2.9811410251172044,5.0,Cloud Engineer
5.0,4.653308534647524,1.5765848492274224,1.0,3.1148215277838984,4.340861853985029,Cloud Engineer
4.249457200482207,4.137230088806921,1.0116925625780906,1.51359739412143,2.3961125887878016,5.0,Cloud Engineer
4.450882343970142,3.964683010174013,1.0,1.240305607624297,3.7604256160318896,5.0,Cloud Engineer
4.072015450989613,4.009059238812935,1.8910120563507364,1.0,2.9852462006904643,5.0,Cloud Engineer
4.073505416806432,4.568529430022761,1.0,1.0,3.7422170192201145,4.6618301421182275,Cloud Engineer
3.9243504801151463,4.12834261544574,1.0,1.0,3.0563183409128203,5.0,Cloud Engineer
4.640176010418568,4.770728597416126,1.0,1.0556342595837447,3.3371241542123826,5.0,Cloud Engineer
4.359245148658565,4.145456700796166,1.3332712659913153,1.3368844171681298,2.536142853857816,5.0,Cloud Engineer
4.729580497094346,3.896321615652998,1.0647233212737222,1.0,1.8430702521965625,5.0,Cloud Engineer
4.150895965326436,3.743753304559549,1.0,1.0,3.3820938080677823,5.0,Cloud Engineer
4.691216670452716,3.327826997584724,1.4273136552753514,1.0,2.7088664687456117,4.769012201014358,Cloud Engineer
4.353033474927715,4.479626688224519,1.0,1.0,3.2321318716178964,5.0,Cloud Engineer
4.588112853379265,3.3578140122454005,1.010013669902015,1.0,2.9745288604682987,4.88691235615962,Cloud Engineer
3.976625273048649,3.600128555944734,1.0,1.0,2.9344099228675797,4.7844994470835305,Cloud Engineer
3.6620311675980863,4.66127423141583,1.0,1.7084170410694015,3.8119218721346284,4.024549766605309,Cloud Engineer
4.046190729499485,3.8001517545820045,1.0,1.0,3.387468053554237,5.0,Cloud Engineer
4.451339071349624,4.161816236256489,1.0,1.841331457324057,4.07411960097882,4.706578660237907,Cloud Engineer
3.0000067198448543,2.950906268364399,1.660940496079901,1.0,3.0916209552293594,4.104674503521643,Cloud Engineer
3.6234055436057666,3.8522595930496086,1.1039191916820352,1.0,2.4813369008493287,4.607716503698739,Cloud Engineer
4.604161642973616,4.12239230980175,1.306078403477776,1.0,1.5230882572996878,4.738447846557752,Cloud Engineer
3.5667147227872515,4.17450613431404,2.642861856840921,1.3475830088091278,4.367980079691744,5.0,Cloud Engineer
3.6850568812136424,4.173958039060442,1.890319299738854,1.9147812981606196,2.7123313159784606,5.0,Cloud Engineer
3.2853665601644275,4.412334312345715,1.7766773495279473,1.0198997270580081,2.666307972819936,5.0,Cloud Engineer
4.208729515681583,4.04057191592481,1.0893575621679765,1.0,3.497977464113203,5.0,Cloud Engineer
3.5084484264279254,3.4947046984207026,1.0,1.3684185620525895,3.0740287069454073,4.678424794938673,Cloud Engineer
4.130759298362915,3.834594740238864,1.4402432301120656,1.1665292175335238,2.842360906273928,5.0,Cloud Engineer
4.657524029762101,3.7151849617268113,1.2013284908235804,1.0,3.2134918419310496,4.672717529202135,Cloud Engineer
4.055167716579688,4.5539116412084,1.0,1.0,2.3542722177565176,4.414668734899905,Cloud Engineer
4.297661643946332,3.2970701570672674,1.0,1.309144651655354,3.208329530274297,4.807220510018757,Cloud Engineer
4.095461865877553,4.053572664868784,1.0,1.0,4.11771371737848,5.0,Cloud Engineer
5.0,3.7515184335397493,1.0,1.0,2.595216598955214,5.0,Cloud Engineer
3.7389828550791218,4.959640650072229,1.0,1.0,2.8293843894882893,4.9681250391604115,Cloud Engineer
4.461543646225064,4.225385208593133,1.0,1.0,2.84046854010765,4.542673132337135,Cloud Engineer
3.556018531699189,4.513941945716705,1.0,1.8086793487225274,2.828502887198884,4.61374569680392,Cloud Engineer
4.369879645348634,4.742608292073559,1.5588162208019787,1.2509260246799454,3.543431744860918,4.141751211428067,Cloud Engineer
3.739084729255926,3.5444149699875775,1.6123193656075876,1.0,3.422703278391028,5.0,Cloud Engineer
3.5688465319181595,3.7065208950118578,1.646908845407363,1.0,3.0624338050977395,4.608729356836777,Cloud Engineer
3.8430239065420695,3.976919028015014,1.0,1.0,3.1431366683887214,4.577631295604412,Cloud Engineer
3.5946712221506636,3.5304734281490147,1.0,1.4718508171999205,3.753264318156133,4.63704095700311,Cloud Engineer
5.0,3.497647569646602,1.5417742616639347,1.0,2.564538365064995,4.627621921607806,Cloud Engineer
3.9737761501754405,4.289986085516805,1.334934018952411,1.0,2.5051703562443657,4.541680653318227,Cloud Engineer
3.9443227988072445,3.8949221979045627,1.0,1.1348018470316221,4.131284404167659,4.747642269082425,Cloud Engineer
3.783244089398233,4.279830785162185,1.0,1.3344822408590913,2.64072864661048,5.0,Cloud Engineer
4.172387486296147,3.6899885254616445,1.0,1.0,3.686374833124437,4.365624496199358,Cloud Engineer
3.6660291647702477,3.7191697215372868,1.0,1.0,2.2543860843047687,4.800088658202267,Cloud Engineer
3.9502246584075156,3.6859510824601083,1.3433877445238325,1.4597042143768235,2.9608066501353036,5.0,Cloud Engineer
2.9194720013253646,3.789448613919084,1.5024108458789565,1.0,2.6313691618040194,5.0,Cloud Engineer
4.909538595097903,4.233787456241078,1.5694553057400238,1.0,2.6062242796856467,4.765021063413425,Cloud Engineer
3.882009950566527,3.7550279895130187,1.0,1.19301230935428,3.2718270641403033,5.0,Cloud Engineer
3.605845367612518,3.564918421110049,1.0,1.0,3.450555890531086,4.69411606890364,Cloud Engineer
5.0,3.871702582105238,1.0734961421442777,1.0,3.1436101725876395,4.010340102573652,Cloud Engineer
4.346848977506572,4.362214088117706,1.679645712168255,1.0,3.0802810591487098,5.0,Cloud Engineer
4.221140819165155,3.5673503624325744,1.0,1.1734801484422406,2.9237501608450405,4.71666470351928,Cloud Engineer
4.381972681857733,3.9775402309227834,1.0,1.0,2.435518367433417,5.0,Cloud Engineer
4.361388386966387,4.0943061709875055,1.0,1.0,3.5835979916795475,4.754702129048284,Cloud Engineer
4.288460205342147,3.825786024854203,1.9700783159175312,1.3711442537891518,3.622778407341813,4.707795112655881,Cloud Engineer
4.529068056283711,3.8437112873026544,1.0550174119664246,1.8175238353097292,2.4786124716217905,5.0,Cloud Engineer
4.219002629259363,4.260002190400405,1.0,2.043132050404041,2.35253405732987,5.0,Cloud Engineer
4.607532802795819,4.950444394801842,1.0,1.0,3.7459715295808205,4.061480422684846,Cloud Engineer
3.196770549479793,3.7558461066442543,1.0959968943111338,1.7961125368243875,2.907367042534821,4.69588042596773,Cloud Engineer
4.155694968848214,4.2347982416472005,1.2206199110851357,1.0,2.0224569430409254,4.541192005446834,Cloud Engineer
4.710135542633731,4.0935344689883,1.0,1.5590842741869873,2.434941683815526,4.887325933143496,Cloud Engineer
4.068879202587018,3.7793112483526854,1.0503814114507994,1.0,2.3003284761070626,5.0,Cloud Engineer
3.3358241042435663,4.0828075625483615,1.6870679120750547,1.0,2.414258435014507,4.93650609339751,Cloud Engineer
3.5840144459607344,4.297254501315734,1.0,1.8548816258322867,3.581494797838669,4.923459747759298,Cloud Engineer
4.357804533986545,3.803381795418577,1.016978442582584,1.0,3.3832279799248544,5.0,Cloud Engineer
4.399324103595571,4.460968300642678,1.4615167186178646,1.2756279611673549,2.430356920394866,5.0,Cloud Engineer
4.902205413349212,3.883060198343316,1.0,1.3062058264576875,3.2754064175917526,4.899026965623491,Cloud Engineer
3.3749871722061977,4.152850595374889,1.2757182690877726,1.3629105740193985,3.1746463861771037,4.864442425819045,Cloud Engineer
4.497001019753139,4.032924248782959,1.0,1.0,2.1270154837625093,4.908879087910731,Cloud Engineer
4.3442182599373345,4.169891511069615,1.760332086490593,1.0,3.243656581526658,5.0,Cloud Engineer
5.0,4.07238274555882,1.0,1.4239643766776409,3.9328636779842285,4.838725644886689,Cloud Engineer
4.420540769303208,4.61436402761446,1.5085327719850767,1.062779261236789,2.650763120893427,4.9593602259932075,Cloud Engineer
4.229300226938816,4.454111262045864,1.1669725239995197,1.0,3.2776898280748843,5.0,Cloud Engineer
4.18980502820724,3.5819064427308374,1.0,1.4739103882062334,2.308491095627763,3.9534109888044204,Cloud Engineer
4.75404142507201,4.25570762751094,1.3033650012600533,1.0,3.368764031733269,5.0,Cloud Engineer
3.2078362110758016,4.7121417071369285,1.0793416618093645,1.0,2.811005127007391,3.9923890472838117,Cloud Engineer
4.296668299815682,4.130928603622863,1.0,1.639242603725836,2.308070490502077,4.701613761816192,Cloud Engineer
3.574995872619807,3.8606025101142234,1.0337350126286116,1.2150067619056775,2.8265132734474414,4.5613221324225535,Cloud Engineer
4.843003474885222,5.0,1.0716433359410127,1.0,3.737727065521147,4.276621446835767,Cloud Engineer
3.832613337647586,3.6519414743268492,1.0,1.0,2.5679139604130174,5.0,Cloud Engineer
4.013588583836232,3.68933413823901,1.0,1.0,3.4049230305597136,4.925785299467907,Cloud Engineer
4.412350870393048,4.292906491777328,1.285765348450371,1.6939229851729867,2.440304560127045,4.7634084468464435,Cloud Engineer
4.881649400149785,3.8713417497053664,1.0,1.0,3.0674697650816247,3.6914434412843944,Cloud Engineer
4.666967819943974,3.643143768067199,1.1642815575937577,1.0,2.355824290397979,4.46474593268229,Cloud Engineer
3.5324585817862264,4.542835954591819,1.0,1.0,2.532695543704884,5.0,Cloud Engineer
4.7321006362617934,4.592371949353341,1.2462186695770834,1.1449150209353558,2.3920310910120492,4.877090436644472,Cloud Engineer
3.6580698983267816,3.087243945507645,1.5285217095826829,1.0,3.5979709537176534,5.0,Cloud Engineer
4.278358988316709,4.306442035881592,1.0,1.9289250756453324,3.0215627154765246,5.0,Cloud Engineer
3.6754618332166804,3.53441736961152,1.2386480044047117,1.1087567479693927,2.605323817048711,4.280786640612298,Cloud Engineer
3.3650384563362263,4.598066858545554,1.0,1.0,3.725170129379531,4.438924719256793,Cloud Engineer
3.6365025871414716,3.6156165857196534,1.8090342405830198,1.996691750291207,3.3757816127010853,5.0,Cloud Engineer
3.7098224985736343,4.973664243452141,1.133848127179331,1.42655513222487,2.947237530614523,4.865983706336195,Cloud Engineer
4.831521129798059,4.2698618398691535,1.7256877305351908,1.1276640858725222,2.575816731788455,4.708328533560756,Cloud Engineer
4.051482621232306,3.686749891978337,1.0,1.6007085158935124,2.727564964588244,5.0,Cloud Engineer
4.148066794942802,3.705923437339716,1.7253997331543696,1.0,3.1308126317903855,5.0,Cloud Engineer
3.972872698567926,3.351543693364009,1.435408775931732,1.3717553351672982,2.662215735704392,5.0,Site Reliability Engineer
4.187453843150388,3.3596939273194457,1.0,1.5691407224447897,3.1547080925710254,4.717848527094687,Site Reliability Engineer
3.570762054413679,3.74230310094229,1.0,1.0,2.1291179438083487,5.0,Site Reliability Engineer
4.485316836305722,3.3633722740965704,1.068155647781834,1.0,2.8692163883867323,4.827616710063172,Site Reliability Engineer
3.7860828921410636,5.0,1.0,1.0,2.618709285251476,5.0,Site Reliability Engineer
3.1739488341535327,3.61868854178224,1.723411420055767,1.1219930939988234,3.095961002518057,5.0,Site Reliability Engineer
4.123173976474249,3.645906919320209,1.0,1.0,3.6279685200078484,5.0,Site Reliability Engineer
4.562207074985444,4.606491964274685,1.0,1.0,2.974143444345977,4.563619464605731,Site Reliability Engineer
4.082478437704513,4.566048440417345,1.0,1.0749975449538696,2.9530771918883167,5.0,Site Reliability Engineer
3.666108802855855,2.9017768691784505,1.2354344296876905,1.4939172106539969,3.223187122379268,4.679884752265993,Site Reliability Engineer
3.4324939509069656,4.247248765890161,1.0707394764673368,1.0,3.9112316714968953,4.526599952909335,Site Reliability Engineer
4.887518510563733,4.01589195243532,1.0,1.0,3.4797480382997206,4.8174724835975145,Site Reliability Engineer
3.2626107293808024,3.917742734101915,1.0,1.2459072005439813,3.3866999080338056,4.471864796125947,Site Reliability Engineer
3.6470979724421753,4.378321232553469,1.0,1.0,2.4106544341018727,5.0,Site Reliability Engineer
4.1545788597587325,3.657976984810479,1.002542698064117,1.7635661920775654,2.512969921540889,4.024128695494776,Site Reliability Engineer
4.227537787860185,3.9447994180492056,1.0,1.326040118677454,3.419612572334395,3.895860990059954,Site Reliability Engineer
3.673701045334256,5.0,1.2917024578990954,1.3380518191485749,3.586447139315739,5.0,Site Reliability Engineer
4.39834208004581,4.359031021918601,1.2695207483763795,1.0,3.0860294611831294,4.705819217846611,Site Reliability Engineer
4.006407152283248,3.4157545539503666,1.0,1.0,2.528147284284962,4.747491364627412,Site Reliability Engineer
3.918037011622242,4.201131172332189,1.4746286509264546,1.0,3.667552308634312,5.0,Site Reliability Engineer
4.252046915971971,4.07682456464831,1.1595604209342707,1.593525575333191,3.611789829879637,5.0,Site Reliability Engineer
4.020663415938501,4.277483582499307,1.6717732533110257,1.0,2.840791573140848,5.0,Site Reliability Engineer
4.449799368989703,4.457586075359312,1.0,1.0,3.1230919721479835,4.540841931335799,Site Reliability Engineer
3.255031897679889,3.368064219633142,1.1631905039227801,1.6805186804664034,3.019447258118122,5.0,Site Reliability Engineer
4.591447469438963,3.227772545458223,1.2600882108001357,1.0,3.2830287294160336,4.758258045798092,Site Reliability Engineer
3.5910313547867587,4.070254452142803,1.8245956616672308,1.4304550522707313,2.746153614909954,4.32951398200936,Site Reliability Engineer
3.1589663581511074,4.658049725925241,1.0,1.0,3.6606055630387884,4.193049272260504,Site Reliability Engineer
4.746132254737529,3.873179773053749,1.0,1.0,2.638701609299261,5.0,Site Reliability Engineer
3.675933783056111,3.0441788945404786,1.0,1.0,3.10215994199416,4.406434833858338,Site Reliability Engineer
3.755993598413957,4.091293902107168,1.0,1.1252151415005225,3.3401435828588784,4.421033150134347,Site Reliability Engineer
3.967801229687646,2.335248101245935,1.1236666508412618,1.0,2.5082751182610146,5.0,Site Reliability Engineer
4.586348788592534,3.7619911262005283,1.0,1.0825126312193558,2.3321966666768197,4.66980931473223,Site Reliability Engineer
4.611201080825251,4.0310896149061435,1.0,1.0,3.081042846323388,5.0,Site Reliability Engineer
3.191189270686925,4.224856303748254,1.6651717537448594,1.9439294939793195,3.1656113799299384,5.0,Site Reliability Engineer
2.933407786185928,5.0,1.0,1.0,2.8723969327801875,5.0,Site Reliability Engineer
5.0,4.062704339737922,1.4990420863018277,1.021602024342752,2.481102263490908,5.0,Site Reliability Engineer
3.6889362598218054,4.767765386685941,1.6492706648845419,1.307018131978604,3.9144873781271765,5.0,Site Reliability Engineer
3.9123783185178445,3.5956029407917844,1.0,2.122341127715128,2.7801589955407753,5.0,Site Reliability Engineer
3.6293723162452585,4.769132820456018,1.0,1.0,2.8957467845231246,4.734112149519182,Site Reliability Engineer
4.298149892730606,3.974302536403738,1.3138511972759608,1.0,2.6674463144905975,4.708219726051963,Site Reliability Engineer
5.0,4.112585466113468,1.0,1.0,3.048433016237938,5.0,Site Reliability Engineer
4.514349357944949,3.5391410817590425,2.2091778767862253,1.0,3.623164905537472,4.4224957513000485,Site Reliability Engineer
2.8009184523745514,3.2957842548158194,1.0,2.056044663626454,3.107266459443208,4.537677990775984,Site Reliability Engineer
4.226312014990061,4.094667018090083,1.3104666978069957,1.6047657005681342,2.8550394234874923,4.560080346949507,Site Reliability Engineer
4.413887607185959,4.401166388942233,1.0503679040606724,2.0887770943403865,2.781088938569174,4.5500710141823655,Site Reliability Engineer
4.209045713753301,3.662531071543251,1.2477582620724479,1.0,2.7998788585340573,5.0,Site Reliability Engineer
3.7972063216261605,3.600574227991352,1.58533939435325,1.0,2.653528384926466,5.0,Site Reliability Engineer
4.469205711936646,4.610238195540537,1.0,1.29800433649306,2.76694590022791,4.6971721832446836,Site Reliability Engineer
4.6016063911461424,3.7252228020702067,1.13910229801049,1.0777897346153194,2.4646228118307487,5.0,Site Reliability Engineer
4.280140446839477,3.0068546940647893,1.1387105556186716,1.0,3.548537653206314,4.277300081609621,Site Reliability Engineer
3.821761515685228,4.181012275494233,1.0271701470709376,1.3814791283569856,2.2407890069953553,5.0,Site Reliability Engineer
4.2625723293941356,4.679859106500448,1.4371200846166208,1.0,2.3579008945444198,4.71822340937565,Site Reliability Engineer
4.794781666431288,4.692718890828191,1.0,1.0,2.8936551328474405,4.856148555935442,Site Reliability Engineer
3.8751136939798085,4.264269600915701,1.4381062896608316,1.495149773549762,3.2228545700676836,4.099614649038682,Site Reliability Engineer
3.829400133653352,5.0,1.1871083674012393,1.1839097842219326,3.179742969886929,5.0,Site Reliability Engineer
2.808443909457038,3.880237841544466,1.0,1.640747699626706,3.023836447311148,4.176744306699029,Site Reliability Engineer
4.215044578085876,3.5980876758786273,1.0,1.0,3.271252114832258,5.0,Site Reliability Engineer
4.241464972588793,4.316011611808511,1.2365226364190005,1.0506635884302342,3.348465317481379,3.7906122664652897,Site Reliability Engineer
4.055544175652416,3.477537482688874,1.5814512862720695,1.0,3.015474044133915,4.247464062873099,Site Reliability Engineer
4.508415444506426,4.3136640601369045,1.2784739411702515,1.0,2.613180077530935,5.0,Site Reliability Engineer
3.6527507948759745,4.217446481338669,1.0,1.0,3.8983767327132455,5.0,Site Reliability Engineer
4.083396832265496,4.9926132678356785,1.0,1.0,2.7994134141263056,5.0,Site Reliability Engineer
4.437828181614118,3.566996645508687,1.4989771610712748,1.0,3.6058198128245835,4.483678650938971,Site Reliability Engineer
3.93834420046692,3.75491634231172,1.528015185782857,1.0,2.978775735494122,5.0,Site Reliability Engineer
4.27262924151306,4.443476303736586,1.1055623884223333,1.0,2.8251506273206246,5.0,Site Reliability Engineer
4.124796238037192,3.926414176075782,1.0096017104827737,1.0,3.333677642227339,5.0,Site Reliability Engineer
4.500935206770544,4.000080253703542,1.0,1.0,2.900035038440792,5.0,Site Reliability Engineer
2.9648632277433027,4.020589758474467,1.256837607896653,1.0,3.0373140049084237,4.686481745425078,Site Reliability Engineer
3.6352135333898046,3.7957900749343416,1.0,1.3418091559681664,2.632524061582311,4.5485449964760365,Site Reliability Engineer
4.883964333419767,4.480370005912017,1.0,1.0,3.1212314858613555,5.0,Site Reliability Engineer
3.2547535671315533,4.579282746411161,1.412612209590813,1.2409508160201694,3.6783642453560605,5.0,Site Reliability Engineer
4.224290439625924,4.778839635911121,1.5506097903638545,1.0,3.3165975893359576,4.667866067520709,Site Reliability Engineer
4.252077275475139,4.2383067535099075,1.0,1.0,3.1326285117902013,4.7818549045029215,Site Reliability Engineer
4.15735497119538,4.402948888500535,1.0,1.1122997383541298,3.6917120392779874,5.0,Site Reliability Engineer
4.100412144837237,3.5209603101793197,1.3355130056944244,1.1650749746959692,3.641869716850704,5.0,Site Reliability Engineer
3.0918667499330024,3.149939565585869,1.3678403818798666,1.0,3.2183838755552485,5.0,Site Reliability Engineer
3.9165801661530395,3.9518193572058884,1.0,1.0,2.7077532836028007,4.813871739937148,Site Reliability Engineer
3.8381754776454193,3.8866533650506403,1.4610867282535431,1.0,3.511851168295049,5.0,Site Reliability Engineer
4.427472325528075,4.267234267534255,1.1634161047417602,1.432679354525035,3.0446803692981197,5.0,Site Reliability Engineer
4.307052902644842,3.820079769609806,1.447925440051403,1.0457400029887842,2.946933996193842,4.761900419800506,Site Reliability Engineer
4.083009423937286,4.498231307706492,1.4444700027965187,1.1766968987294784,3.2998218203625176,5.0,Site Reliability Engineer
3.9250168544145696,3.442289998234897,1.6505649260892863,1.0,2.6548309383280477,4.101901122332724,Site Reliability Engineer
4.285641526582149,3.1892736877238894,1.0,1.2941183972575294,3.360960626204186,4.674147925890884,Site Reliability Engineer
3.9329233365037974,3.5637027367969236,1.0,1.1331076300764535,2.7491766606017713,4.877892479912165,Site Reliability Engineer
3.2676466591912163,4.566478082403068,1.2550332965855329,1.3964526859186008,3.645212662308431,4.587393562227142,Site Reliability Engineer
3.8208027584859883,3.0525828162088944,2.5702114550511186,1.0,3.519363949957456,4.3809194278322705,Site Reliability Engineer
4.498194212821505,4.9287954383248325,1.0,1.0,2.930601799527232,3.886619237521387,Site Reliability Engineer
3.981056649489079,4.410483569656498,1.0,1.0,3.2637840580560167,5.0,Site Reliability Engineer
3.170047218747409,4.044411481139394,2.2179925621146217,1.0,2.957290583583467,5.0,Site Reliability Engineer
4.552087578271838,3.7433016596119693,1.1030676898113019,1.0,2.6259640978391663,4.962873946253459,Site Reliability Engineer
3.8600169335967354,4.056374469038375,1.0,1.0,2.9793596133038145,5.0,Site Reliability Engineer
4.041101463131398,3.834203110534227,1.3770429025192492,1.0,3.934016462479555,4.998043745352461,Site Reliability Engineer
4.350248531579082,3.6226978088033635,1.2515446266683312,1.1375467384718772,2.971746937670396,4.74912111941514,Site Reliability Engineer
3.680984917173813,4.1411763319898265,1.3144695548482368,1.0,3.1436339645603963,4.981042660933615,Site Reliability Engineer
4.049263012452694,3.8997775086613875,1.0089862896841542,2.349020228408713,3.1558171494037124,5.0,Site Reliability Engineer
4.219011802664048,3.86859158835147,1.6469946066458339,1.0,3.5275272744712756,4.8328965009667755,Site Reliability Engineer
3.5200137404279794,4.182698104118097,1.0,1.2678201125083046,2.402920671954342,4.840495984763574,Site Reliability Engineer
3.284135151737629,5.0,1.0,1.0049068701982022,3.5716521371650067,5.0,Site Reliability Engineer
4.425671061086568,3.8413858058892623,1.675544473168501,1.4566955454010913,3.106149808830238,5.0,Site Reliability Engineer
3.8480386761923135,3.545173987083481,1.618575487739358,1.6561039968007658,2.5579454294850392,4.9231074174269045,Site Reliability Engineer
3.9282883917705353,3.983672048129845,1.0321474392937908,1.47343073082309,2.626391345756628,4.57682650424367,Site Reliability Engineer
4.618309871071488,3.7686776290593507,1.0,1.0,2.8349736323779995,5.0,Site Reliability Engineer
4.462413106188369,4.573760308316121,1.409986821173393,1.473121835807657,2.655958936709841,4.900698922323258,Site Reliability Engineer
3.5050423434882254,3.8947559847314834,1.3420524954673705,1.0672916424061234,3.6557404094801473,4.42929210388639,Site Reliability Engineer
4.25011917534912,3.375848599065341,1.047088234586821,1.3701667112782394,2.8927487165878905,5.0,Site Reliability Engineer
3.520133832583533,3.1681550109018084,1.2785148112439015,1.8720051170378662,2.501977529915054,5.0,Site Reliability Engineer
4.021711704408205,3.332154239153462,1.0,1.007892386680325,2.797768856037948,4.34354351162088,Site Reliability Engineer
3.1529803593872976,3.576640336036747,1.0969045041655592,1.0,2.749381021249961,5.0,Site Reliability Engineer
4.520013359931344,4.197063255217074,1.0,1.4640360033303443,2.5200748488918525,4.887540230222324,Site Reliability Engineer
3.899456032199816,3.3815233707785772,1.0,1.0,3.9560890238314768,4.5312931057818435,Site Reliability Engineer
4.793057065710656,4.019042252859746,1.2824320660779795,1.0,3.1039648459808373,5.0,Site Reliability Engineer
4.332276207197091,4.387386695037178,1.0,1.0,2.202911837366198,5.0,Site Reliability Engineer
4.5411893556617215,4.807990839958965,1.152586317290254,1.0,2.1514519283552724,5.0,Site Reliability Engineer
3.101861716611232,3.8296979611281166,1.0,1.0,3.01790130001792,5.0,Site Reliability Engineer
2.792318368960735,4.0073279549350636,1.0,1.3661090365454975,2.722437422098194,3.921481637388325,Site Reliability Engineer
3.5928976613073123,3.714962330407673,1.5953498087775024,1.0983188708751226,3.17222247217529,5.0,Site Reliability Engineer
3.9519278560377553,4.377093980516202,1.341930556965996,1.0,3.7364917888149147,4.289849109964653,Site Reliability Engineer
4.458683324738924,3.241463481547184,1.3006183940758367,1.9309574390750863,2.8935106717248944,4.871822178573427,Site Reliability Engineer
4.305219999658425,3.8353017720187284,1.9091393518714108,1.096096124729348,2.839915245889637,4.729857236052158,Site Reliability Engineer
3.53352576491349,3.6861225066212553,1.0,1.0,2.670912362931448,5.0,Site Reliability Engineer
3.484952461755255,4.073316293823088,1.2962605048804359,1.3150539977918663,2.970696462108764,4.879648714076345,Site Reliability Engineer
4.225773745619753,4.1332608249891,1.0,1.0,2.7660381388333763,4.426724918146271,Site Reliability Engineer
3.6664202249668367,4.016611619258479,1.1793680719983082,1.8902263756462032,2.731296810548093,5.0,Site Reliability Engineer
4.152980012218919,4.647998835319894,1.288114359797813,1.0,2.1384769853543846,5.0,Site Reliability Engineer
3.7357745010498045,3.5098431270247015,1.0,1.0804877487935778,3.7538538496566822,4.79566382714698,Site Reliability Engineer
4.295135155537661,3.9488668248912036,1.0,1.3674056717552086,2.4526539779863143,5.0,Site Reliability Engineer
3.8292397924973476,4.446538717282846,1.0,1.1954349539009799,2.5801012963256493,4.744447393835608,Site Reliability Engineer
2.182399886229949,5.0,1.2752784664131158,1.0,2.437672155833503,4.75217562356033,Site Reliability Engineer
4.358439767409726,3.053957537207537,1.0,1.8853209362313366,2.4330268320160977,5.0,Site Reliability Engineer
5.0,4.316075814845386,1.0629619102427275,1.2533182274545014,2.799567332495149,5.0,Site Reliability Engineer
3.800334988549894,3.0204091956320114,1.0,1.0,2.8594029939012855,4.870457970459684,Site Reliability Engineer
4.598711599902454,4.347646363332193,1.1316327437876983,1.0,2.470570995571003,3.9094123811671615,Site Reliability Engineer
4.056580005696391,4.39732060178683,1.0,1.0,3.2322510826071063,4.958333899687826,Site Reliability Engineer
4.842872095986981,4.616364171034142,1.4797540285116648,1.378867057104952,2.3549162927742717,5.0,Site Reliability Engineer
4.1881629788232875,4.3032123641955815,1.2463047434065262,1.2263812939240328,4.350433234774798,4.961907165024041,Site Reliability Engineer
4.468168690414665,3.7645050948679986,1.395320791943836,1.4696599451162278,3.182213038567674,5.0,Site Reliability Engineer
3.557861981819791,3.756389529165889,1.1061900430117448,1.440403426742111,3.0897147606474666,5.0,Site Reliability Engineer
3.6691550645168403,3.429710755255723,1.1540641682682522,1.0,3.27143186017911,4.986298854566748,Site Reliability Engineer
3.8299901046882714,3.962531214138138,1.0144244473965924,1.0,2.898433976838286,4.798203331506545,Site Reliability Engineer
4.428332559934703,4.0970105022529,2.1283762360843834,1.080352275639231,2.724571264835669,5.0,Site Reliability Engineer
4.206813188857168,4.495062393446409,1.2960514916012458,1.3115055146488743,3.267827025676237,4.448957717611967,Site Reliability Engineer
4.183764523780706,3.3375693480748803,1.0,1.0,3.178735092924362,5.0,Site Reliability Engineer
4.240572945382594,4.143648286374543,1.0,1.0,3.4601980806272423,5.0,Site Reliability Engineer
3.426608450686725,3.2345361837436766,1.0,1.5226037910161252,3.607442015091517,4.5376440597994145,Site Reliability Engineer
4.153654676868169,4.917215666570044,1.207655738620167,1.7107516426165468,3.4993632850415493,4.5449006468860444,Site Reliability Engineer
3.905009288251461,4.017377239145924,1.05206669401067,1.4581644767192856,3.204342381137704,3.5318995281109427,Site Reliability Engineer
3.343579863453637,2.9063095425119787,1.087682620327667,1.1202438247338806,3.1416124793053593,4.5205358661426915,Site Reliability Engineer
4.337072002559995,4.3581312482342645,1.0,1.0,2.999934156886531,5.0,Site Reliability Engineer
4.849871371099321,4.281702180224026,1.0,1.4434213297442926,2.7737878675954795,4.616246481663095,Site Reliability Engineer
2.928016584189003,4.051191099173827,1.0,1.0482151897642522,1.8503211518814693,5.0,Site Reliability Engineer
2.784439418014186,4.543970126634276,1.2609456170675422,1.0,3.2813599300410394,4.510962868668224,Site Reliability Engineer
4.036187757807446,4.397387019230168,1.0,1.0,2.988677934931813,4.901853191127117,Site Reliability Engineer
4.728550913113702,3.4380494375385577,1.0,1.0,3.7551433256365727,4.8768549286956,Site Reliability Engineer
3.7807955559816464,3.973758658844643,1.318117914215162,1.1736817017580623,4.323942106778544,5.0,Site Reliability Engineer
3.7673772854154595,3.7193216312380266,1.0,1.0,3.019932103745793,5.0,Site Reliability Engineer
3.693318199688382,3.596309971857944,1.757972573147117,1.0,1.9660908117613494,4.423549028176309,Site Reliability Engineer
3.2297836414378516,4.193113032052291,1.0,1.0,3.5764670884873864,4.654332569418612,Site Reliability Engineer
4.387544705872821,4.7556613996016015,1.0,1.3685114277781567,2.87909104373551,5.0,Site Reliability Engineer
3.2142554062118633,3.177243877437327,1.0,1.0,2.7416454452850574,4.89023670877643,Site Reliability Engineer
4.360006765918126,3.7961697107170327,1.0,1.0,2.615427360096691,4.532997248968643,Site Reliability Engineer
3.1934915932115153,4.03473905811054,1.0,1.4831393696173358,2.27630195397053,4.72895822247606,Site Reliability Engineer
4.9064536103293745,3.530195241451075,1.0,1.0,2.3257862436095094,5.0,Site Reliability Engineer
4.085519746318574,4.0668394191188115,1.0,1.1793706940541515,3.578710972996913,5.0,Site Reliability Engineer
4.33416661480308,3.435257211202298,1.1565617085964959,1.3337924802383039,2.1027782074555494,4.439360204259108,Site Reliability Engineer
4.444078660871721,4.438022888335964,1.0,1.3975107296345863,3.047651699576809,5.0,Site Reliability Engineer
3.6827393382830294,4.322591748240451,1.4219143872428122,1.0,3.008876273086643,4.675739185247673,Site Reliability Engineer
4.825819474342939,3.939864030337117,1.0,1.0,3.0633853005710567,5.0,Site Reliability Engineer
3.332086577424739,4.923830001471225,1.1543376470278082,1.2332279864847062,2.951405228088282,5.0,Site Reliability Engineer
3.9258584310362985,4.50889798451798,1.0,1.383525109246355,2.783076238323714,5.0,Site Reliability Engineer
3.5980398278802896,4.608264116274769,1.0,1.0,2.8425197937726274,4.8230243061631155,Site Reliability Engineer
4.361247884721468,3.841671117631678,1.6969622652705363,1.0,3.0846887349713534,4.6121070053437,Site Reliability Engineer
4.210486391265733,3.992025136511615,1.0,1.5942374832517618,2.6728290644724484,5.0,Site Reliability Engineer
3.615520043662604,4.056342600080187,1.0,1.0,2.9589284772135676,5.0,Site Reliability Engineer
4.050401935229887,4.827334157933353,1.110161645845459,1.0,3.7696782613003466,5.0,Site Reliability Engineer
3.6786392030586432,4.2352857297001485,1.0,1.0,3.4679865796328087,5.0,Site Reliability Engineer
4.918971014996138,4.2110718460976315,1.0,1.417494713689293,3.424910182659453,5.0,Site Reliability Engineer
3.977686188466779,3.9172105137162028,1.0,1.268731043362601,2.2258691658845824,5.0,Site Reliability Engineer
4.293917560932895,4.292535101229186,1.0691126182509203,1.7664891237655422,3.4359967327134315,4.69646140431215,Site Reliability Engineer
3.7054104751511767,3.5601630932926818,1.2756416663877936,1.0,3.541696071791676,5.0,Site Reliability Engineer
3.5604918655247744,3.9072257327035733,1.0083104906812068,1.4419915802348338,3.8046716878049383,4.157253803565712,Site Reliability Engineer
3.8409096412366583,3.8669916522198267,1.0,1.0,3.2138844721753057,4.8606605485802215,Site Reliability Engineer
3.227689415696293,5.0,1.13308893260209,1.0558470650533376,2.451036818466477,5.0,Site Reliability Engineer
3.917893107979253,3.055738293642297,1.0,1.3974630088369726,3.972008825000221,5.0,Site Reliability Engineer
4.551541639146683,3.922122345708395,1.0,1.5454895138097324,3.8313886445897345,5.0,Site Reliability Engineer
3.4668184623075904,3.966520554842377,1.1387623422381477,1.0,3.1939287717077978,5.0,Site Reliability Engineer
4.50140487597757,4.842935076110762,1.0,1.0,3.1791172970072266,5.0,Site Reliability Engineer
3.7615120700229703,4.34342348853186,1.3478728962363213,1.0957210236723045,3.003462360521857,4.538285397139304,Site Reliability Engineer
2.8591689637897115,3.4440746466679855,1.0,1.5487113437113535,2.9484359688243122,4.7404871405409255,Site Reliability Engineer
3.5545072790232846,4.32840291425474,1.6791785832153026,1.5317178609337296,3.3030748498792346,4.26219362680853,Site Reliability Engineer
3.824162878578114,4.973652114444837,1.5609752459576125,1.0,2.9722047384003645,5.0,Site Reliability Engineer
3.6189207684868903,2.8453979892955754,1.049412022508216,1.0,2.608079130457658,4.822659820034621,Site Reliability Engineer
3.933162042672594,3.995458602952157,1.0,1.0,2.1212883147986226,5.0,Site Reliability Engineer
2.5718622933294215,3.85525495978319,1.4595930768384766,1.0,3.3582151018287,5.0,Site Reliability Engineer
2.346050023751306,3.924318548212129,1.0,1.0,2.9964143945093364,3.7587280070445805,Site Reliability Engineer
4.962419181039933,4.143007903817312,1.0,1.7326897137492592,2.102193389678842,4.385414483240841,Site Reliability Engineer
2.8502722381650507,4.900522598269667,1.1661731857360018,1.3297008949242475,3.150500616959238,5.0,Site Reliability Engineer
4.039038856947995,4.13546067135372,1.0538017181114754,1.0,2.9766876173926655,5.0,Site Reliability Engineer
4.055274559776065,3.2611139461233414,1.0,1.5414207169581955,2.8465029770582992,5.0,Site Reliability Engineer
3.453940045138802,3.263427061676735,1.0,1.0,2.667429850357794,5.0,Site Reliability Engineer
4.089761650768731,4.924469309280929,1.2022040770357085,1.0,3.5280208032292775,4.245224188765023,Site Reliability Engineer
4.11526683360567,3.6126579711680775,2.071355517232093,1.7197989637150677,1.629089679149121,4.936321165939444,Systems Engineer
4.122299034824609,4.431707035780805,1.0145759561625063,1.0,1.6412206803999736,4.997759101811605,Systems Engineer
4.617228489382345,4.213918930268022,1.0,1.324186388854895,1.80650758056092,5.0,Systems Engineer
5.0,3.8205868145282254,1.4008025798631856,1.0,1.9438681164043512,5.0,Systems Engineer
3.9031581699778095,5.0,1.0,1.293425769392434,1.034956565338284,5.0,Systems Engineer
4.571027296176124,3.7362013287104747,1.0,1.0,2.008591925192764,5.0,Systems Engineer
5.0,3.8099731746998464,1.0,1.0,2.0990393085158,5.0,Systems Engineer
3.727172302818708,4.389341372862895,1.2326920384095879,1.0216158448224453,1.5487926396279372,4.759067842257639,Systems Engineer
2.7851223511587273,4.117893532099017,1.0131706443737176,1.0942394955447432,2.25215950778228,5.0,Systems Engineer
3.944808409676982,4.024334021581376,1.0,1.0,2.0252355268417306,4.63207321204382,Systems Engineer
4.430075397936273,3.670683959522485,1.1081527056241582,1.058282828407668,2.373138796805205,5.0,Systems Engineer
4.34701630548397,2.9469968993084334,1.5970740740065632,1.7636541120972988,1.7589378578392654,5.0,Systems Engineer
3.554584159934609,3.0258107466339244,1.0,1.0,1.8225746343240923,4.520542954997006,Systems Engineer
3.6332874165913807,3.9944968391857962,1.0,1.271762166275014,2.34083032569872,5.0,Systems Engineer
4.562839966061731,4.121551529164207,1.0,1.1468736758369995,2.163297979958178,4.743343455497169,Systems Engineer
4.391865698376439,3.3009509926590623,1.0,1.2779292296587035,1.8562079262039515,4.896622798285365,Systems Engineer
3.93110706940386,3.582199379656127,1.586950465787104,1.0,2.1590796637049428,5.0,Systems Engineer
3.5256890493955164,4.0365521271903715,1.0,1.6955212375279727,1.4306085315118935,4.6730514528840175,Systems Engineer
3.3878874958222096,3.321150636566224,1.7956076454411467,1.271387336956281,2.070146712850272,4.671711518326539,Systems Engineer
4.453805905523384,3.5878887803162733,1.3968196471650516,1.0,1.6777461490621641,5.0,Systems Engineer
4.431913672077884,4.29873646694838,1.0,1.0,2.0784493705992566,4.575359519044954,Systems Engineer
4.685481380064647,2.799026528024727,1.0,1.0,1.0,4.301885434881904,Systems Engineer
4.312644756271034,4.015141818276482,1.7865680110214512,1.7726132229424096,2.2165231893019732,5.0,Systems Engineer
4.03296555428945,2.672458991060255,1.0,1.050337751549467,2.308012854373836,5.0,Systems Engineer
3.5537675161421713,4.468703141234748,1.7412220143773183,1.4689948001456699,2.4947996647952353,4.720387101022395,Systems Engineer
4.5379670613503995,4.072879319663828,1.2557777642610024,1.1827159214123546,1.9392564472797944,4.569998762438849,Systems Engineer
3.9589316682229767,4.493380808741412,1.0,1.4466736313040731,2.368535335308836,4.850531301490085,Systems Engineer
4.694400051809788,3.822226664404647,1.7547734313063157,1.2170634907704863,1.9920670407732433,4.556099309831173,Systems Engineer
3.955869884932479,3.89812024325279,1.0,1.0,1.598098409951457,5.0,Systems Engineer
4.653140237864101,3.38654216185238,1.8561538641834612,1.0,1.5124893075307428,5.0,Systems Engineer
3.776772760872476,3.959131661984253,1.0,1.0,2.361998516200952,4.856849298552906,Systems Engineer
3.281674103910377,4.275530062107967,1.0,1.0,2.5963031024886583,4.401830050394894,Systems Engineer
2.8417775715362548,4.311430742480748,1.0,1.0,1.8427498033249,5.0,Systems Engineer
3.623640379048466,4.738057437282882,1.0,1.2224374583385615,2.321060501938292,4.620174119583311,Systems Engineer
3.488132777361091,4.508587107085078,1.0,1.0,2.4436544812298733,5.0,Systems Engineer
3.101428166185448,4.873529572276757,1.0,1.0,2.1278921261631827,5.0,Systems Engineer
4.980552145645733,3.1699659252971517,1.412976104462973,1.3715048470250384,1.9314175445629416,5.0,Systems Engineer
4.467137008818273,3.3090186075064976,1.8748832529404151,1.0,1.4323418593806134,4.8691061631879515,Systems Engineer
4.962470256593528,3.845871685123307,1.0,1.7160393019522817,1.8498409287172637,4.410781643534662,Systems Engineer
3.7913825823808427,4.6853959169028885,1.0354324985275682,1.9653291295281299,2.3689674631310775,4.6775955318032585,Systems Engineer
4.0255381522325395,3.5733909409290603,1.0,3.2395421255128785,2.5093122550169054,5.0,Systems Engineer
3.688409842345968,4.78479203314054,1.5497078008964684,1.9408106446788853,2.9165570741992246,4.260455355951239,Systems Engineer
3.4450802553650464,3.498106092268182,1.0,1.1617261821301952,1.716598273952091,5.0,Systems Engineer
4.952339941040819,3.99676920296048,1.977663108074895,1.7440673136201008,1.7746467204113705,3.9953923279872194,Systems Engineer
3.8910158075196355,3.6776889344607637,1.103252812572915,1.0446141434373746,2.0315088294496144,5.0,Systems Engineer
3.3937390264581606,4.205680138784854,1.0,1.0999910999318434,2.478704922616095,4.387800113389485,Systems Engineer
3.859353173665215,3.940732882985568,1.0,1.4499147480664787,1.639805820599764,4.72229980027883,Systems Engineer
3.6450404335239677,4.546027705719401,1.0,1.2300226954417781,2.9878525506150373,4.9625907898247075,Systems Engineer
4.556030340016578,4.835677042046564,1.513595780020207,1.0,2.3210538794993067,4.356310703432327,Systems Engineer
3.609978420925024,3.6976624091840407,2.120306060087141,1.0,1.5862616243690852,4.478039509875508,Systems Engineer
4.27990588096538,4.071310696334441,1.5433794885132825,1.335629833038677,1.3098050766379663,4.5963611149948145,Systems Engineer
4.682664374137911,3.8983508777115974,1.5937959090090064,1.0,1.5161717858557393,4.848369611166647,Systems Engineer
3.515975102225152,3.717223618798788,1.100462853282623,1.2558025451845103,1.204904338372851,4.991315996245451,Systems Engineer
3.7066921322201236,3.6757925955205937,1.0663423095665383,1.0,2.6910689974233373,5.0,Systems Engineer
4.59091414697102,3.752544902254849,1.0,1.0410149646940579,1.9248258168568664,4.695588418788318,Systems Engineer
3.4121327766665193,3.979241015365964,1.0,1.3441735185190098,2.3325530257607396,5.0,Systems Engineer
3.370352224059981,4.200529153846817,1.0,1.0,1.785698881525645,5.0,Systems Engineer
3.813840823214758,4.782727329979556,1.2744392577601666,1.0,2.5800242144532044,5.0,Systems Engineer
3.5337203057766473,4.929401317790258,1.1297394115432382,1.009398095992746,1.572233665047192,5.0,Systems Engineer
4.2586377136806535,4.3146190901476205,1.0,1.4170502859550342,2.455906796785401,4.665610880609439,Systems Engineer
3.2915049301595047,4.290686529669462,1.0,1.0760078889188898,1.7763774476063465,5.0,Systems Engineer
3.803578054616396,4.553636486001902,1.0,1.4999955025298055,3.030170771918416,4.4659764308168794,Systems Engineer
4.146017860865454,5.0,1.0332944134514608,1.0308941351148242,2.3942494736755098,5.0,Systems Engineer
3.146387002714724,4.566143687419469,1.0,1.0,2.6037128745783242,4.821728785678607,Systems Engineer
3.6531517537677978,4.43963195258328,1.0,1.0,2.1372569937466417,4.908538350793704,Systems Engineer
3.378163442905579,4.318476269997435,1.232243802788617,1.0,1.8543339969375268,5.0,Systems Engineer
4.595180709876033,3.8586033949453378,1.3273442465040723,1.2826001085422996,2.439653646354488,5.0,Systems Engineer
3.5438372429668212,3.7687504234000153,1.1714267328908239,1.9092321891907966,1.7579901884018607,5.0,Systems Engineer
3.83597177466162,4.0552343779430675,1.7576983746317962,1.3821462907102167,1.3793503636295217,4.713762488094204,Systems Engineer
4.6281106722206795,4.070939021314247,1.0,1.0,2.351746761355586,5.0,Systems Engineer
4.008927650741088,5.0,1.4120761817278193,1.0,1.592146975950328,4.51255784768048,Systems Engineer
4.167710660240185,3.7556114775432965,1.8368718769917125,1.7331559014589297,2.3165332737486137,4.410501913521552,Systems Engineer
3.6638905637237977,4.62783876287055,1.0,1.5610708669597622,2.2373019615173804,5.0,Systems Engineer
3.6485835935322797,3.952878078237624,1.094823977437449,1.5162694491505608,1.5571321996831227,4.868591578736942,Systems Engineer
4.022411565966142,4.331339178843082,1.0,1.0,2.336982575855025,4.241025442526649,Systems Engineer
4.642489857381084,3.922036951258546,1.0,1.0,2.1895618165346185,4.733649456222511,Systems Engineer
4.010014874412174,4.3700391828526435,1.0,1.0,1.8505080013140796,5.0,Systems Engineer
4.842532172666592,2.990036913028862,1.5455139545957386,1.1250738580176782,2.461991339560075,4.724755869866185,Systems Engineer
3.115868245249257,4.292244394323731,1.0,1.0,1.3407993087632668,5.0,Systems Engineer
4.069726233014599,4.391233010937337,1.3345376272481824,1.0,1.9647632130612722,4.74428123560873,Systems Engineer
3.8948361135672545,3.516372631009467,1.1952421469371675,1.5375603744908783,1.5916934850895066,5.0,Systems Engineer
4.056760748238971,4.1205394882029065,1.0,1.0,2.072058181389841,5.0,Systems Engineer
3.6643097781775236,4.835046950291544,1.3674679871271578,1.0,2.0154243335267537,5.0,Systems Engineer
3.3787179986001474,4.264134969457553,1.0,1.353448145459256,2.6336368231591907,4.806881455644317,Systems Engineer
4.559456135853587,5.0,1.0331373686721175,1.3924443437470926,1.7047796148983625,5.0,Systems Engineer
3.911662453645879,4.398467962829298,1.6023379678784626,1.0,2.7668114228664615,5.0,Systems Engineer
4.4234268715899505,3.741986734139136,1.0,1.0,2.4745830351190805,4.394115896255318,Systems Engineer
4.338418827055504,3.4594453260879434,1.4117730599209868,1.0086097913652803,2.666819280929914,5.0,Systems Engineer
4.717532706001056,4.730409359144557,1.0718154169940988,1.0,1.4737384725013107,3.956575735342031,Systems Engineer
3.4581670832859532,4.034411828852325,1.0,1.0,2.2463577097307006,4.847967370967121,Systems Engineer
3.439085599793708,3.973383166218284,1.0,1.0,2.6713884822115017,4.864747347951913,Systems Engineer
4.885478776673873,4.715817993468985,1.0,1.0,1.9737229190399033,5.0,Systems Engineer
3.7549045468856557,4.454045149131069,1.604219994568044,1.0,1.6619744558557064,5.0,Systems Engineer
4.075923774820786,3.6569692367281608,1.0,1.0,1.2175727875222697,5.0,Systems Engineer
3.7606539055304045,2.608141888100951,1.0,1.0,2.8444110961513385,4.707277489540016,Systems Engineer
3.4511783182106948,4.253966334981008,1.0,1.0,2.254750691412203,4.479766346055217,Systems Engineer
3.2713631709002735,4.862999001047169,1.2897493688003223,1.0,1.998261395149032,5.0,Systems Engineer
4.4866687248067105,3.6220123543424942,1.183073262982841,1.0,1.9055093777436878,5.0,Systems Engineer
3.996660713473664,4.367783449151286,1.243543279557797,1.0,1.321088396467279,4.815141657620353,Systems Engineer
4.914312631220913,3.5742040837491986,1.0,1.0,1.7229778079559601,5.0,Systems Engineer
4.7003886380978255,4.227984199940295,1.0,2.3766147554016035,2.0392866104805627,4.711389521808943,Systems Engineer
4.706048187338794,3.765464691028091,1.8314568274937213,1.0,2.7150151944606846,5.0,Systems Engineer
4.645526116351217,4.950882854350772,1.0,1.6378859103791612,1.2955480477872976,4.476407822375886,Systems Engineer
3.5982952701037814,4.25181831808893,1.0165079384674298,1.0,2.0731176395111803,5.0,Systems Engineer
4.334124061970677,4.547083417807565,1.9100174063837199,1.0,1.739455518934542,5.0,Systems Engineer
3.4278725918676898,3.6606479339441944,1.499690473196395,1.0,1.3959037708209805,4.255098467317413,Systems Engineer
4.024358339696904,4.570948268484005,1.5642728887655932,1.0554402514464187,3.004454709548064,4.947589817029769,Systems Engineer
3.9307161883012944,2.7162820451305,1.0,1.4260075174542473,2.781980668429852,4.584882683166358,Systems Engineer
4.231126164646525,4.523439516161644,1.0056040765979495,1.0,2.123644999787126,5.0,Systems Engineer
3.5262885524907706,3.8729227345628066,1.0,1.0,2.513502205893828,4.998125733099074,Systems Engineer
4.7988374983524915,4.428661095953089,1.0,1.0,2.283088695385086,5.0,Systems Engineer
4.161335315371006,4.552796572644742,1.0,1.0,1.967595373219435,5.0,Systems Engineer
3.399232302630357,3.331638957926689,1.2236931482367137,1.0,1.917079547168999,4.820153667149588,Systems Engineer
4.760300450881606,4.6308805801975,1.0,1.0,2.4250021339847967,5.0,Systems Engineer
3.979271018835107,3.4311998975178826,1.0,1.0,2.13849716555955,5.0,Systems Engineer
3.656559882605936,3.4869823762223797,1.0,1.5158694902570296,1.2765585166196485,5.0,Systems Engineer
3.9139843189421653,3.632839998843313,1.0,1.3532603867103137,1.9144144023792327,5.0,Systems Engineer
3.5495941294943183,3.8404519828744883,1.0,1.0,1.6652238368120948,4.232909519656389,Systems Engineer
5.0,3.318297876331243,1.0907295034712694,1.0,1.0014762816910125,5.0,Systems Engineer
4.087183793884152,4.630749495401192,1.199773420507853,1.0,1.525199877967498,5.0,Systems Engineer
4.464425623025112,3.3768352611257875,1.0189818641053177,1.0720261157632485,1.8271731716971655,5.0,Systems Engineer
4.415866569174089,3.904757151097447,1.0,1.749479231333766,2.4664194461811184,5.0,Systems Engineer
3.1853954804599733,4.172000053152518,1.3490417324588342,1.0,2.1259347241590127,4.7916540066021325,Systems Engineer
3.889572859935224,3.5463095236183397,1.0,1.6959957880906655,1.7768007505922423,5.0,Systems Engineer
3.5968343905601947,4.379378096328019,1.0008279278109755,1.1760124143946402,2.003576628048744,5.0,Systems Engineer
2.716207441033121,3.290087343271215,1.2085402490043222,1.0,1.7347098221763955,4.972829579481675,Systems Engineer
3.5859299311935517,3.6542192986531132,1.1357911000767962,1.5046474778899046,1.5207753093725962,4.712470901906315,Systems Engineer
3.6343695133364777,2.7893101240613607,1.0708558951587543,1.4673588729142462,2.508321603657941,4.56461681177963,Systems Engineer
3.3741509757399286,4.0108027737958425,1.4146368432832337,1.077425224155192,2.1446523179368806,5.0,Systems Engineer
3.630431720384648,3.890014956663485,1.8173027558806008,1.0,1.3663315170167145,4.665321951874852,Systems Engineer
3.5309100743893787,4.178581292850636,1.0,1.1355171264306223,1.6319673907296752,3.938310730800886,Systems Engineer
4.153309893490961,4.074231840773445,1.2588789078544202,1.0,1.6102277623203118,5.0,Systems Engineer
4.7595097862654905,4.005584004753164,1.2122925480235724,1.0,1.2281847390631575,5.0,Systems Engineer
4.454207119543081,4.355387012587597,1.0,1.2985280498692704,2.4468808986939155,5.0,Systems Engineer
4.494263052323721,4.031910612516819,1.0,1.0778291488358704,2.128288697924654,5.0,Systems Engineer
4.676945929661713,3.9524247439716103,2.0504935949065555,1.0,2.2096709362308125,4.600739803907986,Systems Engineer
3.0463890001555987,3.899112811850421,1.0,1.0,2.0173846240472284,5.0,Systems Engineer
3.2462074326180312,4.4542225828228865,1.049040225139897,1.5144245768047973,1.7841244124844362,4.333877706618277,Systems Engineer
3.391250336892067,3.354096273166442,1.2389070764603276,1.7384610111073497,1.7175242366723897,5.0,Systems Engineer
3.23827897093219,4.090160624588649,1.3342813081685634,1.0,1.8980582655100728,5.0,Systems Engineer
2.5331146763852614,4.667726530850871,1.176839687945524,1.3583638238586713,1.7936403604026179,4.138638759217322,Systems Engineer
4.267031478158476,3.958704837291744,1.0160577277161602,1.5438034925994768,2.381031936931299,5.0,Systems Engineer
4.076927114436749,3.6543937811044414,1.0,1.207831686269303,2.507928259496489,4.266483024280641,Systems Engineer
4.004268807589584,4.804770828519184,1.0,1.465505927434552,2.2465587636080024,5.0,Systems Engineer
3.5951197292000336,3.5972991649672097,1.010135946061144,1.0,1.865129696694171,5.0,Systems Engineer
4.892317803474886,4.201359094634911,1.312614235436551,1.5822379235250028,1.5176712055524717,4.917458668814507,Systems Engineer
5.0,3.9604388888077455,1.5582153743911036,1.4818689385865536,1.2609431428061555,5.0,Systems Engineer
4.073373736102613,4.164979393920217,1.0,1.0,1.7619949999895743,4.951102501457899,Systems Engineer
4.592492223800158,4.908655409862804,1.6982989231115888,1.430092605390922,1.497829868850205,4.795551912505252,Systems Engineer
4.104963026206499,3.6837804809619126,1.2886028262639755,1.3602430541271437,2.2681450312827343,5.0,Systems Engineer
3.547704393143463,4.466414352046099,1.0,1.0,2.2660580670931907,5.0,Systems Engineer
4.244006743188005,4.010402011886272,1.1550769130507534,1.06821345903364,1.437024551932303,4.378689927527542,Systems Engineer
3.9605870602632725,4.039928417884652,1.005666189183867,1.3380508068249566,1.89226164191783,5.0,Systems Engineer
3.927706616336776,4.911679481018233,1.0403568633632234,2.170361305762839,2.176005795545432,4.893161414705892,Systems Engineer
3.550276011870163,3.278555712971153,1.0,1.0,2.1974100102060885,4.736917314469906,Systems Engineer
4.093463526277249,4.640989181188343,1.0,2.039578349233402,1.4120945098304012,4.924708225812536,Systems Engineer
3.7303435381945107,4.468253303028504,1.0,1.0,1.9463265887745187,5.0,Systems Engineer
4.112920917018654,3.3242262728678833,1.0,1.8364948514224764,1.6894326006018796,4.528518313775118,Systems Engineer
4.73868628031543,4.505548502793495,1.6370298216333978,1.0,1.2374471794928197,5.0,Systems Engineer
4.167563066536832,4.1823009018524155,1.739091967819501,1.0,2.4298475256488827,4.451687477926341,Systems Engineer
4.427867660430421,3.762521647739311,1.0,1.0,1.2771948996117186,5.0,Systems Engineer
3.6136633046697715,4.393149115450139,1.3200280405164586,1.8440785264513955,2.1831637417705387,5.0,Systems Engineer
4.700049905913907,3.6861686519866517,1.0,1.1000470295641969,1.288683265392798,5.0,Systems Engineer
4.727749146039471,5.0,1.0312234883315647,1.275286796850799,1.770262284023678,5.0,Systems Engineer
3.3922283939744715,2.7284534052626106,1.0,1.0,2.7389633680797676,5.0,Systems Engineer
3.2985354637934448,4.64585780376062,1.4756924917503853,1.0,1.8048662345341908,4.7099181389377405,Systems Engineer
4.3739976993136,3.385610324547493,1.0,1.0,2.2366705916925715,4.891603984156036,Systems Engineer
3.7323771480298022,3.893351712183961,2.018021416420056,1.0,1.4794973908581066,5.0,Systems Engineer
3.928237665288522,3.2923830345667637,2.1157481676012333,1.0,1.8110652730193244,5.0,Systems Engineer
4.86505838460442,3.1601273367405023,1.1379929247102698,2.043636080896814,2.064364340369824,4.38233301034826,Systems Engineer
3.6908015735196735,4.103441264878395,1.665401957819931,1.0,2.4133258987162156,4.282315586476555,Systems Engineer
3.2781408152024727,3.758599655657525,1.719014360936631,1.0344373197568846,2.1449055977833096,5.0,Systems Engineer
4.554603991293366,3.694889653731073,1.344142554244116,1.0,2.9916363279603804,4.599804447851655,Systems Engineer
3.5588053484606896,4.274834906744025,1.039894215716162,1.1634262031304672,2.113656897746159,4.45480390059628,Systems Engineer
4.806679464539742,4.446771102944554,1.6794749756335579,1.0,2.2082617723575857,5.0,Systems Engineer
4.5640013131007535,4.580124065914809,1.0965254014790573,1.0,2.8898309435438447,5.0,Systems Engineer
3.695781479304429,4.203271069133347,1.0,1.527676533735522,1.2643941278604234,4.8895827539814585,Systems Engineer
4.122227224802775,4.519419855991047,1.053272338217187,1.317481436806275,1.9859165457752235,4.983907024527858,Systems Engineer
4.042738625174149,3.9054710395738126,1.0,1.0,2.122387420555849,4.87543949825564,Systems Engineer
3.922095458909047,3.8383231652806424,1.0,1.0,1.8465841278057027,5.0,Systems Engineer
4.196689172234856,3.9097248545571306,1.0,1.0,3.298718603687612,4.4350924848677185,Systems Engineer
3.7406874993678088,4.258500151256968,1.1804303047828404,1.2604328462807863,1.7786414652339122,5.0,Systems Engineer
4.030671832120432,3.8439343162293564,1.12270487088567,1.5276827733753533,1.9888998882823377,4.992226423178213,Systems Engineer
4.534080517437992,4.480680179909407,1.7919682204817415,1.0,2.452559591584695,5.0,Systems Engineer
3.5571738011233673,4.125793958999423,1.5255608738789992,1.0,2.2212812145114036,5.0,Systems Engineer
3.464490218734256,3.928857153777426,1.1504841883212056,1.0,1.560423400453227,4.932477699068613,Systems Engineer
4.400819858451846,4.321867000596055,1.0,1.326083942557843,1.5820301119167457,4.194915101003283,Systems Engineer
3.8164282144763844,4.561484685792868,1.3279802760706867,1.0,1.7916472582044713,4.805118931941784,Systems Engineer
4.054392452930398,3.4657812570770856,1.0,1.0,1.3244627707742511,4.580775874551213,Systems Engineer
4.205253395743191,4.004755919970497,1.0,1.0,2.7884249127946084,4.581010392660341,Systems Engineer
4.1257964036308685,3.7560654559631024,1.0181396463191676,1.2288048709701862,1.314871705396057,4.996691877923256,Systems Engineer
4.595364324489923,4.8807509467460015,1.0,1.0208406036084543,3.1056665143007667,5.0,Systems Engineer
3.6913577153723907,3.6905082745569384,1.4782747308936344,1.0,2.5438633756694267,5.0,Systems Engineer
4.258860382013536,3.871633098259973,1.0,1.7309964154341602,1.8766313597232624,4.794532461713069,Systems Engineer
3.9599314660600955,4.096511066358971,1.0,1.0,1.6909839630469712,5.0,Systems Engineer
3.5570187160000555,3.1221160711209732,1.0,1.0,2.6807691014240556,5.0,Systems Engineer
4.250624543403601,4.268243863560665,1.0280919591961601,1.0,2.5222632149090702,5.0,Systems Engineer
4.699548739631707,4.310414972644933,1.0,1.0,1.6362675967728602,5.0,Systems Engineer
3.7974745235272236,3.6007636016001836,1.15988902056341,1.0,2.147284256287582,5.0,Systems Engineer
4.4565354029644295,4.013505277150953,1.0,1.0,2.3555230512726517,4.414479480169092,Systems Engineer
5.0,5.0,1.0244241966047425,1.0,2.248368878387859,3.420999096738884,Cybersecurity Analyst
5.0,5.0,1.492148222598523,1.0,2.1027066352288752,4.6045431990070025,Cybersecurity Analyst
4.29655269967887,4.498945447683113,1.0,1.0,1.6982810827556962,4.764389417855154,Cybersecurity Analyst
3.039493430588372,5.0,1.0,1.0,1.0,3.725472784420567,Cybersecurity Analyst
4.755365825769607,5.0,1.0,1.5085738371896562,2.615652131784343,4.052023240519543,Cybersecurity Analyst
5.0,5.0,1.341326253646294,1.0,2.3136992428106704,4.1083956388022465,Cybersecurity Analyst
4.259914501335514,4.657707190429335,1.0640494421794933,1.0,1.0,4.499152284289192,Cybersecurity Analyst
3.2488055091552415,5.0,1.16650106472452,1.1632815079315275,1.858460463200875,4.135605737639986,Cybersecurity Analyst
4.235483534892581,5.0,1.8667206696921315,1.1170970757491028,2.032024422508851,3.546635517324953,Cybersecurity Analyst
4.2179731619496685,5.0,1.0,1.2723062520920185,1.853741903225329,4.335496326044462,Cybersecurity Analyst
4.456301157014872,5.0,1.0589221630706502,1.0,1.6940434736790897,4.297578661942365,Cybersecurity Analyst
5.0,4.829639614233959,1.22791883919407,1.0,1.5130164778754496,3.661842068211319,Cybersecurity Analyst
2.958764011648664,5.0,1.0,1.0,1.4109360523249728,3.5578098923188977,Cybersecurity Analyst
4.688261329869334,5.0,1.0,1.0,1.6172593897789571,3.9782271639605598,Cybersecurity Analyst
4.086445842393847,5.0,1.0,1.0,1.8422161537327388,4.473274263858391,Cybersecurity Analyst
4.177409059089197,5.0,1.1725430930075413,1.0,2.6056327482465065,4.3992524523078345,Cybersecurity Analyst
4.457764895862372,5.0,1.2088375503259798,1.7404962020587464,2.1888197858933207,3.8904707059876955,Cybersecurity Analyst
3.996698044758318,4.988078115931942,1.0,1.8159444241851104,2.148147682751834,4.047369237916453,Cybersecurity Analyst
4.194137127463216,5.0,1.0,1.0,1.3097144912765017,3.883700380782257,Cybersecurity Analyst
4.122759221663681,4.767338740829461,1.0,1.0712024333140662,1.7489460875851512,4.155087913591419,Cybersecurity Analyst
4.557117173371302,5.0,1.440506673582601,1.5429592057533599,2.1414140800593513,3.9206794869784494,Cybersecurity Analyst
3.6138734645584023,4.804410918182139,1.0,1.3658361633104559,2.1733912772970982,4.348378931357151,Cybersecurity Analyst
3.419831571949924,5.0,1.0,1.0,1.7803911175890936,5.0,Cybersecurity Analyst
3.806141566754216,4.837451764264538,1.0,1.0,1.6092619670993729,4.071606541603066,Cybersecurity Analyst
4.537797454099165,5.0,1.0,1.0,1.7242362999491851,4.0264697341174,Cybersecurity Analyst
4.6652258357811585,4.925558601989558,1.0,1.8888224094097148,2.43810299583583,4.2870406410532675,Cybersecurity Analyst
4.979065807650888,5.0,1.0,1.4163328789401803,1.2039957714406748,4.226002684291224,Cybersecurity Analyst
3.14312821293538,4.76657229480004,1.0,1.0,1.8255740014044,4.516280860180276,Cybersecurity Analyst
3.6430235439202234,5.0,1.0,1.0,2.161919633163725,3.50173579169072,Cybersecurity Analyst
3.344139783544655,5.0,1.5615401996703193,1.0,1.7713435467216478,4.077837693844193,Cybersecurity Analyst
4.02773995938269,5.0,1.0,1.0,1.577384947281573,4.075433814255781,Cybersecurity Analyst
4.092938941811133,5.0,1.1287908746052184,1.0,2.72350230879253,4.635959151711183,Cybersecurity Analyst
3.370901354986537,5.0,1.0,1.0694319946002742,2.526655139820935,5.0,Cybersecurity Analyst
4.3756388525713055,5.0,1.0,1.0910674355055883,2.679885946664157,3.977645621620207,Cybersecurity Analyst
3.556943674326175,4.190155067241687,1.2565239337051253,1.1236440628138697,1.6770459133688518,4.5130070628536485,Cybersecurity Analyst
3.789111567806185,4.932677954087603,1.0,1.0,2.1179325328747853,4.5757575729665,Cybersecurity Analyst
3.428759050940789,5.0,1.0860793348032205,1.0768819147723532,2.435922284937045,4.024648712608579,Cybersecurity Analyst
4.240114630952851,5.0,1.0,1.1495917304068992,1.874606196394684,3.933659110140052,Cybersecurity Analyst
3.838969301760834,5.0,1.0408223545091269,1.197272017158337,1.9912413185521258,3.1979394937648378,Cybersecurity Analyst
4.015684208049854,5.0,1.1212979685767301,1.0,1.402265141667244,4.312303322447139,Cybersecurity Analyst
3.8631967217329155,5.0,1.0,1.0,1.7753573260320958,3.515958205423086,Cybersecurity Analyst
4.236865830384328,4.69843995588694,1.0819757404474053,1.2052301109510388,1.706593642198459,3.3980571828135075,Cybersecurity Analyst
5.0,4.736114062027287,1.3117085793005792,1.969731774785062,2.3949538734269464,3.849778595586224,Cybersecurity Analyst
3.9664418062324445,4.583696390130576,1.4408482134788712,1.2831353540293442,1.7427870908691285,3.478912596450778,Cybersecurity Analyst
3.3393831311681543,5.0,1.0601865644777804,1.1074922681663757,1.5885256870688214,3.268248448347797,Cybersecurity Analyst
4.481306787355816,5.0,1.4536173300288102,1.0,1.8815910784815708,4.356649088310316,Cybersecurity Analyst
4.366174039825262,5.0,1.0,1.307273618825434,2.5545497327383595,3.9476139941592328,Cybersecurity Analyst
3.7432558181129734,5.0,1.0,1.3147382485572385,1.9707888447400692,3.07921719175772,Cybersecurity Analyst
4.56429703373929,3.621073185226316,1.0,1.263665039740336,2.2635355993390576,3.681210071061232,Cybersecurity Analyst
4.073911045151623,3.7342849771109976,1.3534877322352996,1.1248627435267986,1.9771785733331022,4.010420741068886,Cybersecurity Analyst
4.246627088096516,4.985549238251069,1.0,2.098166117261261,2.6004004097142257,3.357527669022586,Cybersecurity Analyst
3.827431384761705,4.88198290492198,1.5394247832544816,1.0,1.7504958677851055,3.1196817783312483,Cybersecurity Analyst
3.857452242085831,4.763749553457548,1.0398470336913561,1.0,1.6244883043047378,4.309828345881574,Cybersecurity Analyst
4.22733637047129,5.0,1.0,1.0,1.9405737589896146,4.250581035034226,Cybersecurity Analyst
2.911610149514076,5.0,1.154569093667399,1.0310754530428634,1.9253432890641624,2.716940307033793,Cybersecurity Analyst
3.780073368449797,5.0,1.0064506477841528,1.0,2.0084530977950563,4.177386434314005,Cybersecurity Analyst
4.329410122344732,4.885559918421029,1.212459801196842,1.8383254013806798,2.5031253997163576,5.0,Cybersecurity Analyst
3.671614820824142,5.0,1.0,1.1767830733702316,2.36623826461905,3.7446114040477636,Cybersecurity Analyst
4.043982138737138,5.0,1.0,1.8346917297738234,1.3077016876363254,4.969845721364192,Cybersecurity Analyst
4.500663067399796,4.955137211836111,1.0,1.0,1.9321021798714926,3.975752069225587,Cybersecurity Analyst
4.627613123317291,5.0,1.0996899603270038,1.0,1.727136979681903,3.908454607694358,Cybersecurity Analyst
3.4849389473516124,4.410529298946311,2.0485636061865136,1.151306762973127,1.5834334331598265,4.408301785178856,Cybersecurity Analyst
3.4108269375965774,4.451993976064474,1.0,1.8272566404325166,1.873559967110813,2.7791465065487566,Cybersecurity Analyst
4.605032966587797,4.846809317918821,1.0,1.0,2.2605019483024513,4.202024583266485,Cybersecurity Analyst
4.89920748958241,4.573616068715035,1.0233600601324861,1.0,1.2289035529063885,4.442763686152977,Cybersecurity Analyst
4.23163478457376,5.0,1.2133950966293223,1.0,1.4971524563409033,4.01882368608468,Cybersecurity Analyst
4.580605701205807,5.0,1.3977163534037165,1.014587213384048,2.134891964699968,4.005796929662686,Cybersecurity Analyst
3.487028330150286,5.0,1.0,1.0,2.8180525552981597,4.411429611391676,Cybersecurity Analyst
3.538440407881735,4.963785465178859,1.0,1.0,2.5205539082622814,4.326503969154952,Cybersecurity Analyst
5.0,5.0,1.1020001905388457,1.3385749870666466,1.898778412908332,3.436247876456752,Cybersecurity Analyst
4.65288828914376,5.0,1.0,1.136967868465669,2.620469593692403,4.42317571310301,Cybersecurity Analyst
3.268449374375151,5.0,1.0,1.5565003495693404,2.5155213693913305,4.659303914089023,Cybersecurity Analyst
3.4410528306398964,4.607944232971881,1.5570412180677193,1.0,1.2392835095428463,4.266298243807032,Cybersecurity Analyst
3.7263907798670135,5.0,1.1480922769942317,1.0801296433208327,1.8153780541921214,4.795417666963486,Cybersecurity Analyst
4.17927722994491,4.795750240921897,1.0,1.0,1.5111765814225973,4.514438720839472,Cybersecurity Analyst
3.095828972987883,4.930242985833464,1.305066772543967,1.1710597100548286,1.6413585134921655,4.330129353353275,Cybersecurity Analyst
3.556980305807046,4.988807671751595,1.3259207859901778,1.2314563897465567,1.662480494290266,4.598747258282182,Cybersecurity Analyst
4.043347285742767,5.0,1.7645505033366238,1.5587602743873035,2.560064703165522,4.096339964924736,Cybersecurity Analyst
4.396967560455255,5.0,1.0,1.1513718962525212,2.128180491869233,4.291864680760909,Cybersecurity Analyst
3.9360015123933025,4.619272221618075,1.3282530415876135,1.0,2.7294095679282346,3.8842909693975036,Cybersecurity Analyst
4.122764086028084,5.0,1.2953440224220953,1.0,2.412043290272132,4.151576914188137,Cybersecurity Analyst
3.6823693077206956,4.625166524527043,1.0,1.0,2.8611336954935127,4.743075662571672,Cybersecurity Analyst
4.225850100487969,4.8883007918289545,1.0,1.379032853086984,2.8789134497509754,3.7148016302016282,Cybersecurity Analyst
3.4412069786883377,5.0,1.0,1.0,1.8765710537445737,3.2197832660974846,Cybersecurity Analyst
4.556074531403299,5.0,1.0,1.6398070595888738,2.724646214201913,3.943414675854968,Cybersecurity Analyst
3.774665911215996,5.0,1.3605809110420775,1.1281623264844267,2.681772973319806,4.150965317501511,Cybersecurity Analyst
3.747189707040406,5.0,1.5193271436598677,1.0,1.8559846302803895,4.691528699290803,Cybersecurity Analyst
3.7440657994532414,5.0,1.7073719096799063,1.0,1.7157303475554997,3.8563205629251827,Cybersecurity Analyst
5.0,5.0,1.0626954859033693,1.0,2.0585205177906314,4.121913463308382,Cybersecurity Analyst
3.378320631195323,5.0,1.661202162405865,1.0,2.413291982568624,4.687398985027389,Cybersecurity Analyst
3.719721327452816,5.0,1.0,1.2205413309302018,1.8466136576681849,3.8465018214186983,Cybersecurity Analyst
3.691350465120977,5.0,1.4244027288657246,1.0,1.320015893163863,4.201585083317195,Cybersecurity Analyst
4.211007179705347,4.891642494306787,1.9336156435904042,1.0,1.0,3.6345825501511646,Cybersecurity Analyst
4.355212267045725,4.472077681283079,1.0,1.4755106680890773,2.231273961398875,4.1885304548142,Cybersecurity Analyst
4.390714459732764,4.787403523363558,1.0,1.4048896362807124,1.3275566096094003,2.928640076800727,Cybersecurity Analyst
3.7833579131860726,5.0,1.1277798494934017,1.4286457520615077,1.0,4.157748404161746,Cybersecurity Analyst
4.326932252321189,4.324601288694658,1.4310287952732725,1.0,3.535668350803001,2.911381965551632,Cybersecurity Analyst
4.684557183837375,4.802920951736963,1.0,1.0,2.138739620668733,4.518733334782522,Cybersecurity Analyst
4.860982144066088,5.0,1.0,1.5650823461330585,2.195642478560437,3.672698489535506,Cybersecurity Analyst
3.8940447032612595,4.645078670277638,1.018546170968228,1.0,1.4860029633912806,4.239559563891386,Cybersecurity Analyst
4.314365274129819,4.906201499954194,1.6838256519679862,1.0,1.8486127274372308,4.330244491172849,Cybersecurity Analyst
3.9337872075283316,5.0,1.0,1.0083536923689875,1.0864020312643698,3.3895247145005647,Cybersecurity Analyst
3.3323387306222476,4.478708423233087,1.0,1.0,2.332137602128563,4.111193907067348,Cybersecurity Analyst
3.049462785591007,5.0,1.1591276232917136,1.0,1.9695570115466488,4.095155062698528,Cybersecurity Analyst
4.38229979881779,4.212560006268633,1.0,1.7541680490288645,2.7083306541489782,4.42546846388789,Cybersecurity Analyst
4.268412341977838,5.0,1.9589240008033328,1.0,1.51528377835584,3.8648538411877524,Cybersecurity Analyst
5.0,4.215321828637403,1.0,1.0,2.0623819314386926,3.398654485552566,Cybersecurity Analyst
3.9456244885831913,4.024952419990621,1.3088103325423253,1.6111726282339873,1.8080281889682706,3.932434996462149,Cybersecurity Analyst
3.9182963846343437,5.0,1.0,1.384058476215347,2.616519566725473,3.5929643887539084,Cybersecurity Analyst
3.8453357536128516,5.0,1.0,1.0,2.1131579764492394,4.248173205535246,Cybersecurity Analyst
3.638849906023204,4.710674472939773,1.0,1.0,2.3467479103023,3.4097507565011806,Cybersecurity Analyst
3.8672385692833258,4.547331916242574,1.0,1.4350890873733855,1.7400873889132304,4.094220040210378,Cybersecurity Analyst
3.2459620600994947,4.629030273121762,1.3780439403475029,2.2936357279226547,1.0118919678048441,3.8994461023552867,Cybersecurity Analyst
4.20614029907175,4.691949923380358,1.424760993497062,1.0,2.0769238301083206,3.73896404775082,Cybersecurity Analyst
4.609715541477386,4.661817748482197,1.0,1.4728445187485777,1.4859806704535683,4.0343750283817865,Cybersecurity Analyst
3.088732828156699,4.456033270685463,1.1910656379454019,1.0,1.7277135340881042,4.246543201023969,Cybersecurity Analyst
3.7104069294265347,5.0,1.1078313937430322,1.2178415559622515,2.620482799369266,4.159911531307033,Cybersecurity Analyst
4.769423645234672,5.0,1.0,1.6465740375106357,2.1319330104514727,3.802660145669748,Cybersecurity Analyst
4.139192847660441,5.0,1.2275225471211109,1.9111964162756987,2.543265278949411,4.261580016701081,Cybersecurity Analyst
3.4869659586294213,4.910133742994939,1.0358320698754258,1.3483157506088734,2.3186665206360964,4.084770205109143,Cybersecurity Analyst
4.060174957688585,5.0,1.0,1.8477579096249284,1.0,4.727704741086015,Cybersecurity Analyst
3.977407235787419,5.0,1.1819202171463064,1.173017205455401,2.2771272380132603,4.40452714454389,Cybersecurity Analyst
3.83558458670638,5.0,1.0,1.0,2.4179849621361384,4.497508789807945,Cybersecurity Analyst
4.230394424130701,4.803303781022132,1.4483538891843517,1.0,2.8757045368744554,3.957664551250168,Cybersecurity Analyst
3.23018715289702,4.402658265991724,1.0218218184397938,1.0699126356630266,2.9848283424755477,3.480750331192887,Cybersecurity Analyst
4.019731099651965,4.470289296458971,1.0,1.841986015034669,1.4318318884220047,4.293521212033917,Cybersecurity Analyst
4.196453679507195,4.987914286820896,1.2597183115958688,1.0,2.828161253901779,4.96242274756176,Cybersecurity Analyst
4.023552348879656,5.0,1.0,1.20021599692814,2.715944531887257,3.770497769888545,Cybersecurity Analyst
3.309225470560281,4.194141467190573,2.030413281951329,1.0,1.9071316182907507,3.4436179608394726,Cybersecurity Analyst
4.474169639664594,4.609220070387708,1.0,1.1497602097080803,1.4679770363772138,3.910708865242887,Cybersecurity Analyst
4.701104794751635,5.0,1.0652711462141793,1.1074323547319325,1.8054324520117182,4.998076159877463,Cybersecurity Analyst
3.5939214347329664,5.0,1.0575127831714035,1.5043812535665677,2.55158696939682,3.9839905977564647,Cybersecurity Analyst
4.1453332465565245,5.0,1.0,1.0,1.6974681546390147,3.7192006618115654,Cybersecurity Analyst
3.400358789017934,5.0,1.0010592105087361,1.0,1.3719223627463066,3.9777275678776056,Cybersecurity Analyst
2.686657622000694,4.9185218445970795,1.031591834403878,1.1209574921607492,1.2179491182603601,4.112408368345737,Cybersecurity Analyst
3.4792843650677288,4.593765083853833,1.3589656929113323,2.007056861679872,2.02567937940134,3.5914522706798837,Cybersecurity Analyst
4.0943352237549995,5.0,1.3104987829363677,2.371556436231873,1.6423312154526666,4.126115739959649,Cybersecurity Analyst
4.774458976709101,5.0,1.0,1.0,2.74226038292435,5.0,Cybersecurity Analyst
4.351897941875409,4.816068353151758,1.0,2.1093716787654246,2.3643707932328795,3.5759665365572912,Cybersecurity Analyst
3.8984218168331095,5.0,1.271903326944059,1.0,1.6929047909372537,3.17353271881352,Cybersecurity Analyst
4.519881144802391,4.829190766614842,1.233160824591646,1.7111292542881635,2.109935071186973,3.943514762025466,Cybersecurity Analyst
4.096960738441967,5.0,1.6230824989389725,1.155419198769395,1.7277994902105438,4.5239245284448755,Cybersecurity Analyst
4.615242178179176,4.3308346865897684,1.7663919423840526,1.1823558866042427,2.1416349750732993,4.503312315798257,Cybersecurity Analyst
3.7165118044978604,5.0,1.0,1.0,1.5011218604465328,4.283510916451613,Cybersecurity Analyst
3.527265830002671,5.0,1.5946417267198214,1.6667195830164825,2.062389289838706,4.12893080864748,Cybersecurity Analyst
3.4031440728778612,5.0,1.1899167275185427,1.2836528126461302,2.844155905726441,3.697018508026245,Cybersecurity Analyst
3.936929225061341,5.0,1.0,1.0,2.2464749052334847,3.8372893643135844,Cybersecurity Analyst
4.654494704864556,4.244537719091503,1.561385620116671,1.3305927374080024,1.7155857062217046,3.537795715885001,Cybersecurity Analyst
2.9598586913787743,4.602412493793083,1.5235883275014985,1.0,2.5814904401959207,3.690064464687724,Cybersecurity Analyst
4.353553080053281,4.641250698957789,1.0,1.0,1.6675167443400016,3.228588925481394,Cybersecurity Analyst
3.908842649641503,5.0,1.6341793057480336,1.46840283856653,2.609971599616416,4.360178749196754,Cybersecurity Analyst
4.166306379474987,4.385527546764054,1.0749360989676373,1.2983968886654071,2.728718974685218,4.343144270865907,Cybersecurity Analyst
4.620191717302711,4.48400105431738,1.0,1.2146753568306354,2.580476345371281,3.92738567708054,Cybersecurity Analyst
3.958777020425423,5.0,1.0,1.8037022749117146,1.5604319534461575,3.0407052882203485,Cybersecurity Analyst
4.005033504261291,5.0,1.2932265651668051,1.3755452715018164,2.020692881153557,3.9238112513644117,Cybersecurity Analyst
3.227545315203442,3.870306871047907,1.0981361692204317,1.6562745971701132,2.1720668524140327,4.311799763526007,Cybersecurity Analyst
4.79185877281977,5.0,1.0,1.0,3.011106281486043,4.2632738895768405,Cybersecurity Analyst
3.5281991420403345,4.4144161660993815,1.6265318634644563,1.0,2.9269170787511105,2.6217686014546446,Cybersecurity Analyst
4.711297598894989,5.0,1.059297211528437,1.0,2.9453649242970146,4.353529429200602,Cybersecurity Analyst
3.5483981955522745,4.1405450219855595,1.0886486065736543,1.0,1.2400659813122454,3.9723032372588323,Cybersecurity Analyst
3.7130326834628997,5.0,1.362961805824201,1.7463049737320178,2.4544445181846437,3.6392796250848973,Cybersecurity Analyst
4.184457564414597,5.0,1.0,1.199116392346136,2.928336168958857,4.016213302093502,Cybersecurity Analyst
3.2029086601373,5.0,1.0,1.431802753443144,2.2624324958625643,3.9145449732626285,Cybersecurity Analyst
3.8344178670720894,4.893882849192226,1.0041372471711603,1.0,1.3061234594992817,4.569349473347324,Cybersecurity Analyst
3.8072995117515207,5.0,1.1426409755837472,1.161010239827607,1.413091001450788,3.162079917724076,Cybersecurity Analyst
3.705653737654004,5.0,1.0,1.0,3.063648706874784,3.077288057597732,Cybersecurity Analyst
3.622483002044751,5.0,1.0,1.0,2.58438445850556,4.027615218240555,Cybersecurity Analyst
3.825845802477997,5.0,1.0,1.0,1.9432015361826258,3.4945015199619966,Cybersecurity Analyst
4.00534665589824,5.0,1.4265302280258054,1.5639624927584137,1.797131749183874,4.249707303969535,Cybersecurity Analyst
4.246261723103178,5.0,1.0,1.0,2.25100094453328,3.146568718903475,Cybersecurity Analyst
3.8660802837158443,3.723184492175701,1.0,1.0,2.5483621038146422,4.344054012202134,Cybersecurity Analyst
3.723032658078879,5.0,1.4438114816901984,1.0,1.307810927893155,3.896043844966943,Cybersecurity Analyst
3.9510537974139317,4.383772804584887,1.183523396464984,1.1399059271511778,2.2225213499470935,4.139461548583721,Cybersecurity Analyst
4.364921517557492,4.910335986063484,1.1008925536854766,1.0,1.707750392189025,4.669124815381037,Cybersecurity Analyst
2.9781156492367518,5.0,1.0,1.0,2.1307887420327036,3.2551951938244987,Cybersecurity Analyst
3.5919884640268984,4.575430176743504,1.0,1.0,2.8005593428196347,4.898508258248977,Cybersecurity Analyst
2.989003238625968,5.0,1.4293317195387873,1.2714926011955525,1.6709432534541526,3.877952218920729,Cybersecurity Analyst
3.6258626726111522,4.789867984420586,1.0,1.0,1.248599144347465,3.8999327228859313,Cybersecurity Analyst
3.3757091554501177,5.0,1.0,1.1452901739372687,2.5407903641823912,4.794723468052354,Cybersecurity Analyst
2.735997705489755,4.582902953063108,1.0,1.2301639091907415,1.1748227479227353,3.5089537965998923,Cybersecurity Analyst
4.065178601328555,5.0,1.1888092032100466,1.221837863444058,2.1692972165579314,4.096827658315746,Cybersecurity Analyst
4.027869886663184,5.0,1.0,1.7721667434856174,1.0,3.460419091547754,Cybersecurity Analyst
3.8866196016749277,5.0,1.0,1.0,2.3961975197078673,4.497259058014238,Cybersecurity Analyst
3.6513351707512705,4.849582356522484,1.0,1.0,1.4840867246357825,3.5553739187645412,Cybersecurity Analyst
4.217188461014184,5.0,1.2457932537952368,1.1070071948504183,2.352169300573798,4.439106999077497,Cybersecurity Analyst
3.129141690066948,4.5728451747928185,1.0,1.0,1.6649547130909832,4.456011835494153,Cybersecurity Analyst
4.989974184145299,5.0,1.0421705160991057,1.4247281275521655,1.067080122398282,4.014234470219205,Cybersecurity Analyst
4.489517912733758,4.678423001399445,1.0,1.0,1.9696572833990398,3.545673859042271,Cybersecurity Analyst
5.0,4.760651809496027,1.0,1.0,2.4539303188522457,4.008707124499115,Cybersecurity Analyst
4.242796960022001,4.564244702833421,1.7438442232017568,1.2808555139592217,2.523850784438805,4.182580316237584,Cybersecurity Analyst
4.412442018864392,4.563473720161387,1.0,1.673240297778015,2.779870973641982,3.4264672001404617,Cybersecurity Analyst
4.124868033931906,4.784528099757386,1.0,1.142419847677725,2.570481466182704,4.225831236642097,Cybersecurity Analyst
3.8402437750404825,5.0,1.0,1.206057150365301,2.6982328502278667,2.9614201703495864,Cybersecurity Analyst
4.398626149270017,4.230472539214766,1.6141638552722308,1.0,1.391164311196758,4.347634613544374,Cybersecurity Analyst
4.182085031571205,4.500406548519171,1.0,1.0,1.3979565249144017,3.469263513538186,Cybersecurity Analyst
4.0578103952107165,4.517064182872452,1.2132696450132714,1.7450717979417383,1.9257222925497088,4.065075530992792,Cybersecurity Analyst
5.0,4.406199441311326,1.5956175975903708,1.5354287989562412,2.4271586695868916,4.645873925366316,Cybersecurity Analyst
4.14028748297931,4.708535252200367,1.5472866456102836,1.5664211058564474,2.552656950746644,4.022251041159619,Cybersecurity Analyst
3.6419027431933366,5.0,1.4711150087839178,1.5121758949299826,1.7851619364627025,4.157686448063695,Cybersecurity Analyst
3.345610847757022,5.0,1.0,1.3926276797857737,1.425347711304919,4.515707953217004,Cybersecurity Analyst
4.1609175950113855,4.6093211521915265,1.3456781905402626,1.0,2.3747775187225644,3.8629442623096395,Security Engineer
3.1394764371851687,4.508791879759531,1.0,1.684094511874289,2.4505718152646123,4.811930706161071,Security Engineer
4.826817608014929,4.732624597704542,1.0,1.0,1.6642446973494618,3.0792526453317706,Security Engineer
3.992626140991579,4.357217203144445,1.0,2.0578854047814925,1.7453274518346458,4.097387002814034,Security Engineer
4.453324192904642,5.0,1.146242093971148,1.0,1.8840610124693837,3.5199947389060857,Security Engineer
4.423022504444704,4.129254171692952,1.485544169191101,1.0,2.481303637038326,3.8230912368939096,Security Engineer
3.38406565593346,5.0,1.4643837675378875,1.0,2.3603052743394666,2.857457752665325,Security Engineer
3.3397018551267,5.0,1.0,1.0,1.6505669097790032,3.53829976373746,Security Engineer
3.9170191342635374,4.814624508096176,1.0894658644690804,1.0,2.679869627518509,4.212274299859835,Security Engineer
4.228835805596793,5.0,1.0,1.0,2.6034851623161246,4.067920874054057,Security Engineer
4.069675603949464,4.683335039234882,1.0,1.4233611693854218,2.492327899068805,4.39191170287333,Security Engineer
4.396480802722738,5.0,1.0657613650390783,1.0,2.6051619249707767,3.813139564754783,Security Engineer
4.184989606940373,4.597993501022877,1.0,1.0,1.5980308116364181,4.39892591273915,Security Engineer
3.3259828742274853,5.0,1.0662540484210905,1.0,1.7794880897381957,4.127849769024071,Security Engineer
4.214363996647034,4.897846395699917,1.3384441022403577,1.0,2.0068264560375284,4.1258269344932765,Security Engineer
4.4634998143670845,4.662140998792234,1.0,1.0,1.8339011419290334,4.713117129039882,Security Engineer
4.286362659664911,4.434455127415579,1.0,1.186383612138201,1.5467461095336148,3.6373299795926215,Security Engineer
4.672479833087074,4.693312185763407,1.4773334080146934,1.6276615947654691,1.633268954415518,3.5550187217214293,Security Engineer
3.8619339567594175,4.455686139663188,1.0605169392513711,1.0,2.180290007943151,4.69847172811641,Security Engineer
4.408742490385159,5.0,1.0,1.2216879910511875,2.8613138303522745,2.494738741843242,Security Engineer
4.344691271487813,4.920320712621768,1.0,1.4005642919559769,2.8548529503036653,4.387615364418877,Security Engineer
3.814404024369237,4.528265087795922,1.072313816894772,1.436584646190794,1.8064734868831362,3.854808504174602,Security Engineer
5.0,5.0,1.5750643391968162,1.0,1.6464056603532697,4.0373408197271194,Security Engineer
3.499431221057425,5.0,1.7051561532953228,1.0,2.8919593033037425,3.997873951640029,Security Engineer
5.0,5.0,1.288096375164211,1.6999517205847792,2.6388166749039046,4.255366033067947,Security Engineer
3.929429840278082,5.0,1.0,1.076066859432058,1.4453462337510026,3.109559179959849,Security Engineer
4.025213382069722,5.0,1.4629023207980296,1.0,2.873494849087748,3.7154693045767133,Security Engineer
3.0410836691009884,3.908949352899519,1.0,1.4083123716311143,1.6825986582663068,4.230479320928651,Security Engineer
4.823141691791989,4.449951518711097,1.239249865897945,1.269481536327861,1.5696310057634484,4.677105462622541,Security Engineer
3.856146472225262,4.8081235095434955,2.0558066092089864,1.261383371183359,2.462645274842749,4.677446465760919,Security Engineer
3.6747630002703917,5.0,1.0,1.0,1.8640000138459318,3.6889675825275225,Security Engineer
4.4110782163285815,5.0,1.0,1.337252516577411,1.862408781306827,3.8359648148176615,Security Engineer
4.024341942450772,5.0,1.1949238246887097,1.0,2.4235556037197012,3.888802924460172,Security Engineer
3.6725077556956407,4.265989175616324,1.4915892404995106,1.0061950380970037,2.1054361792552574,4.522901457849757,Security Engineer
3.761296884201092,4.312800375762936,1.0348903511076093,1.1539807760401477,1.8685754669198136,4.736868789038084,Security Engineer
2.7569167161393215,5.0,1.395576825182113,1.2283853888502296,1.0,4.641944391635134,Security Engineer
3.4867829446820573,4.746154010808307,1.0,1.2037090173259877,2.319714021096275,4.446420277159648,Security Engineer
4.4079267550392585,5.0,1.2079613295287954,1.0,1.6244865965904889,4.447730111837416,Security Engineer
4.418604743364341,5.0,1.0,1.4552460659718478,1.419377773759821,4.538679904931136,Security Engineer
3.869564599377055,5.0,1.0,1.881702022959261,1.8192678354182692,3.810260371994128,Security Engineer
4.097419409492798,4.651460543599652,1.0,1.0,1.6494682345104064,4.243442975150286,Security Engineer
3.549217252348242,4.6159028824972586,1.0,1.0,2.655801014861961,3.5770331799485158,Security Engineer
3.6341833674063793,5.0,1.0,2.1140772166748247,1.9187360176618717,4.167609173108686,Security Engineer
4.471884392399661,5.0,1.1166437907786897,1.0,3.0120142681896285,3.950119862342867,Security Engineer
3.7791549477857598,4.677075505852991,1.0,1.4108078761185816,1.0,3.99713857954754,Security Engineer
3.8975696828643076,5.0,1.0,1.0,1.9319517706591753,3.9012353312654158,Security Engineer
3.7252277045949778,4.959506045298916,1.0,1.1785964394974695,1.0,3.9871153220613715,Security Engineer
3.6998216528682133,5.0,1.8776555353166522,1.0,2.6953629645707156,3.8419418596847947,Security Engineer
3.516936738435455,5.0,1.2603882223670033,1.0022192613049072,2.3435887375493243,4.1371075175650835,Security Engineer
3.965390296029241,4.3367825863460014,1.0,1.3116277117292363,1.9386142871565948,4.451162880565193,Security Engineer
4.191827511933394,4.560931840957297,1.0,1.0,1.7378857759477062,4.1681609048108434,Security Engineer
3.640931170618635,4.692303837122561,1.526534858797456,1.074101484313949,1.6486364672863536,4.00882090436751,Security Engineer
4.689455621500842,5.0,1.2964754047125648,1.0,2.5132096885673003,5.0,Security Engineer
3.6042661787435732,4.409053012814005,1.087771121917574,1.4377525249222052,1.9543051639748694,3.4733968019786685,Security Engineer
3.945707919109805,5.0,1.0,1.3036275088774607,2.582355392619955,4.120115312885224,Security Engineer
3.9860261143608535,5.0,1.0,1.0,1.8667138575355073,3.7540602725927665,Security Engineer
3.598329012354762,5.0,2.0859966047471454,1.0,2.0458594748741827,3.9060785899681045,Security Engineer
4.553749620059078,5.0,1.0,1.238005400032813,1.3465893294194258,4.8791360789376395,Security Engineer
4.220124015105199,4.588325230818682,1.0,1.0,2.262556471442908,4.520956302088739,Security Engineer
3.425896354014145,5.0,1.8028450539104217,1.0,2.0364008971811547,4.855404272057158,Security Engineer
4.616459293338742,4.8316284849760525,1.4071699072839365,2.4985991458595693,2.052579990925606,3.68367587427999,Security Engineer
4.0862099260457,5.0,1.0,1.2208125339071085,1.3727994701362494,3.6672330664956605,Security Engineer
4.379122388077398,4.122564574228875,1.4515837959973883,1.0,1.1343377105618426,3.7505106284720573,Security Engineer
4.143431921409675,5.0,1.0288113815797977,1.0,2.289790623992402,3.564550589766033,Security Engineer
4.069707579673203,4.40027687102232,1.0412952584377067,1.0,1.5978660392752913,4.08252031826887,Security Engineer
4.079274826579821,5.0,1.0,1.0,1.6198688001482604,4.434881029088146,Security Engineer
4.376956032596066,5.0,1.0,1.4427352914700478,1.234934535628334,3.132344648203614,Security Engineer
3.362064500049038,4.983262594836547,1.337582200494147,1.0,2.661371415939893,4.065556098089217,Security Engineer
3.2161138262051123,5.0,1.54626270733921,1.2997205076531295,2.549536531276983,3.3168766853014446,Security Engineer
3.792997382430798,4.5376538847382335,1.8587901025221591,1.319681421743315,3.4235047944788204,3.7661952332913864,Security Engineer
3.6376628941588476,4.928586680702424,1.6891786107112745,1.0,2.062218798953472,4.04834535144341,Security Engineer
4.0197483806010945,4.673800769768761,1.0,1.0,1.9962176701626755,4.4717584090763545,Security Engineer
4.880314017312246,4.5797826186651465,1.0,1.0,2.0935507686111365,3.7308252712445116,Security Engineer
4.119898416870995,5.0,1.0,1.2458899448003455,1.7699064755510605,4.230211133992195,Security Engineer
3.5517652811249,5.0,1.456640309020142,1.2841760742713215,2.396612858905049,3.627189766413913,Security Engineer
3.6901881226553552,5.0,1.0,1.7228175233290435,1.8382044643594841,4.250947194930311,Security Engineer
5.0,4.646888322965962,1.0343808754223913,1.5270915823186537,2.4756386944382656,3.836092344880321,Security Engineer
3.741634781239073,4.883432033727474,1.7239288830756818,1.0,2.0390578462417324,3.7866067645382873,Security Engineer
4.352774282397993,5.0,1.0,1.0,1.0006972167222465,3.584339295437192,Security Engineer
4.396972901816086,5.0,1.3427791816085919,1.2773161003203406,1.9367369752356751,4.387457277456994,Security Engineer
4.143139111540942,5.0,1.0,1.6715040418680656,2.43705704090893,4.3677216431020796,Security Engineer
2.9942543372690897,5.0,1.0,1.0,1.2585434794110433,3.9972064330159083,Security Engineer
4.016775798409121,4.348499039092598,1.0,1.2433097400640556,2.4358525655306886,4.095141454961211,Security Engineer
4.575417324842181,4.956807507824251,1.0,1.0,1.2198790112231412,4.927331066929792,Security Engineer
4.565649525124873,4.303743716430761,1.0778759539156402,1.0,1.8630037634184784,3.7954910760925302,Security Engineer
4.190634573483989,5.0,1.2011955845141027,1.0,1.92138664155444,4.468407158461333,Security Engineer
4.231722469058031,5.0,1.0,1.1726352548061445,1.7658256557202754,4.410769408654105,Security Engineer
3.4620707190810664,4.794271745116759,1.305553047723012,1.0,1.21349572867525,4.03153883771462,Security Engineer
3.1517709227767647,4.350598222974069,1.378297059253216,1.0,2.642743474854493,3.3975928295312725,Security Engineer
3.953023817183858,5.0,1.0,1.5158809522498125,2.2553394415830192,3.195356456656283,Security Engineer
3.9811291018956996,5.0,1.0,1.0,2.139229394723705,5.0,Security Engineer
3.806507950421155,5.0,1.0,1.107772817504976,2.3857612654380596,3.9957931670143174,Security Engineer
3.8511321755593846,5.0,1.9457275576346102,1.1502934623195658,1.7419699117348264,3.9051242213701585,Security Engineer
5.0,5.0,1.0,1.0,1.0870494529436971,4.181792136923095,Security Engineer
4.327320996412252,4.801651910017396,1.0,1.0,2.0664642324137503,4.240747660283562,Security Engineer
3.7324178664161813,5.0,1.0,1.1417383020094911,2.4241586098523027,3.9613552499253086,Security Engineer
3.9057615905527543,4.285566924775169,1.6786707478581417,1.0,2.2686827124674123,4.336360243930071,Security Engineer
3.6858507539911236,4.901235697854393,1.667241175371752,1.0,3.0639590373786283,3.627563607361863,Security Engineer
3.410241271679744,5.0,2.1041741321699354,1.0,1.929492140755154,4.2381325086282775,Security Engineer
4.016824979267765,5.0,1.0,1.0,1.9257886764204002,3.4350559560486245,Security Engineer
3.977656799279905,4.805627353164249,1.0,1.160253206299319,1.0896702534003482,3.885454948308423,Security Engineer
5.0,4.456945156837188,1.6427502482422067,1.0273280604563493,1.6985210955592909,3.3396791702350965,Security Engineer
4.069840982642616,5.0,1.0,1.0,2.505185425095166,4.170435395673141,Security Engineer
3.2138621101377107,5.0,1.7561174553327992,1.0,1.0,4.194107495795537,Security Engineer
3.900771780227982,4.085452793039392,1.0,1.4875535716444044,1.63380862720246,3.546251809632004,Security Engineer
3.9821807195341656,4.677898500840031,1.0500243138888725,1.0,1.4000022099531786,3.7444011007193074,Security Engineer
4.221376660654553,5.0,1.0,1.9686921205896923,2.365518762692768,4.426220632410671,Security Engineer
3.917015796102538,5.0,1.0,1.388774882762064,1.9448000479504783,4.111188874465278,Security Engineer
4.080305651077584,4.990916559297273,2.469094033577885,1.0,1.6621442349206539,4.347048373405879,Security Engineer
3.7024155004624104,4.854296819325554,1.0,1.2457789597012934,2.2521286222420756,3.8424039700382777,Security Engineer
4.357408344240036,4.070937493133204,1.0,1.0,1.4138587515485237,3.125643481290639,Security Engineer
3.8460520174807766,5.0,1.641054195713256,1.0,2.366607918810797,4.318271019037834,Security Engineer
4.609304087167248,4.824904484823,1.0,1.0350929262113724,1.4931031295151385,3.638247445468996,Security Engineer
3.849390427973409,4.830536184325428,1.0707796334478972,1.3515781582098088,1.8161322083620168,4.197848753304003,Security Engineer
4.007408004965253,5.0,1.0,1.0,1.8127997760005465,3.918875730020752,Security Engineer
3.6082559358270627,4.5587013569282435,1.3878826926413625,1.0,1.8404409551510483,4.507671393135498,Security Engineer
3.8236496024981963,5.0,1.0,1.0,1.2025870725495897,4.656362034636331,Security Engineer
3.4315644091827924,5.0,1.0,1.6586919589699107,3.1033913623075504,3.1567349701548317,Security Engineer
3.457621782920593,5.0,1.2565214616829075,1.3884609273800959,1.713122224797812,4.993767080511684,Security Engineer
4.059024733344887,4.39151871157824,1.0,1.0,2.7954706792770527,3.669834368599942,Security Engineer
4.246241742372311,4.76466342750891,1.0,1.0,2.2990873014952835,4.649590626314592,Security Engineer
3.542016209317424,4.2273854425006645,1.4016580213689145,1.0,2.6097664679741293,3.5478024385226896,Security Engineer
3.448353628587687,5.0,1.0,1.0,2.176990966335503,2.7854438314166767,Security Engineer
4.821209622964161,5.0,1.0,1.0,2.4958231891304012,4.300526467537051,Security Engineer
4.6933903286426055,4.658628577597883,1.1482919185754015,1.2132839558918387,2.3476337501261186,4.563640561716035,Security Engineer
3.6413680470778265,4.94291486611976,1.0,1.0,2.3492163910314874,3.1729822498696487,Security Engineer
4.554685784729642,4.430408937868125,1.0,1.6219709624830623,2.1640048589917025,4.16976497413183,Security Engineer
3.4096869773524445,4.47795703208808,1.4706281983344596,1.0,1.7525440633500753,4.4819756255273555,Security Engineer
3.4750432273152363,5.0,1.0214536630838458,1.0,1.740782184061248,3.710072409268336,Security Engineer
3.4608179181025673,5.0,1.0,1.4843723105836257,1.8877224792046736,3.470774755289481,Security Engineer
3.8810930589257895,4.794571400431763,1.5045517058640263,1.0,1.861894809399837,4.705773352746218,Security Engineer
4.254133660731674,5.0,1.6295225020319526,1.0,2.4949754272000537,4.762651646037296,Security Engineer
4.766406566161709,5.0,1.4837614974545879,1.0,1.5813089578252126,3.823891340551272,Security Engineer
3.1676054992836185,5.0,1.0,1.64566536453248,1.3842502113892001,4.541312460501105,Security Engineer
3.7525596709103404,4.357815295845413,1.8135590260798788,1.553655834670387,2.105896210092892,4.016968942567481,Security Engineer
4.2197550094095595,5.0,1.0,1.0,2.9803589160193513,5.0,Security Engineer
4.781334252615341,5.0,1.0,1.0,1.6338587947848988,3.72336617065662,Security Engineer
5.0,5.0,1.373139194967697,1.0,2.446527963355518,3.8806914857446975,Security Engineer
2.9234952806779395,5.0,1.0,1.0,1.8747960032159963,3.7508385135287936,Security Engineer
3.982871590447996,4.958834724991397,1.0,1.7601389944414165,1.50831163852566,3.5238008074347635,Security Engineer
3.8357233741048513,4.945832576315353,1.7294899084159194,1.1347117260274506,2.2832327420547673,4.137268093791641,Security Engineer
4.115730791249386,5.0,1.0,1.0,2.5811305552855788,5.0,Security Engineer
3.397845533730245,5.0,1.0,2.0238259519484245,1.3231086196042594,4.31246974515794,Security Engineer
3.296394450247905,4.840716665969584,1.0,1.5348458408698038,1.461416586920736,4.331691524423693,Security Engineer
4.0093888616939735,5.0,1.4791663573425706,1.0,2.405297486574296,3.7155475734552876,Security Engineer
4.547936727488413,5.0,1.0,1.0,2.4116474971776656,4.630475842740464,Security Engineer
3.733574229569908,4.433496717109302,1.3471055214726126,1.0,1.347243781208514,3.4686498622360507,Security Engineer
3.7922747584806253,4.331834055392277,1.0,1.0,2.3212372232863094,3.3642279639366164,Security Engineer
3.829865161022915,5.0,1.0,1.1712654948647967,1.5269799908742234,5.0,Security Engineer
3.7293527554307855,4.885947657774242,1.6585293389836822,1.0,2.0239443913376074,3.8591558396054353,Security Engineer
3.8625838109713864,5.0,1.2764715945990528,1.0,1.6169597719265352,3.6954319555712183,Security Engineer
3.299372992900116,4.204784870740351,1.148583573612454,1.469297901587556,2.4355226465726085,2.809004363431671,Security Engineer
3.8774674564783695,4.44895402220372,1.0718687189104283,1.0,2.295955953122294,3.990423454799329,Security Engineer
3.0519990525410554,4.51645706360023,1.0028925574133267,1.0450552146155432,1.297161596147999,3.231770148226939,Security Engineer
4.028122668786589,4.298166346974736,1.0,1.0,1.7557769543306745,3.5607997613303493,Security Engineer
3.6481315216375187,5.0,1.0,1.0353485108324196,1.8097657319413327,4.083825077693328,Security Engineer
4.439102782718322,5.0,1.6441052355330417,1.41907344844858,2.1192787657709022,3.7832841811799276,Security Engineer
3.806119538591888,4.561111346782095,1.002264645525779,1.3486937393559675,1.6371661985584898,3.981391070668113,Security Engineer
3.6613188856391155,5.0,1.0,1.0,1.6600166525339874,4.2516643869227835,Security Engineer
3.9516252973348225,4.785789134999982,1.1307022512736054,1.0,2.5632589468428515,3.5130669231533718,Security Engineer
3.906514243591359,4.2976173891665,1.0,1.0,2.373158261279563,4.38325188350279,Security Engineer
4.392085086862238,5.0,1.0,1.0,2.7650860276102605,4.717838551899899,Security Engineer
4.061277578475385,4.742182982959837,1.6843117113492552,1.0,2.1144246040479535,4.6759786526992295,Security Engineer
3.5818307501676863,5.0,1.2602803979219348,1.0,1.5032832004334422,3.637780119948362,Security Engineer
4.144725536425329,4.288331602559307,1.0653719295091248,1.2705254920308315,2.49261008640455,3.3008214627698886,Security Engineer
4.658123648580637,5.0,1.205075783856797,1.0,1.8359453558198795,3.9762013774407463,Security Engineer
4.135231754365279,5.0,1.1405825714473083,1.0,2.1325535472561215,3.769738289419343,Security Engineer
3.830906641508766,4.7119874147616665,1.9586297672520359,1.7319503930871614,2.2776470950068077,4.662654498633869,Security Engineer
4.399230669488941,5.0,1.0,1.0,1.832481053990824,3.4334624134539213,Security Engineer
3.256918862696692,5.0,1.1622521611854064,1.0,1.6270607467819054,4.580611136577081,Security Engineer
3.56115174324172,5.0,1.0,1.2531817355310313,1.5719461736717848,4.0450417387700535,Security Engineer
4.084361288672938,5.0,1.0395369289813066,1.172304660297055,3.0958851660254054,5.0,Security Engineer
3.680391929606639,3.8408785098237503,1.2977476503609868,1.0931262299506332,2.5305209295917903,4.142442949857658,Security Engineer
4.02930196976286,5.0,1.6343902942069208,1.0,1.5916969064302082,3.947203520355661,Security Engineer
4.049218811962292,4.887008398323876,1.217103588930943,1.4980523946585502,2.8613548553603643,4.28945651188645,Security Engineer
3.5738331607734453,4.9263118874010905,1.0,1.2573201199905795,2.194084016716971,5.0,Security Engineer
3.7692434323725457,5.0,2.177355698872046,1.0,2.0725743480851775,3.527559749437992,Security Engineer
4.041043449813715,4.609891425931179,1.5234004517456732,1.0736594295156976,1.5323013700088532,4.420283848895836,Security Engineer
4.089833019435794,5.0,1.0,1.1844122061243307,2.386670847322354,3.7883112548821316,Security Engineer
3.3704986365159244,4.979196252314803,1.6140576468904642,1.5629651653170282,1.7857857826222117,3.358457281811779,Security Engineer
3.784410139825214,4.765761174634044,1.2232233916523887,1.0,1.623367894131429,4.552131533630334,Security Engineer
4.070212933722417,5.0,1.0,1.0,1.281227109277796,3.7597282871966122,Security Engineer
4.288178008806904,3.828876564796351,1.7964260321859937,1.085283013385063,2.680147496474955,3.557014958762936,Security Engineer
4.251929967086245,5.0,1.408843156527277,1.0,2.2366076045037944,4.5510976593856,Security Engineer
3.6744118530541123,5.0,1.0,1.3512515095316788,2.977331271731245,3.3777819761256525,Security Engineer
3.9543093697860283,5.0,1.0157087367332753,1.082549775746613,1.8045002792381806,3.7859238734560425,Security Engineer
3.956652923207311,5.0,1.0,1.0,2.7842669693546633,3.790433103205548,Security Engineer
3.381372508562686,4.924291966006787,1.0,1.0,2.0695842308663104,3.644858981424461,Security Engineer
3.6876429165733624,5.0,1.0,1.0,2.335436097250966,3.0345831996379586,Security Engineer
3.511661152346323,4.100080232305781,1.0,1.2140293738255827,2.056168974366188,5.0,Security Engineer
4.5434578088945,4.534421074921699,1.0,2.3533439704877503,2.5312860028666813,4.2946848036347856,Security Engineer
4.037425906107809,5.0,1.0,1.078519585098384,2.035615698729507,3.54793057844926,Security Engineer
3.7307367732157606,5.0,1.0,2.0355856512665556,1.1296602817563084,3.7389349068871263,Security Engineer
3.2263607243765406,4.395288773054083,1.0,1.1576548133852955,2.1334130855401936,3.6603548401861974,Security Engineer
2.8861002213317093,5.0,1.0,1.0,2.1374653905350436,4.102222585261587,Security Engineer
3.8386617675000174,5.0,1.0,1.3799564215882418,1.5015664526215649,3.697215172348284,Security Engineer
4.324400908075788,5.0,1.7928872840231693,1.527899119233286,1.837963908099109,3.2294834654497686,Security Engineer
4.702527792801447,5.0,1.0,1.4605945189122802,1.8339111030346307,4.750638441755864,Security Engineer
3.742567668798109,5.0,1.393060273799123,1.8987724223429934,1.7681013651750603,4.202514802222097,Security Engineer
3.5153604008278174,5.0,1.4495207664185623,2.1985119591005935,2.2410198986098244,4.362047101253046,Security Engineer
3.7645848117481093,3.270689686317619,1.0,1.057930379421,2.0872578307728977,4.8238475633254145,QA Engineer
4.0314725482709965,2.8123524151432897,1.0,1.5383323257511359,2.0877068209132057,5.0,QA Engineer
3.2713476155072323,3.211729165915195,1.2652117319876188,1.0,3.0425148381303457,3.8553863679079674,QA Engineer
4.392183567885273,3.356402402477431,1.270791465999706,1.0881063528193116,2.2753396613125187,5.0,QA Engineer
3.6370562080840028,3.149597811090045,1.0,1.0,2.358584987306645,4.717819787657984,QA Engineer
3.2510706626102666,2.7304446696491755,1.0,1.5142395045950552,2.076596570279039,5.0,QA Engineer
3.666721884383477,3.4370849359482496,2.4198114574039566,1.1780162335635702,2.4308244311615765,5.0,QA Engineer
3.288962336287087,3.292908648733725,1.1532281603247845,1.0,1.5579818128975598,5.0,QA Engineer
3.5137981301946892,4.0668228023409485,1.0570845417440642,1.0,1.7430018608358306,4.860932830855091,QA Engineer
5.0,2.5577055265952517,1.0,1.0,2.249629242790832,4.739058293147478,QA Engineer
3.4304716669301447,2.9023527101019004,1.0,1.0,1.7305948205514412,5.0,QA Engineer
3.8401298928662477,2.432936168760784,1.0,1.0271678297326963,1.331865181724323,5.0,QA Engineer
4.433789738753136,3.71508637180939,1.1960640627438412,1.0,2.7676668583192567,4.568215820145054,QA Engineer
3.608906627998951,3.078162571977722,1.6891149233350746,1.5266435669761997,2.4531405600880105,4.844086473562723,QA Engineer
3.836196236953944,3.1729718339900335,1.0,1.4446589536646766,2.415058832247613,5.0,QA Engineer
2.737019359115311,3.063994181838632,1.0,1.0840128008797658,1.6228376807267966,4.337607044800388,QA Engineer
4.23156923998752,2.821849341133969,1.2873464968537998,1.0,2.7079553202463384,5.0,QA Engineer
4.14841355427294,2.8933557933070264,1.4262044388990984,1.196273907618703,2.1192920939653024,5.0,QA Engineer
4.71326807720332,2.3737944077572277,1.0,1.0,1.248787701178224,4.968625737215424,QA Engineer
4.300058227622253,2.9892908525238315,1.0,1.563228878564579,2.070278201603375,5.0,QA Engineer
4.57711740244988,2.938379030574433,2.0301070363123404,1.0,2.99897410225645,4.51263240904379,QA Engineer
4.258742451440221,2.6787339155968812,1.559783058490546,1.0,2.1454355953220428,4.674729001979215,QA Engineer
4.4686125868333075,2.6721243696804304,1.8417074223713343,1.0,1.3271860408359266,5.0,QA Engineer
3.704178179868239,2.996381343275232,1.0,1.0,1.961503167930831,5.0,QA Engineer
4.501568501652783,3.1158963813129623,1.5561341465175536,1.0,1.8372728355474968,5.0,QA Engineer
3.934792586591444,2.8765883347617214,1.0,1.0,2.408933212474818,5.0,QA Engineer
4.450999189105047,2.7813820289208127,1.0,1.0032739833183173,2.427099824306408,4.884273892506173,QA Engineer
4.400892592164243,2.4968459972034567,1.0,1.0,2.6131949719609597,5.0,QA Engineer
4.873038759147097,2.3261576000262587,1.0649594522056398,1.089699019590223,2.3100465987934338,4.593320031775554,QA Engineer
4.842223169705418,3.0064819707358796,1.0,1.0,1.8434192385599433,5.0,QA Engineer
4.524971799762507,3.0248306778541085,1.0,1.4755284312407326,2.4994310801641073,3.5442250403396756,QA Engineer
4.321496577366667,3.0139832719893134,1.0,1.4401070698120884,3.123094006779133,5.0,QA Engineer
4.550214221128432,3.902059545982202,1.0,1.0,2.328433031654751,4.876194231779275,QA Engineer
3.3129132738142286,2.9609150319321036,1.36377368689531,1.0,1.6065861846324814,4.888246469851745,QA Engineer
3.9902617673493275,2.035258868686959,1.0,1.0,2.329512976010548,4.219478712206611,QA Engineer
4.506346102275468,2.7954174653930295,1.0,1.147227298650986,1.566982777388304,5.0,QA Engineer
3.6339456126558147,2.721632743837615,1.2026770846645676,1.0,1.3678313491188216,5.0,QA Engineer
3.986550073755308,3.084346372404696,1.1638196183607104,1.0286877769034906,2.3040463119835346,5.0,QA Engineer
2.9963480501623483,2.126057702669072,1.9639745901210413,1.0000359335294315,2.475120825858548,4.827148047186462,QA Engineer
3.970992452803035,2.7733176728645783,2.2329636657306824,1.1266212111820713,1.7325710472469011,4.1742301432849045,QA Engineer
4.986866721367926,2.9183608073858482,1.3721145597807987,1.427998645153273,1.7685847382848148,5.0,QA Engineer
3.697930856624191,2.504786818980292,1.5822323462561063,1.0,2.259256416801328,5.0,QA Engineer
4.318965980027644,2.2217315328991876,1.0,1.0,1.5842606635492547,5.0,QA Engineer
4.593446538797949,3.672592327673149,1.0,1.1459829312289536,2.2228217522450495,5.0,QA Engineer
3.5609324634636783,3.910290134132483,1.4632600921732224,1.4763246718462204,2.6017300284501985,5.0,QA Engineer
3.486343288474514,2.9305136342224465,1.0,1.207536254849542,1.9153931709172267,4.979738808236534,QA Engineer
4.602000565042825,2.7715029807217704,1.0,1.010986647981608,1.0800038752931838,4.866968172118998,QA Engineer
2.7571025438569086,2.7072392190521306,1.4275945266964136,1.2236332791255344,1.702589844772962,5.0,QA Engineer
3.4625052164347974,2.99882829842524,2.465160142746255,1.9229006601859657,2.0263110650086307,5.0,QA Engineer
3.5102173426827243,2.599105446024475,1.181092161052347,1.0,2.452074797425791,5.0,QA Engineer
4.166310392390519,3.050868602919963,1.0,1.373805122636025,1.428164349230471,4.79099543568329,QA Engineer
4.479787946192568,3.514879082154516,1.0,1.0,1.6503405633716641,4.401073127337044,QA Engineer
3.6826022589478793,2.193434990542656,1.3415312907541326,1.1972618025809378,2.2802646424352564,4.522797974712429,QA Engineer
3.402464718242472,3.02675713715678,1.0320512824751127,1.0,1.8552583654060752,5.0,QA Engineer
4.213012505896489,3.9853391957332454,1.6344825127158167,1.8516354630086724,1.4627686168219989,5.0,QA Engineer
3.7841172555033133,2.1683066443202335,1.748001584777763,1.0,1.4724491848666577,4.792718068375653,QA Engineer
3.6018879386130904,2.6531510161916665,1.0,1.8654075965223713,1.6668413917276872,5.0,QA Engineer
4.42441839798976,3.198135781793043,1.3740600161259375,1.0068278319187287,2.643025051931713,5.0,QA Engineer
3.1676670074872435,3.1481259659449825,1.3919865714963076,1.0,2.0631279363569663,4.693571002662797,QA Engineer
3.3111871719682195,2.22481156453438,1.0,1.334522371235266,1.0,4.6667600365182595,QA Engineer
3.617173357377311,2.858920232006268,1.0,1.2019440473703094,1.3634193029200505,5.0,QA Engineer
3.689117156205584,2.9521934882940397,1.001886928277603,1.122120526430286,2.018507188748071,4.786444725633684,QA Engineer
4.1715242653470215,3.233073565247477,1.0,1.2131839094867785,2.595860151200848,5.0,QA Engineer
4.466187620823593,3.085960424453723,1.0,1.0,2.1599439839272057,5.0,QA Engineer
5.0,3.490910972219302,1.0,1.0,3.139258657977999,4.892805534011611,QA Engineer
4.023757317380644,2.5197915397953854,1.782551702787122,1.2501666036603127,1.6126993260573441,4.503087355571364,QA Engineer
4.153601972948936,3.022103087440226,1.4160551086105637,1.2734842365635999,1.8677598256156887,4.728099202269317,QA Engineer
3.920028925850583,2.724659576671619,1.0,1.0082204643096908,1.5510345533099714,5.0,QA Engineer
3.814786142765165,2.5790578248573284,1.0,1.121129078310143,2.041519099906652,5.0,QA Engineer
4.449173062537764,3.6524701020040165,1.1427430813440267,1.0,1.8654445987348496,4.497840807808496,QA Engineer
4.84842703685614,3.9937004412635817,1.3251555987481713,1.4292294213195154,2.1254715966183295,5.0,QA Engineer
3.2012728908354386,2.963033817371545,1.0,1.140678268769185,1.9701950773057328,5.0,QA Engineer
4.45831384436142,3.1422559912608223,1.0,1.838010729379965,1.9850226769367352,5.0,QA Engineer
4.021124802213418,2.7979230471463388,1.01825311119276,1.0,1.2261467993794062,5.0,QA Engineer
4.784099845263743,3.1741105520720843,1.0,1.0,2.392263630237819,4.71640242449245,QA Engineer
4.32161770927628,3.1949325790328587,1.2391501961273446,1.0168008536767779,2.1918221924848207,4.940272799371832,QA Engineer
3.682346732815898,2.5182504697419743,1.0,1.0,2.7596890914759764,5.0,QA Engineer
4.113854559237979,2.6329975028554244,1.4986696128795387,1.0,2.7874671568945293,4.50945636835266,QA Engineer
3.625015236013672,2.5763650278901857,1.0,1.0,2.051608129882959,4.643899487574687,QA Engineer
2.0718123353797013,3.537136648710061,1.0,1.2946141424433186,2.0156072948347825,5.0,QA Engineer
4.49847874076131,2.747697702257513,1.0,1.7513638403996428,1.262064451449294,5.0,QA Engineer
3.934439768375164,2.828386965647662,1.1767569922242127,1.094779930254338,2.228700371395872,5.0,QA Engineer
4.208840702508624,3.0466825964657973,1.0,1.0020006301182978,1.64280672014799,4.609811697634575,QA Engineer
3.831924998641124,2.9402884196320787,1.0176126531739054,1.4581894136816653,1.7507679587295784,5.0,QA Engineer
4.05901385697191,2.6956858562669677,1.0368703931032726,1.5013607075886568,2.0932531084417,5.0,QA Engineer
3.647335834528666,3.984429425602438,1.0,1.0,2.4300920601090383,4.942591480175787,QA Engineer
3.8484790895264624,2.7272231097942363,1.935857312157919,1.1772951393023414,2.2748756108225425,5.0,QA Engineer
4.1350248067225985,3.6993123052797072,1.0,1.0,2.4340273271138884,5.0,QA Engineer
4.0539899064425216,3.235376620773893,1.0,1.01034629142713,1.934149873070045,4.704255871464541,QA Engineer
4.594586391552501,2.2938706862910996,2.1804410859064833,1.4386811046032377,1.1110122326488245,4.8879168352545355,QA Engineer
3.9157270420482213,3.195943314471056,1.0,1.0160126716841087,1.9394403009386765,4.63119081871328,QA Engineer
3.561623884264384,3.4594023233511786,1.0,1.2389394680480257,2.398755153439062,4.890720830830792,QA Engineer
4.026186419862498,3.5817474998486905,1.0,1.0,1.752258159450346,5.0,QA Engineer
4.646146873442354,2.3020548827681906,1.5031203736558183,1.409454153173642,2.776797405224914,5.0,QA Engineer
3.9778699398607116,3.5726083432858293,1.3494518957508828,2.1224492070743635,2.479353922480914,5.0,QA Engineer
3.4129478098119144,2.709541411402941,1.0,1.0,2.463033796616423,4.998164455759742,QA Engineer
4.510862634380036,3.1687868667195067,1.0,1.043812577584982,2.236048345527548,5.0,QA Engineer
4.075342114425957,2.6154749462066467,1.0,2.129230398077322,2.6142332452117714,4.263079551595142,QA Engineer
2.816515521246819,3.038096210724361,1.446736447212995,1.0,2.510829364098969,5.0,QA Engineer
3.9184693601365126,3.3780575880875907,1.0,1.0,2.3350836310652316,4.984302031466988,QA Engineer
4.954388136688868,3.346912706428009,1.3144069141663808,1.0,2.437377338354803,4.838696113599177,QA Engineer
4.141188875599758,2.54185347649772,1.5197206961152958,1.145302348630896,2.991256531848938,5.0,QA Engineer
4.381659725716574,3.0342126556039517,1.0,1.452374901629412,2.105142281947614,5.0,QA Engineer
4.8648936937281215,2.5877883556683265,1.0,1.0,2.410600574875912,5.0,QA Engineer
3.5521557441521137,3.3782764503512412,1.0,1.0,1.9422713414054054,4.72328437701239,QA Engineer
4.444929744325467,3.143189241500547,1.8827805888136302,1.0,1.9388989244796282,5.0,QA Engineer
3.954539598438102,3.747002623853773,1.2704141051922457,1.0,2.588785207074732,5.0,QA Engineer
4.475666303055273,2.044510810727371,1.0,1.0,1.579439316219804,5.0,QA Engineer
3.994116081088183,2.9817195286854146,1.2760041551578896,1.284650833944691,1.0,4.676821231425318,QA Engineer
3.2936057111043615,3.2001530465774097,1.0,1.0076937822506344,1.0,4.845073887654751,QA Engineer
4.557565125916407,3.7047247415510838,1.3594317097703499,1.0,2.629700901496062,5.0,QA Engineer
3.9414054829677307,1.987481842745128,1.4767974753312585,1.0,2.1730829105273903,5.0,QA Engineer
4.769197492219139,2.937316507001246,1.0,1.789307695239315,1.6708888781249058,5.0,QA Engineer
3.900692138560768,2.4987290189975355,1.0005804933604363,1.3458525568039938,2.676854919988256,5.0,QA Engineer
3.8526179628872335,2.5063753839838934,1.0,1.0,1.8913069002917475,4.829167358190121,QA Engineer
4.363745102078383,1.8970324100428109,1.0,1.0,2.5935636262040127,4.443077811299491,QA Engineer
4.113328679824497,2.9359357927901093,1.521521263418191,1.2979159322552736,2.0606218659101896,4.722666562705966,QA Engineer
3.073828748445062,3.1235428278437025,1.2652448992649363,1.0,1.3831529178357254,5.0,QA Engineer
4.169570843103935,2.50467634495397,1.0,1.0,2.6886319519066166,4.350062796315774,QA Engineer
4.271129695624276,2.98251965192331,1.6447968098123795,1.0,2.0306263551701935,4.150786545381325,QA Engineer
3.0307365815301233,3.298166791932737,1.0,1.0,2.50564772398646,5.0,QA Engineer
3.667707256025703,2.2057484317959135,1.2547474308277642,1.6711283914300905,1.6688809606671882,4.598343570796442,QA Engineer
3.7375490185655007,3.285804355403558,1.6142588032074565,1.0,1.2508590953376735,5.0,QA Engineer
3.9113386060549806,3.1264463978451547,1.0,1.244981154726358,2.480030437350761,5.0,QA Engineer
4.8704290385072175,2.836627705029454,1.0,1.115703175638708,2.2324808227530486,5.0,QA Engineer
3.3577924865224547,3.156257583097781,1.0,1.0,2.016241027376622,4.519238656335393,QA Engineer
3.432304338063384,1.6922655199980752,1.8736186642549457,1.2778656595515012,1.9416179393468473,4.666388381556676,QA Engineer
2.5619838589767916,2.6357355618892577,1.3579331685820382,1.4710871517969344,2.3211459968016506,5.0,QA Engineer
4.65193707296569,2.83573138895573,1.5425944580671807,1.0,1.5594293455611188,4.49714350978874,QA Engineer
3.4677517894135237,3.3295340144012426,1.0,1.0,2.35686760983068,5.0,QA Engineer
4.481295991422901,3.256299755636399,1.0,1.0380512082342936,2.062566495384839,4.540420670762999,QA Engineer
3.447687512953004,2.6596391954411476,2.01829117833604,1.0,2.616433395693357,4.765669745260101,QA Engineer
4.444419409769996,3.4512458277789237,1.4762952539760223,1.1939136710044793,2.6886832893905757,5.0,QA Engineer
4.85676486467014,2.1900400984057833,1.1741431238334092,1.1416617962678333,1.5317400770972545,5.0,QA Engineer
3.254958662211691,2.6729078371198356,1.0,1.7793132584814073,1.8842252530273522,5.0,QA Engineer
4.401474963259748,3.2240491066755124,1.0,1.0,2.2614857869484726,4.9642429953635085,QA Engineer
3.3303648422573495,2.2415707917458407,1.0,1.9104836126331153,3.106638959005652,5.0,QA Engineer
4.074471398120644,2.8318398140852397,1.0,1.687589528803622,2.936788196948568,4.553290457080357,QA Engineer
3.958580810787699,2.775066849644916,1.0,1.592954127714931,1.3440192273169391,5.0,QA Engineer
4.364119053652932,2.9289244131990904,1.4465339134933863,1.073825920268725,2.608564960578056,4.238897347537073,QA Engineer
3.8256123694965654,2.9640934285744827,1.0,1.0,1.5932003728206068,5.0,QA Engineer
3.6465783268427,2.5909605063470114,1.4087428903280959,1.0,1.0,4.8192038499653265,QA Engineer
3.2761466159608226,2.2951603526701754,1.286716895843991,1.4379869189562895,2.3944321079260624,5.0,QA Engineer
4.6205671600074005,1.9357048955865346,1.2252059799647332,1.0,1.626287877004782,5.0,QA Engineer
3.1348522600521243,2.12444569706384,1.3167863720408586,1.243893008755449,2.068366327935755,4.5600432976384315,QA Engineer
4.371914817291062,3.340151446030238,1.0426522575237271,1.0,1.7873758271352467,5.0,QA Engineer
4.663595611400893,2.836731698311836,1.0,1.0,2.137446504455486,4.709466349969988,QA Engineer
2.5529074712142084,3.5963845008235484,1.8973444735812746,1.0,1.4666733155406129,4.931449738804889,QA Engineer
3.9062480581356134,3.49775928858148,1.0273197208225189,1.0,1.3407952747209755,5.0,QA Engineer
4.299755620582125,3.5302799390459096,1.0,1.9192184497641644,1.1281527464713816,5.0,QA Engineer
3.045208616401549,2.604834309150766,1.7805114652239795,1.4156821272379947,1.726889792256409,4.740581478589156,QA Engineer
4.050311055417721,3.2570704953803613,1.6257896913413483,1.0,1.1941074682563992,5.0,QA Engineer
3.7712845812458027,2.3496831476257762,1.1488344576563971,1.0,2.1532561032348974,4.55277789990641,QA Engineer
4.24335526516275,2.341450901622511,1.0,1.0,2.870909207479857,5.0,QA Engineer
4.538596252133895,3.708538516671572,2.8014160679054365,1.020794533779217,2.710200461564928,5.0,QA Engineer
4.4980162516537625,3.8871198090200907,1.0,1.0,2.159882756740931,4.908650114039056,QA Engineer
4.159250426499087,3.781374392526506,1.0,1.0,2.0871555017632883,4.885840786987416,QA Engineer
3.0429970859932562,2.7099361786505303,1.3436866211187521,1.7187733754663232,1.4226907162311366,4.420358800384578,QA Engineer
4.015116901358668,1.9622024675610816,1.0,1.0,2.6845306499212325,4.615334422824798,QA Engineer
4.826417093169514,3.5567606767291693,1.0,1.0,1.9032271254162056,4.947676687870898,QA Engineer
4.173073471976201,2.6117283552349106,1.3731974367611015,1.1326640274999498,1.829802421642068,4.643979672290988,QA Engineer
3.907557508450657,2.5915493740862154,1.0292193474417939,1.0427193426099548,2.13085364173817,5.0,QA Engineer
3.933777640150214,3.5022989335622414,1.1147936984878508,1.0,1.940420365024383,4.970586795415975,QA Engineer
4.1398838538641085,2.520339617390515,1.0,1.3271486967371378,2.4490619162906295,5.0,QA Engineer
4.077486009278236,3.3836123137266445,1.3567145130085712,1.3938146794774773,1.5702295893289433,4.4515241014226845,QA Engineer
3.8057153766238647,2.991307945228672,1.0,1.0,2.860846306067571,4.862977005557132,QA Engineer
4.086352208288477,3.6222744953815296,1.0,1.0,1.8064413632100977,4.831844977274677,QA Engineer
3.9132567046430236,3.7235673992224223,1.3367294378636112,1.4790176343144148,2.023560135905462,4.30031347692725,QA Engineer
2.9601514824269968,2.2352961383841845,1.1798828520830098,1.0158848563488174,1.8949181762219962,4.815711546629932,QA Engineer
5.0,2.588548204511763,1.4639097280580295,1.000956468010497,1.9695302441070015,5.0,QA Engineer
4.731265191345722,2.880225271557581,1.399601359621071,1.1819456810750268,2.0037185694049575,5.0,QA Engineer
3.655995592577581,2.8469503033344576,1.0,1.4506883582144598,1.9523994422294688,4.351142987692481,QA Engineer
3.638281388418456,1.4003676773939109,1.0,1.0188225325485747,1.9319320755665133,5.0,QA Engineer
4.2874530204575185,3.2652259265445753,1.0,1.0,1.756668596338152,4.606959400595996,QA Engineer
3.6000596672433267,2.0959385230291883,1.0,1.4370467013824746,1.928542654003409,4.746798790862833,QA Engineer
3.997294332673646,3.5836953393505757,1.0021052604378928,1.270187065465519,1.5766975788058712,4.6906850246266405,QA Engineer
4.1769884425318375,3.9463268541685568,1.714887429757437,1.2914140347280694,2.075716880080359,5.0,QA Engineer
4.397339161522562,1.8531689888146694,1.0,1.169070162678966,1.106516217224514,4.551205497621569,QA Engineer
3.650092528171013,2.8719170468770834,1.0,1.0,2.4126537586201566,4.8673880672747325,QA Engineer
3.8076849339643832,2.325413947928242,1.5121731009929125,1.0,1.4564848359993623,5.0,QA Engineer
3.6165293688084685,2.7370236301028528,1.1292300871595344,1.0,3.155804687650317,4.962585728340401,QA Engineer
4.308919109439611,2.0291529762535276,1.0,1.0,1.5228101383486856,5.0,QA Engineer
4.517782533888705,3.1723152523172553,1.0,1.0,2.5567998755932546,5.0,QA Engineer
4.067527852391845,3.469681532035786,1.1716851748977375,1.3777524532327947,1.4177266109449418,4.755931859928938,QA Engineer
4.197734720022792,3.6062454720409898,1.0,1.0,1.7508677867793754,5.0,QA Engineer
3.2080522044560755,2.411540053934208,1.0779592930255562,1.0,2.2972332407766136,4.385636619777211,QA Engineer
3.837510702915666,3.597592701201549,1.0,1.7384561481551344,1.4662915070556557,5.0,QA Engineer
3.813520744893437,2.4275458711805116,1.0,1.272464594089497,1.9965730025492545,5.0,QA Engineer
4.717870030467441,2.408484667341075,1.0,1.0,1.5504019519759904,5.0,QA Engineer
4.2801809753333675,2.7274862135387843,1.0,1.7021527525829692,2.9540054254895596,5.0,QA Engineer
2.6703594079763007,3.1486435473799865,1.4673740647706737,1.1123161579280376,2.363257459367392,5.0,QA Engineer
3.3826772912590672,2.5568807833182685,1.0,1.5327073891191758,1.6170579658396897,5.0,QA Engineer
4.151846296960598,3.7930986325395653,1.0,1.0,2.323435232448389,5.0,QA Engineer
4.356191672433228,2.6061692040947966,1.0,1.0,3.001655940191023,4.836336279739282,QA Engineer
3.6686783030859864,2.9207816779363833,1.0,1.7838251798937517,1.4927612544918485,5.0,QA Engineer
4.061046048225542,3.6035132567138426,1.7913095218670256,1.0423988169565475,1.8424681952004172,5.0,QA Engineer
3.952614663997434,2.171516772130636,1.7762401868925366,1.1228925086905952,1.4184504074744728,3.9662383399007957,QA Engineer
2.8362003835348255,3.3852402183437516,1.0,1.0,2.2440771322694117,4.741975921949111,QA Engineer
4.273262208026757,3.047632032188358,1.0,1.0,1.5901343217805701,5.0,QA Engineer
3.658989092567974,3.6026847778922453,2.1732006619966993,1.3281926504206614,2.7464159456825787,5.0,QA Engineer
3.732868988663906,4.1000758324037125,2.006660473048721,1.0,1.480336350560963,4.432902788442365,Automation Test Engineer
3.8912353080832256,3.498263955678469,1.8370097137186185,1.108178267295644,2.4858631548802514,4.850667304710151,Automation Test Engineer
3.429901401121941,3.3453030272833613,1.0,1.1737627470133556,2.259941465883974,5.0,Automation Test Engineer
3.2556636581090714,3.999795407050865,1.0,1.200732983792264,2.239538527748726,4.413913476486781,Automation Test Engineer
4.484014803598174,5.0,1.4174178687923311,1.0,1.841727148395129,4.8954680091637455,Automation Test Engineer
3.619633076611495,4.126199103326025,1.0,1.0,2.1098008409067743,5.0,Automation Test Engineer
3.714414991781403,3.358651688694817,1.1448720134570174,1.0,1.9305278245673327,5.0,Automation Test Engineer
4.325594884787692,3.3154336688091517,1.0,1.0759095463718793,1.3123396589704894,3.9991372593828567,Automation Test Engineer
4.266186005648362,4.160467877160434,1.2252991656395662,1.1315175909089519,1.9673446441638025,4.66890572616167,Automation Test Engineer
4.2580674830439715,4.764941744202575,1.0,1.0,1.4324402902943805,4.566634883333141,Automation Test Engineer
4.101299262238037,2.93018621822322,1.219585212216163,1.321956505148078,1.1009608200285599,4.510409781861201,Automation Test Engineer
4.039840489922707,3.928265134847801,1.2598187341342952,1.0,2.6323847633874826,4.839415300478159,Automation Test Engineer
3.508483506640123,3.4682790668691217,1.3677342546408444,1.014810570978458,2.3168579503625972,5.0,Automation Test Engineer
2.9900750736180797,3.429958699488278,1.0,1.0,1.789822336711737,5.0,Automation Test Engineer
4.599241176191949,3.8535545848985016,1.0,1.0,2.044593848619272,5.0,Automation Test Engineer
4.403237777501133,4.399219362991277,1.0,1.0,2.692050015445052,4.780942536347542,Automation Test Engineer
4.569620909181644,3.8467740999944056,1.087461733720982,1.0,1.4503757212167425,5.0,Automation Test Engineer
4.440909140100333,4.013214453100247,1.0,1.0219022783036074,2.6286174803371387,5.0,Automation Test Engineer
3.841646033837043,3.170066074871105,1.4201817997773893,1.0,2.47152032078052,5.0,Automation Test Engineer
3.558277947119075,4.029122180329691,1.654169183527164,1.0,1.4825974182773112,4.2056779157016715,Automation Test Engineer
3.6139176565676743,3.794931869114509,1.4099995679586295,1.0,2.7768759428648178,4.331423894579404,Automation Test Engineer
5.0,4.8627592783772355,1.070583124693996,1.0,1.972287969008789,4.806579521006747,Automation Test Engineer
3.362856388474538,4.145504813623721,1.0,1.0,1.8981606827138222,4.712545585647148,Automation Test Engineer
5.0,3.732142683500225,1.2204405056972378,1.072761246105181,2.176375112629436,5.0,Automation Test Engineer
4.440680743303061,4.133223037809321,1.11244789744316,1.0292385342340697,1.9307910738300127,4.544101059169662,Automation Test Engineer
3.9695658112898995,4.1206336876327665,1.2010822782863975,1.0901423864951183,1.883522493275733,4.971460048402051,Automation Test Engineer
3.723176757724604,4.156611995503282,1.0,1.090280469098735,2.500401521691276,4.64532054517879,Automation Test Engineer
4.298347690455242,4.016605089942686,2.0105967997903775,1.0,2.347582291575533,5.0,Automation Test Engineer
3.305847745843253,3.7396554522404277,1.4402355527141968,1.0,1.0,4.984298491537748,Automation Test Engineer
3.4538318510244945,4.06590886629836,1.7755735406990092,1.3847286554014517,2.768327914369989,4.7192439892777545,Automation Test Engineer
3.928416833182234,3.47778190159611,1.0,1.0,1.3466385153940212,5.0,Automation Test Engineer
2.954019852486789,4.685069452402279,1.6230294624601156,1.249896337739499,1.4427463659529653,4.208912444278396,Automation Test Engineer
3.725798159368218,4.312560228169962,1.001531818720337,1.0,2.574102392328245,5.0,Automation Test Engineer
3.886700417992701,4.054668451798673,1.0,1.0,2.255219989000497,5.0,Automation Test Engineer
3.7461660753951467,3.8628782457617765,1.0,1.0,2.2116174012590633,4.016231457315438,Automation Test Engineer
3.962825242596039,4.174987767812844,1.0,1.0,1.7748027795922752,4.76047501323142,Automation Test Engineer
4.002941888925187,4.064501379006892,1.0,1.326440185736144,1.8550005578265205,5.0,Automation Test Engineer
3.4041757305506457,3.5663427456228343,1.0,1.2066127248430178,1.0246163363142493,4.585449973941946,Automation Test Engineer
4.295660080286922,3.5259380267837286,1.6850131881881136,1.0,1.5503133993290517,5.0,Automation Test Engineer
4.803808693412223,4.208198129371948,1.6302146996116291,1.8383176703184818,1.5390706600362107,5.0,Automation Test Engineer
3.2382647453482263,4.2124512658931925,1.0,1.6214751015210311,2.5861257564924207,5.0,Automation Test Engineer
4.14921394974141,4.254184338360975,1.0308854356882728,1.0,2.7212890861262213,5.0,Automation Test Engineer
3.9291704011488964,4.1188182015053725,1.040827612386387,1.0,1.8317822111939968,5.0,Automation Test Engineer
3.6251120624840945,5.0,1.586063154794691,1.2007490752731045,2.2804216429882103,4.541396651832487,Automation Test Engineer
3.8673856238876487,4.72069955516088,1.0,1.5305658784743996,1.311479905281471,4.400920793762495,Automation Test Engineer
4.9506923327931585,3.9940814268798377,1.0,1.6813704134994811,2.622910777481752,5.0,Automation Test Engineer
3.715051040293947,3.8565412120311624,1.155814411862365,1.3471996710736187,1.7457582129907314,5.0,Automation Test Engineer
4.133695650398703,4.643384878187627,1.3772329144675595,1.0,1.893184845757307,4.535608315008291,Automation Test Engineer
4.284043710305837,4.461576675252522,1.0507779928051222,1.0,2.0345848965179916,5.0,Automation Test Engineer
3.6799501741415463,3.3906444496153174,1.0,1.633591065869442,2.248183121817483,5.0,Automation Test Engineer
4.632599443976474,3.3722659951537914,1.0,1.1921159582595449,2.146635687721715,4.134346595163623,Automation Test Engineer
4.179760531070236,3.7998885238002162,1.0,1.0,1.0,4.704312888304031,Automation Test Engineer
3.6478527152578977,4.27855122346807,1.0,1.3194344368394408,1.0,4.580450888714476,Automation Test Engineer
4.277998525785722,3.8455676847134224,1.4227302664871835,1.0,2.3655554198447373,4.68043039110748,Automation Test Engineer
3.631901457808663,4.495523523463726,1.580950564978253,1.517349848043641,3.019320962524133,5.0,Automation Test Engineer
3.6022817081338507,4.070819064067825,1.0,2.014544929974533,2.5524349773493547,4.905559931643272,Automation Test Engineer
4.438954898876501,3.3839007668434475,1.1251308688227364,1.0,1.1557038996862965,5.0,Automation Test Engineer
4.454295547593776,4.228606318105993,1.0,1.0,1.4193265646413762,4.5153600101306015,Automation Test Engineer
3.883163354137538,4.538089366802458,1.5302021055393262,1.0,1.6533833316415265,4.639919490214081,Automation Test Engineer
2.734208435749377,4.283060473474954,1.0,1.0,2.672935529187819,5.0,Automation Test Engineer
3.784634767516991,4.286038810502472,1.529435923287781,1.1482337830246128,2.3445947993490743,4.9272161751285575,Automation Test Engineer
3.959071126820169,4.056510355149414,1.0,1.0,2.688939820909237,5.0,Automation Test Engineer
4.79609895701909,3.3383713216157265,1.0,1.0,2.0671937209397404,3.5956377038211684,Automation Test Engineer
3.7055992166902496,4.703549644580557,1.4912194153644538,1.0,1.7833222794146812,5.0,Automation Test Engineer
4.467634377622099,3.73343136613012,1.0,1.0,1.334325279312393,4.890128125989093,Automation Test Engineer
3.852036229895618,3.369677942005672,1.3230404688188648,1.2416603393129446,2.3478598504225383,4.615964822267816,Automation Test Engineer
3.0082121609426764,4.233665564822824,1.0,1.0,1.3714734626782787,4.862338735956423,Automation Test Engineer
4.788663648525237,3.7472752393222426,1.0,1.3259667005150142,2.086406139885642,3.9403493161558965,Automation Test Engineer
4.331173159876643,5.0,1.0,1.0,1.0,4.9623477896295825,Automation Test Engineer
4.495193118305677,4.05275037489814,1.6959978490563348,1.415275145165067,2.8510736617510886,5.0,Automation Test Engineer
3.798528465695248,4.03336322811742,1.0,1.0,2.03091583600906,4.957546338232323,Automation Test Engineer
4.671126763151805,3.834915968746585,1.0,1.0,2.3275501358112654,4.2984307959555,Automation Test Engineer
3.8994069149245414,4.663750122727711,1.1462992228704152,1.0,1.9820447981807852,4.485217703886414,Automation Test Engineer
3.5714326447827296,3.9024091635427114,1.1356365150546466,1.4740750059010552,2.0462803085857173,5.0,Automation Test Engineer
4.802599007604763,4.397633606241102,1.6124907040279424,1.0,1.4254005326559689,5.0,Automation Test Engineer
3.3293950940664763,3.8548140779920335,1.3855959526648696,1.7066864623426035,1.8728921748559673,4.675027852346155,Automation Test Engineer
4.160230810755791,3.4632282782380552,1.0,1.0,1.9860080036646026,5.0,Automation Test Engineer
3.582742572213929,3.6365035036907916,1.0,1.0,2.170915160923053,5.0,Automation Test Engineer
4.398155041426768,3.8687515697696226,1.0,1.3721573211813447,2.319461511187276,5.0,Automation Test Engineer
4.872155626211637,3.9867872393164685,1.0,1.0,1.2195611467595964,5.0,Automation Test Engineer
3.9472573164211116,4.254965620678398,1.9209390010456202,1.0,1.0,5.0,Automation Test Engineer
4.083429694946338,3.63377306201434,1.198633167810749,1.3930481600521876,1.5266950448942262,4.849334069298309,Automation Test Engineer
4.738376864924464,3.6391889043853176,1.0333348777068927,1.0,1.2590772494593525,5.0,Automation Test Engineer
4.6139939047928005,3.3189851589994994,1.0372820310302482,1.0,2.4765440274962467,4.3910983473387075,Automation Test Engineer
4.215038824183742,3.6731546565018713,1.1115190124132375,1.0344655261542364,1.874110462928691,5.0,Automation Test Engineer
4.021826367151481,3.9335968489616526,1.0,1.0387991948726685,2.111021774073036,4.50542895995969,Automation Test Engineer
3.8252643810413116,3.4724070276844134,1.0,1.0,2.3853915739906277,5.0,Automation Test Engineer
3.538625718217815,3.9988463273007624,1.319258289624182,1.0,1.6358912375972277,4.453798235977602,Automation Test Engineer
4.427133780789181,4.451356574142485,1.0,1.3830687922633387,1.0,5.0,Automation Test Engineer
3.9215275973614108,4.070888280399744,1.0,1.6978537409337529,1.469634188022233,5.0,Automation Test Engineer
4.198135460472556,4.311332107959079,1.0,1.0,2.4652553827680506,5.0,Automation Test Engineer
4.680811729154409,3.903111839892151,1.0,1.694044118320151,2.955947082248722,5.0,Automation Test Engineer
3.6236212515714468,4.405265381394774,1.0,1.2996314127003992,1.8703620128106233,5.0,Automation Test Engineer
3.65025524747465,4.24026483126098,1.0,1.0,1.7939721726197118,5.0,Automation Test Engineer
4.459181557466936,4.278869414466185,1.0,1.0700900155007964,2.4488607842297125,5.0,Automation Test Engineer
2.6548621843232327,3.863888914113652,1.0,1.334626282063081,1.9666145911446271,5.0,Automation Test Engineer
3.4606696144847238,4.13002725773039,1.4501028267252472,1.0,3.2568217341044514,5.0,Automation Test Engineer
4.000676651232821,3.5857959463806157,1.0,1.0419011798056703,2.220331278406024,5.0,Automation Test Engineer
3.761950765278577,4.28135491878628,1.0,1.0,2.1883584239346794,5.0,Automation Test Engineer
3.6233837616676903,3.779604151994043,1.7302783177917727,1.5809543098140226,2.104228608526183,3.8816774233896423,Automation Test Engineer
5.0,3.9900342191713776,1.0,1.0,2.1881835185995544,5.0,Automation Test Engineer
4.475313936563256,3.5369689178254933,1.0,2.015272861612101,2.112295316624996,4.913737813336627,Automation Test Engineer
3.529191117208149,4.252967152910376,1.515509108521222,1.4372938229049037,1.8705995681955416,5.0,Automation Test Engineer
4.835829718324305,4.535441146085734,1.0,1.0,2.1483862535421174,5.0,Automation Test Engineer
3.4553877540633686,3.995605238938611,1.0,1.0521431611160994,1.7276518564401437,5.0,Automation Test Engineer
4.073984440316381,3.560491556917625,1.4587310767968602,1.0,2.6422471887675663,5.0,Automation Test Engineer
4.694887647660393,3.9208768137791923,1.0,1.0420108804665467,1.9577816068222342,4.673631857218243,Automation Test Engineer
3.7231883429371786,3.816813576366768,1.0,1.3389816447996672,1.9738514312144968,4.845810765383177,Automation Test Engineer
3.4448229195291615,3.4198135111662675,1.9679570253612062,1.0,2.3052641971046635,5.0,Automation Test Engineer
2.6124057694459486,4.896225411569296,1.342041989388058,1.0,1.9858167477852025,4.425408316298167,Automation Test Engineer
4.913110239230567,3.546171145879268,1.0,1.0,2.0401897001045852,5.0,Automation Test Engineer
4.894687224547579,3.8005019278888517,1.1891294911589612,1.0409527063020367,1.509195367777971,5.0,Automation Test Engineer
4.681379781148128,4.0945579248555175,1.7909380467494938,1.6060533563589023,2.040930670540878,5.0,Automation Test Engineer
4.756063071188327,3.52692320943516,1.8368453486606695,1.0,2.7623383714237835,4.9973867012685895,Automation Test Engineer
4.168803111236486,3.9828458217137706,1.0,1.0,2.6895557015842835,3.8429180086637658,Automation Test Engineer
3.3805170275975813,3.637264145320949,1.0,1.7549898052077446,2.6288384889266023,5.0,Automation Test Engineer
3.681097966261232,4.6675259333970684,1.0,2.070991320073968,1.6576851014112246,4.868982389079281,Automation Test Engineer
3.785328074752643,3.4634462929506613,1.9625565619684595,1.3944473153922434,2.6077352710398936,4.388165363969614,Automation Test Engineer
4.090468913502,4.260514344665702,1.1353782617749217,1.0,2.5377500105653183,5.0,Automation Test Engineer
3.5225179821784987,3.072374730223668,1.30333325674494,2.22522786706575,1.4923728633268594,5.0,Automation Test Engineer
4.5552486395457885,3.365173866949349,1.0,1.0,2.492338347412273,5.0,Automation Test Engineer
4.079518132365868,3.5791329655029496,1.0,1.0,1.5113655691884966,4.948980899590768,Automation Test Engineer
4.287413242230931,4.245128722214259,1.0,1.028526918412682,1.9592246024551105,4.351394230416863,Automation Test Engineer
4.0800674484914365,3.708187207272675,1.0,1.185352783557792,1.6941349817907274,5.0,Automation Test Engineer
4.423818907534714,3.524880639427384,1.0460606410364857,1.0,2.7662665453046382,4.3204667515556086,Automation Test Engineer
3.742590168801313,4.669189951881979,1.0,1.0,2.3565366161432677,5.0,Automation Test Engineer
3.6834068303173835,3.7375367396098005,1.0,1.0,1.0535144615390966,4.90928806944095,Automation Test Engineer
4.891957099091575,3.552015016381648,1.0,1.0,2.306080963197677,5.0,Automation Test Engineer
4.590158919588813,3.37599470555317,1.24989586524848,1.7168750171071179,2.2548315538550616,5.0,Automation Test Engineer
3.7641787106824207,4.110054911896832,1.6181590898532026,1.164104484214382,1.3758626219851369,4.771979162857014,Automation Test Engineer
4.604639769444497,4.162371660175547,1.0595310391215382,1.0,2.5942995902672177,5.0,Automation Test Engineer
4.631594561509017,4.721295810722687,1.0,1.0,1.921827413250407,5.0,Automation Test Engineer
4.715509890062628,4.582943369734208,1.2692346936272472,1.0,1.1559890777015625,5.0,Automation Test Engineer
4.440131602800358,3.960216475506931,1.9574522524892024,1.0,1.3958240252522005,4.667859512762839,Automation Test Engineer
3.648851393404382,4.26314293434099,1.0,1.0,2.445789228347558,4.120024036963935,Automation Test Engineer
3.4643908884946453,3.1886467146280655,1.1035606385354368,1.093023856075606,2.9582271605081765,5.0,Automation Test Engineer
4.7208230916711,4.144304825649247,1.0,1.0640538009967482,2.2962105036936533,5.0,Automation Test Engineer
3.763793927945829,4.2443932368912,1.0,1.0,1.4421076443072576,5.0,Automation Test Engineer
3.411081822461848,3.787627805064496,1.451458275706979,1.0,1.7478439832478416,5.0,Automation Test Engineer
4.123443450766134,3.7503547045972194,1.3934300343675785,1.2952261503923623,2.5699283021808514,4.95919903782647,Automation Test Engineer
3.7435905952718285,3.658683988993939,1.1535137589646813,1.0,1.7154151111596054,4.7758563678773385,Automation Test Engineer
3.658154757437874,4.099510556381366,1.0,1.1515081462374814,2.3382743802014754,4.709560430911351,Automation Test Engineer
4.961018469803274,4.008810655488427,1.0,1.0,2.031328072467898,5.0,Automation Test Engineer
3.8712847379445767,3.4942148621478046,1.0,1.0,1.7211123187406185,4.432512917550372,Automation Test Engineer
3.6335934194481503,4.3297292622196775,1.8242063038472434,1.3777308569354816,2.6529305430934063,5.0,Automation Test Engineer
4.416565164199172,3.831101868471336,1.0704554391934735,1.0,1.8904464188331864,5.0,Automation Test Engineer
4.356783075789513,4.211661690757562,1.0,1.027769370445833,2.2167318370967632,5.0,Automation Test Engineer
3.2405024183713986,3.4613055180505317,1.5536552669696713,1.0,1.7879617033165105,4.86825026353698,Automation Test Engineer
3.868147347211723,4.278968890762187,1.0,1.0123888732483806,2.123058864725202,5.0,Automation Test Engineer
4.111431998105147,4.257953115157014,1.0,1.0,3.2285022216252566,4.8493676577128815,Automation Test Engineer
3.907772764672716,4.338920048858943,1.7980446460971207,1.0,1.5005923659052371,4.3789233246041945,Automation Test Engineer
4.7965531107514625,3.4809465067694827,1.0,1.0,1.275822041020848,4.853812323453157,Automation Test Engineer
3.53110666682942,3.6541857872883434,2.003052548708702,1.2124480520862013,2.4657347597769945,5.0,Automation Test Engineer
3.9495695384604876,3.780140820311188,1.1244673059305583,1.084225384966247,1.715597291417346,5.0,Automation Test Engineer
3.646835146651854,3.91427103467958,1.0,1.0,1.0,4.53046837503015,Automation Test Engineer
4.902052332293151,3.845159108981636,1.3879840804482022,1.0,1.4958569660178362,4.322755191318825,Automation Test Engineer
3.8988499949564424,5.0,1.230119471613959,1.8478062666390431,1.8727816361571683,5.0,Automation Test Engineer
5.0,3.9453154667947707,1.0,1.0,1.8454698707115151,5.0,Automation Test Engineer
5.0,3.352513012951957,1.029830946848489,1.0,1.786618585580716,5.0,Automation Test Engineer
4.256291576344279,4.294511539820961,1.1987020164434228,1.2902109700481206,2.0228695645013315,4.476066847005514,Automation Test Engineer
3.074171518159972,3.7266560891313913,1.0,1.6269658985877402,1.9496991624219064,4.901715482891654,Automation Test Engineer
4.19276356342089,3.864994006274399,1.4052709994734691,1.989666809191939,3.0953927571053503,5.0,Automation Test Engineer
4.168446182347724,4.789428060186742,1.0,1.3395960709620895,1.4324199351570874,4.844580425862501,Automation Test Engineer
4.578057308322654,3.6409021831061885,1.0,1.0,3.0028841472548184,5.0,Automation Test Engineer
4.0940497830763745,4.253756436041164,1.1979490534716843,1.6921558765153928,1.7405999788143138,5.0,Automation Test Engineer
4.538708249426087,4.607662985238228,1.0,1.0,1.490414689349048,5.0,Automation Test Engineer
2.991984890242864,2.9771885545271983,2.08504749593813,1.3088446941316703,2.0605046215994056,5.0,Automation Test Engineer
4.07317046187459,4.4986753282757626,1.0,1.0933074130367846,2.1137106339688576,4.476571020770831,Automation Test Engineer
4.638491529531526,3.7771616300492954,1.5087108349044505,1.05745636318574,2.816792416204529,4.479310455739238,Automation Test Engineer
3.457620599244775,3.547152204497846,1.066647775257187,1.7707341978891025,2.796546809082625,3.84501569978078,Automation Test Engineer
4.124853580611269,2.393523194742489,1.3975158968925174,1.5590847074476035,1.9798778626539073,5.0,Automation Test Engineer
4.03681944647012,3.6077790406293766,1.2158528926607401,1.0,2.4651458546448093,4.943186532740385,Automation Test Engineer
3.5694884467558707,3.2320676645672446,1.0,1.6562546719772175,1.7711053235704903,5.0,Automation Test Engineer
4.891614945872259,3.7185978343510544,1.0,1.0,2.0147163502099965,5.0,Automation Test Engineer
4.7829102970470565,4.3104377079533736,1.724706884498434,1.0,2.1495822835942393,4.849243177730653,Automation Test Engineer
3.35481580871018,4.601937370896797,1.2658493669949302,1.0090367367118318,1.9987660753439123,4.246892564546746,Automation Test Engineer
3.5112623334236424,4.168076585057013,1.0,1.0,1.9476719676104493,4.658765615491444,Automation Test Engineer
3.5160408399879746,3.1938211845373132,1.0,1.3093042738051417,1.178182928890025,4.987976087450087,Automation Test Engineer
4.14057162634578,3.5052097981354278,1.711070905774044,1.0,1.9493701557717444,4.919365249701011,Automation Test Engineer
3.114612788704472,4.5043760358420215,1.0,1.0,2.2988305006389975,5.0,Automation Test Engineer
3.4600338590515802,3.7767582072027865,1.6912093150035767,1.2318569396377235,2.335585679525804,4.4744341321119165,Automation Test Engineer
3.810395235036721,3.916082283809785,1.0,1.0,1.744750720618202,5.0,Automation Test Engineer
4.029586732780248,4.687145456786688,1.0895104571147598,1.0,2.638809506615861,5.0,Automation Test Engineer
4.480919416213698,3.4658359144397144,1.5193781448072516,1.5344446377720993,2.1448835721782675,4.596538957095109,Automation Test Engineer
3.976995585643694,4.305645573619122,1.1172850099682667,1.300541369053882,2.5061229538264524,4.675776673314039,Automation Test Engineer
3.4224621895199303,3.981230599313879,1.0,1.392923206578075,1.462750805170596,5.0,Automation Test Engineer
4.676806054773383,4.000152482131145,1.0303680627906522,1.0,1.7286695505129668,4.795831659677158,Automation Test Engineer
4.7214700339189655,3.964064607094613,1.0,1.1276771710560018,2.413145062311138,4.987294315339202,Automation Test Engineer
4.7346067198634945,4.388754333632949,1.0,1.0,2.1131131407123043,4.166905380986696,Automation Test Engineer
4.168178368735307,3.119208786372676,1.5117167277822547,1.4536368423958541,2.2523906804575353,4.6620608178238445,Automation Test Engineer
4.085101412306769,3.7433112562426754,1.0,1.0,2.3491327682460477,5.0,Automation Test Engineer
4.725354962067212,4.3828902697401375,1.3293454069528092,1.0,1.8574207349223608,4.4678137947829,Automation Test Engineer
3.9084985601880478,3.6533619380384215,1.0,1.5305813661869254,2.237624964502917,5.0,Automation Test Engineer
3.199658445492007,4.028987348307831,1.4833524906983004,1.753147957443578,1.2259558051537534,4.824258181919415,Automation Test Engineer
4.517113337002382,3.9038608435942774,1.0,1.0,1.5256492326684166,4.155549165718136,Automation Test Engineer
4.0292302284170125,4.44815509288933,1.0,1.1288648706055264,2.4226355147229333,4.998645836575825,Automation Test Engineer
3.1946528525413775,4.193105777331252,1.0,1.0,1.7265813771197676,5.0,Automation Test Engineer
4.25490895422348,5.0,1.0561660341936023,1.7555705800063366,2.1788775417134385,4.950235836176123,Automation Test Engineer
4.074273763855646,3.3891318151537453,1.1529301353760188,1.0,1.568666821055734,5.0,Automation Test Engineer
4.5969911365894225,4.715312198499197,1.0,1.0778586597652204,2.4921812347910137,4.335253213903541,Automation Test Engineer
1.2023737526577518,1.5860535663170956,4.91408747766164,3.7704883747528424,2.2176790635240735,1.2751518370045452,UI/UX Designer
1.4455393386986986,2.174099414232224,5.0,4.927011900219301,1.2378204649014113,1.8478049300646198,UI/UX Designer
1.0,2.2854457931841528,4.8371701597031995,3.648729185224187,2.242288596397114,1.5210641543072216,UI/UX Designer
1.2365039774837026,1.7289421066585589,5.0,4.599286835433126,2.4666711521036264,1.0,UI/UX Designer
1.0,1.8600804620785303,5.0,3.504697831462086,1.4658980842728415,1.2697737666805091,UI/UX Designer
1.1595982223210601,1.614843231054552,4.454398210792387,4.718948496684216,2.178502212649781,1.0,UI/UX Designer
1.0,1.8192440137747654,5.0,4.29750440105414,2.565839268500609,1.0,UI/UX Designer
1.1119233448898282,2.7129551661606803,5.0,4.1794549907063425,3.174009254326938,1.30464255820793,UI/UX Designer
1.5213733164206715,2.0222239593877536,4.609512353577856,3.562395399610627,2.09080760739721,1.0,UI/UX Designer
1.0,1.4871032075371295,4.840798212972953,4.36363968796858,1.9919630569189628,1.0,UI/UX Designer
1.0,2.0115830400310495,5.0,4.0777875563792785,1.2463432092590692,1.0,UI/UX Designer
1.2943944386115764,1.8878422623886901,4.962709884948243,3.6936329124926215,2.2517061060999564,1.0,UI/UX Designer
1.0,1.5743883041684368,5.0,3.8894336041917894,2.30394016655988,1.0,UI/UX Designer
1.866941569189304,2.6386870192566114,4.045101165170537,3.5990312624681424,2.2388171955049425,1.0,UI/UX Designer
1.0,2.2133158929883985,4.907637044010258,4.269419351768548,1.6533350476990591,1.0,UI/UX Designer
1.4910576560825304,2.487907326801265,5.0,2.896406741032843,2.3754160546734076,1.0,UI/UX Designer
1.8782466408376597,2.2439334168480047,4.524035576161873,4.390111237300718,1.723477496141532,1.1502080497756344,UI/UX Designer
1.102980358104542,2.8720840680736472,5.0,3.701367313363247,2.529052808998018,1.1774200777851487,UI/UX Designer
1.0,1.65188580981391,5.0,4.1789272005523275,2.499889789758761,1.0,UI/UX Designer
1.0,2.0136322538172373,4.866947972376892,3.2533735344842007,1.498337271272984,1.3539422572061155,UI/UX Designer
1.0,2.0128524410139534,5.0,4.15652502440936,2.5732895306576853,1.0,UI/UX Designer
1.2851263617718123,2.3775138967598237,5.0,3.2935412002925637,2.1274096091734993,1.8580379731992587,UI/UX Designer
1.0,2.2417473509821457,5.0,3.4872650778008696,2.9169123644999875,1.2497503984844518,UI/UX Designer
1.259751407096713,1.1689863109947325,5.0,4.253205170689569,2.812095663861032,1.0,UI/UX Designer
1.0,1.6588805026128335,4.747510882496351,3.440576740934313,2.6450800118829965,1.6638489314658333,UI/UX Designer
1.0,1.803620038957903,4.092259043340344,4.347980627651802,2.8267200544129216,1.0,UI/UX Designer
1.0,2.2171457306578652,5.0,4.099888110917547,2.0977149580132592,1.0896592505799017,UI/UX Designer
1.0,1.2766046730850675,4.596002415442563,4.506445287018686,1.8323214647270034,1.0,UI/UX Designer
1.0,1.9311715607636613,5.0,3.9244013071514394,1.6068512973125708,1.0126228145408165,UI/UX Designer
1.8775418028807684,1.748587640532192,4.409497495784527,3.7495043651347917,2.0643818681742165,1.3441204754126699,UI/UX Designer
1.503441789341123,1.477141363018836,4.524577332770465,3.838368870306255,2.342246512348448,1.0,UI/UX Designer
1.0,1.703628135294026,5.0,4.264130380332219,2.45185918052496,1.6693389871165272,UI/UX Designer
1.0,1.406296922573159,4.40951819107649,3.08094621747058,1.7706165851669036,1.0,UI/UX Designer
1.393776703402524,2.008457108588302,4.7548357778286965,3.942000636919707,1.480513258142618,1.5127032853756432,UI/UX Designer
1.0,1.430034364032052,5.0,4.287082104181926,1.1381573107204943,1.4275008173551111,UI/UX Designer
1.0,1.8129477362180402,5.0,4.2933124413084105,2.222739587343763,1.0,UI/UX Designer
1.0,2.2061103467827237,4.940806081327886,4.902677229562962,2.293204504984951,1.0,UI/UX Designer
1.0,2.0240960886299146,5.0,4.705552504556067,1.8019326398172177,1.0,UI/UX Designer
1.0,2.12621437860789,5.0,4.269547052127551,1.2030437366579965,1.0,UI/UX Designer
1.0,1.588998739942546,4.80605308753289,4.184697430509971,2.3409905846613235,1.5458817454583218,UI/UX Designer
1.2621012865235888,1.0229248798355797,4.471347706234344,3.9209529815704043,2.0736399278837396,1.4307091799381286,UI/UX Designer
1.0215920881083864,2.025353626931837,5.0,3.872489130609399,2.0434425699389056,1.5629160895058753,UI/UX Designer
1.0,1.9848936366078582,4.9832072976164055,4.6488869068955845,1.4459733365852787,1.8879234473955977,UI/UX Designer
1.0,1.6728898693361205,5.0,4.515158347736835,1.298250491500756,1.0,UI/UX Designer
1.138921404735924,3.172209693881898,5.0,3.875951475184095,1.0,1.0408213672105797,UI/UX Designer
1.1811484018232767,1.8086524294585982,4.574638004726702,4.079582630160695,1.5288694030530197,1.9362243304043618,UI/UX Designer
1.7583723987669084,2.3289563157963804,5.0,3.66991795669322,1.9896064080545495,1.819648567603638,UI/UX Designer
1.4343270292183141,2.10184613923823,5.0,4.272805331690414,2.198138769943436,1.4902816294957677,UI/UX Designer
1.2585138224123789,2.4292757350516894,5.0,3.872937088404948,1.7259185605299256,1.0,UI/UX Designer
1.0,1.5440300265941678,4.529573235208909,3.746327402007982,2.7811221053191457,1.0,UI/UX Designer
1.120883444942155,2.1366598222559636,5.0,3.7122072730773543,1.8887389598709692,1.0,UI/UX Designer
1.568267427887384,2.6720528468772273,5.0,4.61645468703094,2.0888304982344947,1.0,UI/UX Designer
1.589362043292811,2.243808837616899,4.632234667046209,4.498710469062176,1.8957536844898601,1.0,UI/UX Designer
1.446502184099856,1.9555839295775435,5.0,4.3309697920354,1.6085284603638077,1.192425282341101,UI/UX Designer
1.674736552630812,1.5217664281301948,5.0,3.5852661327098563,2.510698841920199,1.5059527918748856,UI/UX Designer
1.0,3.1048143260954313,5.0,4.353464492568085,2.3253054480530677,1.4919634546031117,UI/UX Designer
1.0,2.097303799230512,5.0,3.79993196834872,2.2323976347219827,1.6158471502170029,UI/UX Designer
1.0,1.9727878498143472,4.589707352073027,3.106505495094604,2.3894660902602554,1.0,UI/UX Designer
1.0237897085763938,1.5066131909132365,4.907248235481904,4.548296894591061,2.0004106683897303,1.0145918790277064,UI/UX Designer
1.1037641389317112,1.381808935796772,5.0,3.3724009425420847,1.5301922093604867,1.0,UI/UX Designer
1.0,1.8237736482310711,4.999387480845873,3.5473719201117784,2.5027476601531893,1.4170137843631654,UI/UX Designer
1.0,1.760816641706031,4.7103212533274,3.8449275024946603,1.2998773856244117,1.0,UI/UX Designer
1.4300601959924832,2.150906243037934,5.0,3.8504024249153392,1.8192433864465662,1.0,UI/UX Designer
1.0,1.670022993426701,5.0,4.014552033574206,1.7450427490808638,1.6255744565094512,UI/UX Designer
1.9482914612431537,2.5832886027867,5.0,4.380884863131887,2.9282077589131674,1.380159657879712,UI/UX Designer
1.0,2.196136263325274,5.0,3.50264136298204,1.857534590678411,1.5501959120277329,UI/UX Designer
1.0,1.3747857274797028,4.911796473185836,4.176839797752852,1.3211837775255466,1.0,UI/UX Designer
1.5768842695442833,2.0343257285371417,5.0,3.7039429393324985,1.5950415716054092,1.4244369151425238,UI/UX Designer
1.184632767328095,1.4072019961127704,4.599579541918605,4.782290620528707,1.5377223902653419,1.4671643733629987,UI/UX Designer
1.0,1.9984120716164344,5.0,2.9495093947502005,1.2686413322863506,1.0431665093935814,UI/UX Designer
1.0,2.4982906476373112,4.196939559565938,4.282627528128994,1.311889389797837,1.0,UI/UX Designer
1.0,2.951214940235599,4.330253918514982,3.938970152315488,1.136581925989924,1.799785061035295,UI/UX Designer
1.2006412080886026,2.068486544799334,5.0,4.073711220711306,2.1097856780705384,1.0658626440325758,UI/UX Designer
1.2818171627215595,1.7537793080393687,4.892856346318334,4.405167314228723,2.138686475778941,1.0,UI/UX Designer
1.0,2.7490251422682976,4.669272945024614,4.493618619209628,2.0878768258440425,1.0,UI/UX Designer
1.6261377387653075,2.12727032319977,5.0,3.9087956496320406,2.352025614983527,1.0,UI/UX Designer
1.0,1.3635033338843643,4.812608074980804,4.235905869753072,1.6977099561729272,1.4319210468193908,UI/UX Designer
1.0,2.4426183068249894,5.0,4.506763067545493,1.8279054740851135,1.0,UI/UX Designer
1.2910834983686739,1.937382642642348,4.510803529936323,3.721860467564795,2.717212658222401,1.0,UI/UX Designer
1.234154587810606,2.108979087818702,4.821306167668384,4.322266343656524,2.816122629449433,1.0,UI/UX Designer
1.0,2.3110324524951,5.0,3.9361463964256824,1.847313131953176,1.0,UI/UX Designer
1.0,1.4303441639662249,5.0,3.878048525699579,1.858489197230536,1.0,UI/UX Designer
1.0,2.776623593344377,5.0,4.809053391523844,2.3417086156194458,1.0,UI/UX Designer
1.8073646515034425,1.6595165820435103,4.564395510483494,3.6992442426150705,2.261435633457149,1.0,UI/UX Designer
1.0,1.1990723530576117,5.0,3.2414483164084453,1.533919472567319,1.608583567448322,UI/UX Designer
1.590159158493055,2.187156544773249,5.0,3.7345201764228704,1.6135481681288995,1.0,UI/UX Designer
1.0,2.126224277476832,5.0,3.5332893666448664,2.7843409594206787,1.3034568551435242,UI/UX Designer
1.3459209020044283,1.7563300369804173,4.999334960986839,4.313686335093712,2.076391183550118,1.800950392384936,UI/UX Designer
1.0,1.7477197338819446,5.0,3.367676363856744,2.4621484661540562,1.0,UI/UX Designer
1.3192923330292752,1.6758632229136687,5.0,4.453671473030509,2.0767105977519593,1.0,UI/UX Designer
1.0,1.6356704294831088,4.052496553201113,4.5637389293659645,2.0550537928781645,1.0,UI/UX Designer
1.7278374287291784,1.6493359499309184,5.0,3.587364727401899,1.0,1.0,UI/UX Designer
1.0,2.449148435603024,5.0,4.070102563085623,1.0,1.6350430738400474,UI/UX Designer
1.111839848247778,1.94029116505392,5.0,4.623748361784137,2.5772951238045954,1.0,UI/UX Designer
1.0,2.4944614585710365,4.317472778464792,4.9736283693321415,2.0139997725972814,1.0,UI/UX Designer
1.0,1.3611975879719702,5.0,3.9968038399701062,1.3820389132454034,1.0,UI/UX Designer
1.0,2.2946509029720863,4.972703366943644,3.810798747041276,1.3559446349662365,1.0,UI/UX Designer
1.0,2.1588633506047983,5.0,4.396030051039671,1.7577117282474688,1.0,UI/UX Designer
1.49554643829902,1.5319837434759096,4.446541473492372,3.978441727443124,2.1511352564772586,1.0,UI/UX Designer
1.0,1.8044868411172224,5.0,3.9986609562209336,1.516018580269102,1.0,UI/UX Designer
1.0,2.1189289670140035,5.0,4.062079301923608,1.5790633245414556,1.0,UI/UX Designer
1.3669539409323122,1.4269540197734523,4.767123303461268,4.298731428940676,2.437640713317588,1.0,UI/UX Designer
1.0,1.3389410292781299,5.0,4.659389842573395,3.282577029299846,1.1932230917590232,UI/UX Designer
1.0,1.5400946934245463,4.060571543128425,4.088479624869916,3.1751695600771512,1.6354061148284564,UI/UX Designer
1.5582821345568991,2.1228014085289577,5.0,2.7881263408610115,2.3812552903819983,1.0,UI/UX Designer
1.0,1.8383715234756963,4.821497755274493,3.641182204014169,2.006936036087988,1.0,UI/UX Designer
1.050161477878073,1.2564110927249836,4.892971114683991,3.4518522051568743,1.679275340751067,1.0716994215167652,UI/UX Designer
1.0,1.5887963113639314,5.0,3.2934110790670994,2.888933570139404,1.6022039780653232,UI/UX Designer
1.0,1.6063951561074683,5.0,3.2762688714864203,1.0,1.0,UI/UX Designer
1.0,2.047213612176765,4.6926296919410575,4.636973364737473,1.2524301707580583,1.0,UI/UX Designer
1.2433179780724057,1.4191763071814294,4.399839773901341,4.0616773961035815,1.4732386898419843,1.0,UI/UX Designer
1.0,1.5691681483136302,3.94884730432753,4.069781576410668,1.3764050039435356,1.0,UI/UX Designer
1.0,1.8967459706500585,4.925162312993369,4.096814125459131,1.6361203492542786,1.621348239636684,UI/UX Designer
1.0,1.8867044407363853,5.0,4.238386276501302,1.5125822117357015,1.0,UI/UX Designer
1.0,2.2996138153321946,4.630038135742246,4.1275615440617255,2.1321507070379777,2.184196734117686,UI/UX Designer
1.1566256299008517,1.5944279926247682,4.2699248689668,3.862073642681127,1.9404570787863409,1.0,UI/UX Designer
1.0,2.1486762714137764,4.733822164866913,4.484311892852919,1.22082177763974,1.3384414100766084,UI/UX Designer
1.4569448707629764,2.478248237920768,4.217071807672811,4.157276397928692,1.6656229407392424,1.0,UI/UX Designer
1.0,1.5475110040495954,5.0,4.256531671506784,1.4237777659455662,1.0,UI/UX Designer
1.0,1.9637974263410514,5.0,4.345391163240317,2.02569598448742,1.0,UI/UX Designer
1.0,2.645998813063028,4.776451701067171,4.777420120213129,2.0980546460659175,2.0126421043107223,UI/UX Designer
1.3031607666831582,1.2839901843895607,4.692792259869394,3.9154325196640176,1.563108556445838,1.0,UI/UX Designer
1.0,2.002860640549561,5.0,3.4979452963969404,2.970127146740956,1.0317566306402295,UI/UX Designer
1.0,1.1852303500173913,5.0,3.8697557335933235,2.3915204536432215,1.0,UI/UX Designer
1.0,2.8353591480887905,5.0,3.8729456442008208,2.0823192657248693,1.237020978280829,UI/UX Designer
1.0,2.078847109981405,4.774938263353055,4.253649992814876,1.6299090376968608,1.0,UI/UX Designer
1.8314355492820287,2.6154560454410682,3.352219410016346,4.578380991232156,1.9631739868711215,1.0,UI/UX Designer
1.0,1.5254411858600059,4.660032027620792,3.436433708159078,1.3227001694636789,1.0,UI/UX Designer
1.1616969275328435,2.0250450742853987,5.0,3.966815080394973,1.3466603346776043,1.247220461746803,UI/UX Designer
1.0,2.323307150994467,4.41703999852152,3.656261686798237,1.8193041797160425,1.3372024005284744,UI/UX Designer
1.0879986260636976,2.010000661075462,5.0,3.0815084193874274,1.4808111786497244,1.0,UI/UX Designer
1.0,1.6402402435569863,5.0,3.704176300742124,1.8334985140068452,1.0,UI/UX Designer
1.0,1.769150642206208,5.0,3.1625418010408897,1.772495627139431,1.5434090150344453,UI/UX Designer
1.0,1.0,5.0,4.367448471269166,2.4346985875393954,1.0,UI/UX Designer
1.7562278629236072,1.6133619574444011,4.745280527889885,3.6486114170039983,2.4734685909776037,1.0,UI/UX Designer
1.240870516293813,2.037950511442184,4.9524789981535395,3.526607968126902,2.9060702936538827,1.0,UI/UX Designer
1.2061269870173421,2.1883282960536397,5.0,4.694045016189639,1.931305700291612,1.2651971529623764,UI/UX Designer
1.8824368552262547,1.967411616538874,4.466783262467412,3.8077659436502893,1.3476770006927663,1.1859084054973614,UI/UX Designer
1.5322281040703176,1.9394792539662309,4.18951997527318,4.510825417528839,1.1118505192171106,1.0,UI/UX Designer
1.0,2.1258926228377497,5.0,3.9669302239767634,2.8800218825674286,1.032584170541601,UI/UX Designer
1.5173340508764679,2.393477282047349,4.353563133897735,3.915134756357239,3.0616602566405096,1.0,UI/UX Designer
1.0,2.0852877907385112,4.765740035369974,3.603147710248881,1.7583583028512066,1.7160048356843127,UI/UX Designer
1.0,1.335962483622644,4.244126730955918,5.0,1.8883328152829488,1.217289250482709,UI/UX Designer
1.0,2.1604929846357077,5.0,3.6738684081281225,2.2292933899742913,1.0,UI/UX Designer
2.011433059183396,2.1342679651222873,4.793603077823854,3.851062938356918,1.7449809127428324,1.0,UI/UX Designer
1.0,1.9510171339516222,4.930060659697144,4.244330768630238,1.7384281267792367,1.0,UI/UX Designer
1.0,1.193815940954758,5.0,3.0690903702391394,2.560409324415398,1.3421349778303875,UI/UX Designer
1.0,2.3305690066690183,5.0,3.49549488445757,1.0,1.158217841713226,UI/UX Designer
1.0,2.5474847848480398,5.0,3.6502086517513415,2.8989193665452357,1.2882232463015026,UI/UX Designer
1.0,1.7568041156045668,4.307955503993789,3.600101031139846,1.9276338005407319,1.177024254293773,UI/UX Designer
1.1306828710567869,2.538936538282401,5.0,4.287373464562752,2.100746161566637,1.6433994263629508,UI/UX Designer
1.0,1.8548483656324046,4.047213323513735,4.528082021905018,1.9615371221104227,2.4668028530856363,UI/UX Designer
1.0,2.0442890647083676,5.0,3.4490500135056434,2.1792738569396137,1.0173307160285927,UI/UX Designer
1.0,2.586301979371503,4.548125641044672,4.137451056541111,2.727332145692523,1.0,UI/UX Designer
1.0,3.172652281735914,5.0,3.7469012616786914,2.401312380039239,1.0,UI/UX Designer
1.0,2.686181972632585,4.448470367934493,5.0,1.7553338122688973,2.0666323407809277,UI/UX Designer
1.0,2.512746793133126,5.0,4.418873112777576,2.4840113533381305,1.0,UI/UX Designer
1.0,1.9745411348303912,5.0,3.7640776894222476,2.138776985079931,1.1648127655873701,UI/UX Designer
1.0,2.197485640845233,4.866393988152677,3.6500095498983143,2.3936875691119965,1.0,UI/UX Designer
1.0,2.036025425093328,5.0,4.096392038862149,2.2641441662373336,1.0,UI/UX Designer
1.0,1.975561383240203,5.0,3.8520162134758698,2.6699999427381047,1.0,UI/UX Designer
1.0,3.3713983021850096,4.836315654528124,4.6565848935456735,2.7023954209798795,1.472607156125191,UI/UX Designer
1.0,2.1433424099371714,4.362744895347537,4.995073886909138,1.5740970009086652,1.0,UI/UX Designer
1.0494932435201254,1.94628012258152,4.6715633588533025,4.697169526027344,2.47513964174414,1.1610236021628466,UI/UX Designer
1.0,2.5321379359222354,4.767765683611217,4.785195920168908,2.055610457741714,1.6148907634863576,UI/UX Designer
1.0,2.0357665910204723,5.0,5.0,2.780183408752441,1.438567309688925,UI/UX Designer
1.2946417164787982,1.746525654870187,5.0,3.543475408001634,2.1878910668423868,1.2200253303467867,UI/UX Designer
1.0,2.0193693045958536,5.0,3.9581450714304887,2.1790244194282855,1.0,UI/UX Designer
1.0,2.5174690815819663,5.0,4.1699394906574545,1.7267394196457106,1.0097470116384282,UI/UX Designer
1.0,2.4230059692103834,5.0,3.4674912253926795,1.529833906245216,1.2204399491187412,UI/UX Designer
1.736939645253373,1.9989513413085276,4.385340989593748,3.8956913816810634,1.4850339598441038,1.0,UI/UX Designer
1.0,1.5353377058791864,4.611047137912718,4.037267000111122,2.107517906068615,1.0,UI/UX Designer
1.1981908612546686,1.809033068434301,5.0,4.39024876034393,1.7277294095224756,1.3070738470188665,UI/UX Designer
1.0,2.661881031417645,4.600431899571768,4.176374804312757,1.90619542767786,1.0,UI/UX Designer
1.4504578808926545,1.6929340955666046,4.1499639175108465,2.558993318415985,1.5624776527860147,1.6879542096494866,UI/UX Designer
1.6288692337518298,1.6407007988262339,4.81277254264931,3.7675434622219885,1.3332839272752157,1.0,UI/UX Designer
1.4905747597003924,2.2519439356897,5.0,3.3324266941695706,2.0503516070169887,1.0,UI/UX Designer
1.4214013456302665,2.129287450368571,4.327383773950085,4.80821277874502,1.1019176704157094,1.2651530911248012,UI/UX Designer
1.2775858844893309,1.3801647803237596,4.981074654594941,3.1815860789235684,1.0,1.0,UI/UX Designer
1.0,2.322128090405396,5.0,4.046772729693073,1.4927891883582074,1.0,UI/UX Designer
1.0,1.3875129964850959,4.7031502865063715,4.037256192548167,1.7136807402878984,1.0,UI/UX Designer
1.3474574054556951,1.7496227906546482,4.333016684506054,4.28172676080062,2.1329248242541423,1.1643297490861573,UI/UX Designer
1.3129193287678549,2.2283207636539726,5.0,5.0,1.3575156268490227,1.0,UI/UX Designer
1.4836671823390835,2.071293146047787,5.0,4.084878214768436,2.6870282755799906,1.0,UI/UX Designer
1.671229944703355,2.5854982466021332,4.39485544288481,4.315332704943836,1.9784800338817052,1.0,UI/UX Designer
1.0,1.4945931644413415,5.0,4.4069206346302785,1.8946447597119143,1.408492571571642,UI/UX Designer
1.4726300389470688,2.077319979313174,4.638833188074898,4.220527056407822,2.243492353829432,1.336972195175155,UI/UX Designer
1.4327016350011197,1.3189177140393893,4.745035377317129,3.05068932715609,2.373498019177674,1.0,UI/UX Designer
1.2154070353487074,1.262160625904921,5.0,3.4028304176903625,2.3872816521912292,1.0589750854462707,UI/UX Designer
1.0,1.864919946693913,4.680968495341935,4.647598088450384,2.006306417176121,1.0,UI/UX Designer
1.0,2.064169513601469,5.0,3.6976901397413964,1.7311117220977261,1.0117160635737026,UI/UX Designer
1.436712409973663,1.3156227322019851,5.0,3.767968734935672,1.8377837091257567,2.0007878725648744,UI/UX Designer
1.0,2.37734687515429,5.0,3.4099880429507468,1.0773028373885478,1.4104910462084554,UI/UX Designer
1.0,1.1679085227144865,5.0,3.4902866331122038,1.6137412621578031,1.9871865775446476,UI/UX Designer
1.0,1.3718569792965374,4.77015092876304,3.879871580082789,1.5531273589411734,1.0,UI/UX Designer
1.7549971622159655,2.131493062052358,5.0,3.931387411720732,2.144727474429568,1.4664508305547952,UI/UX Designer
1.0,2.132417998258991,5.0,4.77239867319213,2.973945489900881,1.0349298984908808,UI/UX Designer
1.569319474843567,1.0,5.0,3.637058169139598,1.8794512755060546,1.2205522421835107,UI/UX Designer
1.0,2.098226689784067,5.0,3.8078899773270143,1.4565380917497233,1.9067319286492754,UI/UX Designer
1.2633821085023387,2.961119487656732,5.0,3.3382028039932816,2.3226923358784406,1.0,UI/UX Designer
1.0037159012198336,2.9621427981961213,4.191168097683472,2.5935947552191068,4.10259365007955,1.1191887024205822,Product Designer
1.0,3.9064451099704627,4.801882344965415,2.95428981901544,3.4954014280614247,1.0,Product Designer
1.0,1.8731217923196413,4.531750843308619,2.5269861270051934,3.079283347734305,1.0,Product Designer
2.0790095054285977,2.471185534882597,5.0,3.1098764775637746,3.4033870178561947,1.373009797367935,Product Designer
1.0,2.9942236605117216,4.868885931383084,2.433510952654366,3.2298130186079343,1.8582701579387357,Product Designer
1.0,2.7327651620791396,4.377116917943189,3.0358889131188467,2.837189358425002,1.0,Product Designer
1.3447534141645294,3.8180906505285495,5.0,2.630185475765706,2.0895622240909653,1.27959821703917,Product Designer
1.8052423676616018,3.4068449835203642,5.0,2.88725666469894,2.695212780113436,1.057717953700656,Product Designer
1.0,3.331547010670172,5.0,3.524041832285943,3.255296335402195,1.1229111633376498,Product Designer
1.397213344625424,2.018504046173639,5.0,3.0262390285852256,3.1065401979857774,1.0,Product Designer
1.215927746730808,2.7126985392329925,5.0,3.236824888706737,3.0753429289419305,1.0,Product Designer
1.4076584426039527,3.1033298492472454,4.622258303231542,2.9716692287933806,3.31454130962062,1.2757867694099125,Product Designer
1.2435044839040776,3.0462656958705385,5.0,3.6188982519058053,3.3686613078377703,1.0,Product Designer
1.0,2.728030116514203,5.0,3.1408479569136767,4.0632209137631925,1.0,Product Designer
1.0,2.962971731677963,4.953912959973348,2.613174544066138,2.4255758659166613,1.2506683135904315,Product Designer
1.5274503587986819,4.222490650333201,4.783143546654489,2.8236722565679626,2.6143853527744914,1.5628637146867836,Product Designer
1.4074937273981323,2.5615327090627367,4.5489009565135285,3.476257379297949,3.1915980756042037,1.379194356505572,Product Designer
1.0,2.061137568044897,4.562517491659915,3.3438833650056132,4.0555289893174455,1.0,Product Designer
2.137927940938433,3.4149098837458443,4.303483849145587,3.107016918905516,3.4319871392059302,1.0,Product Designer
1.322225578956691,3.586360589911556,5.0,2.9691393946592886,2.9135367084992967,1.0,Product Designer
1.0,2.656238084047516,4.79170297717392,3.0567471731128713,2.721592621171467,1.0,Product Designer
1.3798854295629226,3.185306985973928,4.730385231605217,3.253139235743794,2.7734210531570325,1.03153251474406,Product Designer
1.4875220273614334,2.6981294534168683,4.413794196083129,2.927432708489329,2.318267491907269,1.0,Product Designer
1.0,1.7681579380472185,5.0,2.9086551166593395,3.590948226385968,1.1077659898970413,Product Designer
1.367804285157774,3.5950193766035214,4.934141458614627,2.999588405568049,2.213228388304884,1.6197688726171207,Product Designer
1.0,2.497134724826009,5.0,1.910109404017874,2.785362888563411,1.4541555206059205,Product Designer
1.0,2.641039024525709,4.791922601443525,1.995035367765713,3.3577392158915167,1.0,Product Designer
1.0,2.8656656917954795,5.0,3.3267186853360333,2.9739682294003758,1.0,Product Designer
1.2877580607720336,3.249284845502113,5.0,3.5376206534806593,3.0151893382064796,1.555688044494628,Product Designer
1.703605510739198,3.291156442762241,4.626033189061031,2.9346071407487795,3.619428017029187,1.0,Product Designer
1.0,2.828517581776628,4.567394699823133,3.436439474959393,3.1884075355203887,1.0,Product Designer
1.3027564601179198,2.920791882665891,4.554902713388828,2.6435407948785663,3.21802553738797,1.4695049392609194,Product Designer
1.0,3.2722206668345057,5.0,2.3705647218148735,3.1778349364193117,1.415327845647704,Product Designer
1.0,3.6191416054278234,5.0,3.1716776741931514,2.8832051338610003,1.4884914038309782,Product Designer
1.4210344301889506,1.7405845225409078,4.998632221954443,2.8027002666304432,3.1983528457569586,1.0,Product Designer
1.0,2.5683936202694593,5.0,3.827521110734366,2.5761640253924827,1.0,Product Designer
1.010001609913732,2.9856721694823682,5.0,2.385402523810734,2.731022412487951,1.0,Product Designer
1.6874918181059113,3.125272314161682,4.768283543009602,2.338864260704412,2.3847619709113745,1.2071334498956956,Product Designer
1.0,3.0520027115742847,5.0,2.8262061885275895,2.5192777780128104,1.1910036027263815,Product Designer
1.0,3.859992265164702,5.0,2.917914190523178,2.55135340928789,1.0,Product Designer
1.0,3.1917835658535325,5.0,2.481743684620705,3.5054547826713724,1.308842806405649,Product Designer
1.0,2.456644052161495,5.0,2.470205758148958,3.511840424581303,1.0,Product Designer
1.273853096581572,2.959691817592459,4.719687557812399,2.9485842468403547,3.539991584817101,1.0,Product Designer
1.0,2.624128217656406,4.980691433225643,2.657659553743673,2.115959378806693,1.0,Product Designer
1.818877509269056,3.1233641056431365,5.0,2.858693804995681,2.974187287945415,1.0,Product Designer
1.2634642655205326,3.0504044271296866,4.414365894920692,3.1268622515520965,1.7706290383642247,1.2069295998388927,Product Designer
1.0,2.951972456914962,4.402686198401906,3.0014115997665485,3.289139259638111,1.75141354262479,Product Designer
1.0,3.4877364778355675,5.0,2.774666423587688,3.37992825252973,1.0,Product Designer
1.3587652582003396,2.5038651434360024,4.683501483851854,3.4718000263973,3.742700261785211,1.0,Product Designer
1.0,2.9004753586957723,5.0,2.8836133116534137,3.1681692808327657,1.0,Product Designer
1.4194354303390138,2.416643363634479,5.0,3.775039411980546,2.543470130969846,1.0,Product Designer
1.205347656888764,2.4063897951285553,4.75369856444884,3.551263478228007,3.3688033822384815,1.990098170844795,Product Designer
1.085392073800104,2.694580998860907,5.0,2.9247058302956828,2.9317214453984324,1.0,Product Designer
1.0,3.1411088774853213,4.2956683661207045,2.641586696045943,2.940560618430091,1.0,Product Designer
1.3844957681724588,1.9734227450762474,5.0,2.3535953550359188,2.7975406546482504,1.2595653234747146,Product Designer
2.0990697597397414,3.0582259888536747,4.008686835900246,3.476847566317887,2.8840407975704907,1.0349533272294118,Product Designer
1.2789315149438072,1.887311021547143,5.0,2.7951530550236523,3.6109174530027595,1.3635568816693715,Product Designer
1.0,3.631312926174524,5.0,2.226379201273391,3.0278765517463864,1.5174130569279276,Product Designer
1.0,3.6887886679227084,4.243685612936237,2.604386411676508,2.528564582305154,1.688466865794331,Product Designer
1.0,2.418591498669501,5.0,3.3305904952963594,3.333768047397066,1.0,Product Designer
1.127267150518474,2.674883456885357,5.0,3.572102579328966,3.5414784145203377,1.3970579672867727,Product Designer
1.2598666529975007,2.377818757925106,5.0,3.05713261503166,3.6316820424754597,1.403709591191214,Product Designer
1.2751902350765107,2.157887601234922,4.955499731695765,2.7210538700481717,3.1261829620915367,1.0,Product Designer
1.0,3.229516952453352,4.783930943215612,3.0607957697870063,2.2402940545628467,1.0,Product Designer
1.3280217836014803,2.384903941651763,5.0,3.4871996776506604,2.8658850323301066,2.499367052751232,Product Designer
1.6215517889241466,2.5253602466471325,5.0,3.0329315331598785,2.6116439545702943,1.0,Product Designer
1.4974466674441895,2.701027267687933,4.949061822481474,2.5394870358867356,2.6259210313507046,1.0,Product Designer
1.1940911463620758,1.7058204182242758,5.0,2.626939493707482,3.7011813267251124,2.471376323002718,Product Designer
1.0,2.138885719643403,5.0,2.8972853352533976,3.985675324500645,1.8332946716877712,Product Designer
1.4326874852982823,2.706652959393671,5.0,3.132503179534152,3.1206616016496955,1.0,Product Designer
1.5308976692268232,3.0539041641556177,4.949579326227712,2.699921752495586,2.6031917501733113,1.158629290639491,Product Designer
1.0,3.3947493798250212,4.472947281502157,1.970659656897354,3.9109476579630105,1.0,Product Designer
1.0,3.567269165504037,5.0,2.2334992106982847,2.5219159698746654,1.0,Product Designer
1.4674008313478273,3.819566063964767,4.459873719210961,3.70737266898411,2.645482944235649,1.168061451472786,Product Designer
1.0,2.939034793209001,4.944443642963642,2.842420846842363,3.1924854906598488,1.0,Product Designer
1.0,3.2189360724746776,5.0,2.9885931529760383,3.251835386731086,1.3790400051486702,Product Designer
1.4152525943167458,2.5232376370816807,4.611494884897548,2.6549627030282323,3.964316900446982,1.254096469585952,Product Designer
1.2316578601925083,3.1831178765918695,4.339603298190251,3.9690952353885196,3.2395937653934803,1.3615800563274763,Product Designer
1.0,3.389821926180759,4.8218937749361865,2.338608512636881,2.5231181670641014,1.0,Product Designer
1.0,3.030273910182105,4.806618605634174,3.1670346810806937,3.8379879355340023,1.0,Product Designer
1.0,2.8790208942260915,5.0,2.957030263751585,3.7646653268458508,1.2264707965689094,Product Designer
1.0,3.0547911252191793,5.0,3.540177900636822,3.909818285805784,1.4538627598543497,Product Designer
1.2202398986936085,3.338094135789173,4.915996596775217,2.2685610815962853,3.02074804311143,1.1826451637294528,Product Designer
1.0,3.6633108197499706,5.0,2.3141192923560654,3.6829161443949374,1.0,Product Designer
1.0,3.539638846373263,4.974472793619971,3.949592660418435,2.5735559780566244,1.0,Product Designer
1.0,3.3946112495302363,4.536428507232229,2.3349498086000606,3.114463701351377,1.0,Product Designer
1.153346349806707,2.8296884743859114,5.0,2.308085598037699,3.6490815757219517,1.0,Product Designer
1.3817613339524115,3.479937730642445,4.421277523817022,3.4411287548040383,2.287466612427837,1.0,Product Designer
1.9819996179942172,3.555926684398312,5.0,2.8148929846960447,3.051214332039004,1.2636773733761817,Product Designer
1.0,2.6269319896520478,4.5519576510599755,3.106931116414475,2.4665700791688474,1.0,Product Designer
1.1967860055772963,2.9524203242571923,5.0,2.787544294958579,2.7093720250122324,1.2117766980177356,Product Designer
1.0,2.6709361372216573,4.690772804810292,2.8951489468522236,3.886218271647951,1.0,Product Designer
1.6477537910587294,3.3688933781449584,5.0,4.568343024161137,3.7157265103939277,1.4628334739539306,Product Designer
1.0,2.4068888692444785,5.0,2.1509619260402175,3.3077196256456096,1.0,Product Designer
1.5761166927823078,2.8391498440332006,5.0,2.6258138517897587,2.0507367948887136,1.617347639597131,Product Designer
1.667850697477357,2.824256117398151,5.0,2.804554289894798,3.1442449221331232,1.379569599460055,Product Designer
1.2775424622869367,3.670484806704673,5.0,3.0140423085192976,2.619290516061289,1.0,Product Designer
1.405025698362508,2.249086740542941,5.0,2.8594281369927335,2.590697047796055,1.0,Product Designer
1.3371838928241935,2.992679323098341,5.0,2.3684621747370396,2.7109181884690683,1.0,Product Designer
1.0,3.0030593320709014,5.0,3.24224211956487,3.7530835654422305,1.0,Product Designer
1.1688801599676553,2.676528590205917,5.0,3.2156660931765235,2.5065403083838342,1.0,Product Designer
1.2558215317347874,3.0117022553720654,4.890189079634198,3.3289934148874867,3.365859237931066,1.0,Product Designer
1.0,2.3690405115811792,5.0,2.2884198614257176,3.049714229114517,1.6084183957122198,Product Designer
1.0,2.7318978597299184,5.0,3.7548509095938227,2.6177010647222927,1.0695065905294876,Product Designer
1.1643391211740413,3.101830211363089,5.0,3.0436149462097104,3.1186174378155083,1.3443311475732078,Product Designer
1.5949598580238336,3.468449597152053,5.0,2.2206500973030456,2.755931137970787,1.4097106036026354,Product Designer
1.1251993486396528,3.413064316911476,5.0,2.4115183974703376,3.568955087402292,1.0,Product Designer
1.467674909637366,2.9793896283159413,5.0,3.065043468130869,2.6797428878220098,1.2099373113958838,Product Designer
1.1619713903591349,3.569048547055224,5.0,4.237532319584652,2.944297932298864,1.0,Product Designer
1.0,3.0428341691770884,5.0,3.140605264977939,3.0335938377469995,1.0,Product Designer
1.0,2.812413137582222,5.0,3.6783998427457396,2.9615177317797823,1.0,Product Designer
1.0,4.04583271763504,5.0,3.2753713457662736,3.4813424585262847,1.7702833056706564,Product Designer
1.0,2.8039800656514386,4.7356391835815925,3.293557198535492,3.0800554453197986,1.378155645344704,Product Designer
1.0,3.685976025339578,4.965333145925349,3.3472727759790915,3.59770324946147,1.5575621577474843,Product Designer
1.1804142042008983,3.4096734531912727,5.0,3.256800616987348,2.63517679896921,1.2915253654819425,Product Designer
1.0,1.825999432797828,5.0,3.0583253250078037,3.5782088857487193,1.0,Product Designer
1.0,3.0843404297052546,5.0,3.0469164726927844,3.0103543418427017,1.0,Product Designer
1.0,2.8257970852477925,5.0,3.189662682015307,2.8610014391274023,1.8619424382113827,Product Designer
1.0,3.278893361943082,4.916539333205359,3.815576257514002,3.0434298879068056,1.0582071139453368,Product Designer
1.0,3.0982559630006072,5.0,3.422921922342344,3.0140380905580857,1.850662553228327,Product Designer
1.4364928206712846,2.7809094404013255,4.309825823133031,2.7924930991017147,3.2066743892751264,1.2986001853157134,Product Designer
1.6795688416510095,2.4527270124405,4.7804223330265945,2.4111786650627436,2.3306003942102773,1.0,Product Designer
1.1833061221470105,3.3856972174451583,4.525822946689162,2.59536204030638,2.110088412338283,1.1071761041384978,Product Designer
1.0,3.831515689105924,5.0,2.9142771282716122,2.6794437862277736,1.0,Product Designer
1.0,2.6889295227139325,4.650548558987848,2.500414078577003,3.188547363721172,1.2571327962074297,Product Designer
1.0,3.9675761341326585,4.126635316741954,3.0290819494861316,2.8907098979560373,1.0,Product Designer
1.0,2.9965200585438208,4.8872360863391355,2.80406173644372,2.3506401825053125,1.0,Product Designer
1.0,2.798951947751735,4.901481569861586,2.9456891010552457,2.738748829058591,1.0,Product Designer
1.0,3.7619729045816417,4.600129925925016,2.8145096452673295,2.6381056054430596,1.0,Product Designer
1.0123207833189733,2.9488828950584938,4.770269804812395,2.858262004222844,2.6400932245033646,1.2008628188630803,Product Designer
2.027596371295357,2.5625793613833907,5.0,3.0224744785103552,3.334314879066295,1.3483964802480357,Product Designer
1.1027063486093303,2.9800897119424503,4.7827749001757764,2.6175198234456825,2.9515771695241075,1.0,Product Designer
1.0,3.5534268122362844,5.0,3.4463322094677746,3.7348219433292122,1.0,Product Designer
1.1036629170968209,2.8490770529236222,4.593697119762197,2.5235158703337977,3.4215751862982455,1.104313640242824,Product Designer
1.9233015360405266,3.4860260064619455,4.634393505231816,3.4201710901133855,2.847462230448872,1.6084298545645006,Product Designer
1.0,2.473787019878664,4.602122461469295,2.627667548792543,2.579874117690668,1.0,Product Designer
1.4283459351626189,3.898022104133092,4.334905242223249,3.6317565214165746,2.7611481420127855,1.173941265601117,Product Designer
1.0,3.262017508672428,3.9973438015919687,3.156967536155083,3.1286280235146684,1.0955038171477336,Product Designer
1.0,3.274763337214822,5.0,2.8950236081794403,3.335925153587597,1.0,Product Designer
1.264388579454381,2.937060336302955,5.0,3.287361470537631,2.8010437131909827,1.0,Product Designer
1.1380395027740773,3.594695689306465,5.0,3.1590711573481864,2.97891194675168,1.3695593263866004,Product Designer
1.0,2.7730506094365692,5.0,2.734730840853659,3.4447354732258746,1.5529677309788545,Product Designer
1.2834084660310303,2.3753822402136837,5.0,2.899000001470691,2.7520003723323434,1.0713757936732138,Product Designer
1.384603173748774,2.7707236699344007,4.914308662863163,2.8794705330840062,3.581935522772156,1.0,Product Designer
1.0,2.213282580504743,5.0,2.619659130057049,3.334362252636239,1.0,Product Designer
1.0,2.334715575239926,5.0,3.324423770312325,3.1693125788183,1.0,Product Designer
1.0,3.117156994305777,4.156129295937818,2.8794325278060486,3.7584526766679405,1.0,Product Designer
1.0,2.6962953761619324,4.684653837161212,4.07015438991828,3.832839540256948,1.365467717050789,Product Designer
1.0,3.6003148304898613,4.4332701804747705,3.5382876576221296,3.463986768710022,1.0,Product Designer
1.569593156675386,2.776389435268075,4.367457200950883,3.4889825064999607,2.95737853543027,1.3008903016493338,Product Designer
1.910443295779703,2.6388729638018518,4.928310247580012,3.784817252288857,3.3343658654276416,1.0,Product Designer
1.0,2.7359596799483272,4.630792647598561,3.1186740597447655,3.0392172535988,1.1396188771376756,Product Designer
1.0,2.9645830462373723,3.9721501130218915,3.072503158680683,3.5877203224779324,1.0,Product Designer
1.2417141153237305,2.6944928241197186,5.0,3.079323725606139,3.2023520563302204,1.0324119493777202,Product Designer
1.6641659031921763,3.173705238847551,4.647288142998774,3.049357526160502,2.8155594785169753,1.0811999532597945,Product Designer
1.0,2.6615946322268424,5.0,3.0278948143082767,3.5319779225229238,1.0,Product Designer
1.0,2.8180646007683436,4.186784620541712,3.207835987048288,2.1630510358256063,1.0,Product Designer
1.0,3.7719753023805724,4.463554942142541,3.0062024915732932,3.2899882884786296,1.7420302766103486,Product Designer
1.3888973758607048,3.546953475816233,5.0,2.3954385143019303,3.1798460521585232,1.4243304760861113,Product Designer
1.0,2.710120061637989,4.598403852436472,3.3863114929840163,2.965359439835434,1.0,Product Designer
1.0,2.966302873403104,4.716205822507625,3.121669782632081,2.4285164006772746,1.0889531297531003,Product Designer
1.0,2.3753515371324267,4.336357981060926,2.411489805988653,2.896800471279729,1.0604977171817502,Product Designer
1.1349118161885907,3.1537764588642236,4.6207383695104,3.5292014540475876,2.7788872369959234,1.225074880029866,Product Designer
1.0,3.1878106158515207,4.892835966927543,3.196817438287283,2.996305565059838,1.4069202853253444,Product Designer
1.0,2.1150543320547106,4.513321290282952,3.534459207619017,2.92272059005613,1.046031147773281,Product Designer
1.0,3.0327768625751395,4.488593677963652,2.5621093624736226,2.79875815858806,1.2225486289210727,Product Designer
1.275923790321255,3.2895224489689183,4.205957942477813,2.9966677498048693,2.901609083308632,1.0,Product Designer
1.0079918833610992,2.8747863912816194,5.0,3.040623538119901,2.725339734858373,1.4628812252284886,Product Designer
1.0,2.967867435785195,4.118374534004032,2.54390336439694,3.2624068515046747,1.0,Product Designer
1.0,4.190972491707813,4.320355474289918,3.8252604515439868,2.9138989177103696,1.0,Product Designer
1.2833931952941025,3.6682970377722497,4.426966028945836,2.7448751051357347,3.423434867342126,1.1439971562135,Product Designer
1.5509589153206913,3.2575559772158895,5.0,3.0892942994168253,3.1109055741654807,1.1608606860078994,Product Designer
1.0,3.424043579400462,5.0,3.394090004572572,3.47224992681208,1.2142273407801638,Product Designer
1.2508581621170984,2.494835106201733,4.72482320609009,3.4216917264953657,3.7118155909092567,1.0,Product Designer
1.0,3.011810301207325,4.560362768959661,2.5887401779091586,3.2374599368969026,1.7906879845857167,Product Designer
1.0,2.914761925509152,5.0,3.390106986100121,3.159563671534519,1.8807012749680576,Product Designer
1.014453296662897,3.655996395196049,4.676816164827016,3.028991473294425,2.3936424621005745,1.450432220274497,Product Designer
1.0,3.178910531259949,4.843315684357463,3.293214250829508,3.198716986927876,1.0,Product Designer
1.0,2.986115634829324,5.0,3.931447776556924,3.1514954283328644,1.5037657012442702,Product Designer
1.0,4.006477924716991,5.0,2.97519774442061,2.917651976271037,1.0,Product Designer
1.0,3.955217816066707,4.505497780856993,2.4958661210668276,2.6488897569622103,1.0,Product Designer
1.007653287422755,3.5444552563326193,4.694753836863983,2.3133378601195895,3.145930656507327,1.0,Product Designer
1.5013622750408122,2.7727458503488647,4.869921610186663,2.9252348177283656,3.044502055276741,1.0,Product Designer
1.0,2.074811157559079,4.717306395439941,3.357611634040876,3.425122759684443,1.0,Product Designer
1.649742999090881,2.985647964149823,4.331076814092026,2.173807971772872,3.609128961309863,1.0,Product Designer
1.0,1.8703619142822325,4.802141944562429,3.2023754294981805,2.6511544279768975,1.0,Product Designer
1.0,3.621596009572428,4.303509191162405,2.6791494847887414,3.605378869808795,1.2470881447118767,Product Designer
1.0895639068894782,2.6757769322918756,5.0,2.73108546577335,2.5703069344646243,1.0,Product Designer
1.3920477981862494,2.9697969338919323,5.0,3.0758365929007017,3.22045941390418,1.0,Product Designer
1.0,2.592359835304439,4.293015433296443,2.4389834146885416,2.8172911394498894,1.0,Product Designer
1.0,3.5210699463175885,5.0,2.7740816358982396,4.13578722945228,1.0,Product Designer
1.487805638230911,2.944266958610292,5.0,3.0544768586354034,2.0638774688773713,1.0477302337794143,Product Designer
1.167777927319799,1.904007350737793,5.0,3.155603797086386,3.335993870068248,1.0,Product Designer
1.3453087610728092,3.544752229781528,5.0,2.9953142207396177,2.553205937550792,1.0,Product Designer
1.0,3.285997818696342,4.575062037441299,3.282325360751779,2.5805072186351716,1.0,Product Designer
1.3080221985064084,2.648101640006978,5.0,3.276497078835684,2.864524663311528,1.5808916006778948,Product Designer
1.0388921709885572,3.551138263292675,5.0,2.8793494891493445,3.3224774920136984,1.0,Product Designer
1.0,2.9022701713067858,4.318699860125268,2.531196110176345,3.295716299660534,1.0,Product Designer
1.3552570435609308,3.1497059690087434,5.0,3.2621686427880228,3.557109035139657,1.2009423315637733,Product Designer
1.1556967505390363,3.5823665210566578,5.0,3.105031806478714,3.102827332964859,1.269114655915208,Product Designer
1.0,2.643100266930651,2.712702966186466,4.9322068319299985,4.535558770794917,1.665502783780148,Product Manager
1.5712614097520725,3.2667599965711984,2.338214052660461,4.448300647426528,4.879633919127962,2.1649849624950934,Product Manager
1.126096075349046,2.57075419987727,2.157545471607852,4.618855348074834,4.83293338057832,2.076284624370467,Product Manager
1.103354458005428,2.8576677247823645,2.3384506188471788,3.659967184372506,5.0,2.3131027808161226,Product Manager
1.0,3.8490048424431267,2.0840507306307976,3.638526241382474,5.0,2.2473357597240127,Product Manager
1.0,2.737169841378073,2.1395486686107716,2.920216661178671,5.0,2.07898968635263,Product Manager
1.0,3.135322443129982,2.003731919562517,3.4043529470574927,5.0,2.4189268973839027,Product Manager
1.0,2.9007093383040883,2.363131968797673,3.899668428444097,4.034545899739923,2.2434682786999636,Product Manager
1.0,2.805078472791203,2.728935283975738,3.933010762995601,5.0,2.2548336377317986,Product Manager
1.252666971937016,2.5404011163111084,1.9698507422328129,4.0180762639629135,5.0,2.14461097045831,Product Manager
2.2937206143887288,2.4120701147063777,2.490045810098978,4.591687902916529,5.0,1.6748423025634627,Product Manager
1.8323340151338132,1.904008567629901,1.6583666513910869,4.5858410986114055,4.814944198288741,2.798232262400093,Product Manager
1.0,2.443949053025996,1.7341809149365126,4.208699638768264,4.888989924809988,1.7548003737187894,Product Manager
1.710198215549262,3.7567224876945753,1.7928101171462223,3.145116096335169,3.9212580854063104,2.119645057390178,Product Manager
1.3279778111093987,3.0314988927892728,1.9645459464596207,3.5977286926529586,5.0,2.839092689449455,Product Manager
1.0,2.9612494056061425,1.5148258252931999,3.2547670029730744,4.4350120646077915,2.1898364278422022,Product Manager
1.202481098795583,3.7301438805874,2.0043907735727307,3.1208891850652107,4.880915228812015,1.306810463892108,Product Manager
1.0,3.290279529203248,2.09709045279721,4.2937827977176655,4.821253576364136,2.3952647817126778,Product Manager
1.0,3.5583414163711238,2.172319469735771,3.896501564757691,5.0,1.991069649512541,Product Manager
1.7980532576564614,3.1227188112893947,1.9991936638027457,3.8807545714746006,5.0,2.3539566695267524,Product Manager
1.0,2.4221792426885957,1.5490159308108231,3.907918730228902,5.0,1.874911685376543,Product Manager
1.0,2.1196403433756767,2.7567707178011482,4.28451407299073,5.0,2.4808440259646876,Product Manager
1.0,3.042295316873768,2.7443009709759973,4.0897904446595685,5.0,2.4352753586002556,Product Manager
1.3214656662113218,2.935915414866753,1.9830580785930403,4.388820218987971,5.0,2.5841162995097307,Product Manager
1.2755484916549193,3.2983028067960274,1.7768833166077767,3.7094252444640494,5.0,1.7129074659918124,Product Manager
1.0,3.6895116204856455,2.6102851461725445,4.150894415398592,4.851930210083145,1.9383105448282476,Product Manager
1.4338300705278073,2.981750361276917,1.720858803494868,4.607887378203987,5.0,1.711372089504127,Product Manager
1.2394700944663155,3.485609206596254,1.4961634676061197,3.8997730433235325,4.876658316205794,2.226143582891738,Product Manager
1.3160041614299292,2.7242630443602573,1.2536244120469875,4.5158993772997,4.440027364711393,2.1355921025219384,Product Manager
1.0,3.0812219526020375,2.8256169858534292,5.0,4.183281294300696,2.491953077666462,Product Manager
1.0,3.5239272568562763,2.478631538089582,4.704872403599081,5.0,1.5552117575224882,Product Manager
1.46382474435481,3.058998788072032,1.8830783924329337,3.761888059647519,5.0,2.8016847460036884,Product Manager
1.0,3.3109761212394653,1.8138064072886775,3.2663638009039433,5.0,1.5834311099052196,Product Manager
1.0,2.609129763887733,1.4861130410430732,3.6766565734683043,4.337057961523156,1.802429945686893,Product Manager
1.0,3.1878069385728285,2.296769493199158,4.1300742883892205,4.8822777710632455,1.8687862021538426,Product Manager
1.0,2.5935026702950315,2.351801934039368,3.120148700674768,4.959637530843529,1.8382354692193994,Product Manager
1.2995660506874462,2.2874940082888244,2.00624035274297,4.171492170679554,4.047634390688002,1.4628360135691314,Product Manager
1.0,3.2570734538171524,2.09124965555635,4.280227126474903,4.460313743679673,1.2056248251359867,Product Manager
1.0422529028783947,2.3853233808929426,1.5673388369760985,4.4661391774131864,5.0,1.7159275473722928,Product Manager
1.0,3.3104607784445825,2.1059854678249916,3.3927216788386545,4.026088133449527,2.940900916320075,Product Manager
1.0,3.2638482516500615,2.755346466169087,4.073798784416578,4.699781661766398,1.286975479152144,Product Manager
1.0,3.188347424338193,2.7254881614749924,3.8022704516477352,4.722139768925318,2.3487405454055934,Product Manager
1.0,3.1372414538142106,2.020900725042756,3.795265970710972,4.99223092063174,2.8815760573249896,Product Manager
1.3022664720504782,3.5462504021279893,1.5406528195399696,4.547968073803787,5.0,1.250201951720316,Product Manager
1.26989536668555,2.7433629316026615,1.227098161837192,4.06488786616381,5.0,2.075804034322281,Product Manager
1.0,2.834707330770834,3.2332940046707783,3.408715305735677,5.0,2.0077114854444917,Product Manager
1.0,2.9758004746857103,1.3035336812056912,3.702254796596573,4.976532837082197,1.2244414707004352,Product Manager
1.253191269244029,2.518119479544234,1.2741395209932238,3.459791132085815,5.0,1.01096792906558,Product Manager
1.2180615443848952,2.6241818644903567,1.8249359142412191,4.301965464340166,5.0,1.6596517904191046,Product Manager
1.0,3.3110704868503196,2.276188596504672,3.8575152456059056,5.0,1.7770852595122324,Product Manager
1.0,3.0019810905605375,2.2595163705457586,4.154625134776217,5.0,1.619710563355437,Product Manager
1.7909405623791264,2.828809572330688,1.9405421742617044,3.340672045391066,4.903072421851358,2.2661188684257585,Product Manager
1.3812553063463324,3.7809703685933913,2.2601174479127306,4.138456597899852,4.776852444242841,1.6691297958834965,Product Manager
1.485124257334078,3.4755351758694544,1.4614936495756137,4.361547943576741,5.0,1.443095557492903,Product Manager
1.2702284023945885,2.475226770259096,1.0,3.919948793153975,5.0,1.9424645975584434,Product Manager
2.433553408593987,3.189425614617487,2.07357090964935,4.214795651657045,4.779340497799951,2.4647395310467695,Product Manager
1.1805009730885507,3.157585851946245,1.6879398885665304,3.2178348367754532,4.749306955461354,2.141316928129946,Product Manager
1.0,3.1458635835336857,1.8838190615718475,4.215289742313262,4.511587937062343,2.096445005942541,Product Manager
1.0,2.230858528934682,1.9174229384858126,4.768158786909023,4.270711796077009,2.0596961251970995,Product Manager
1.3987885316321123,4.1500153425722255,1.7535335087766561,3.6839996976978435,4.416653902030367,2.5702581674231095,Product Manager
1.0,2.8147017841123247,1.0755310613143725,4.441985921339263,5.0,2.4228875317921825,Product Manager
1.0,3.303575520389653,1.1636648076379994,4.02902015103212,5.0,2.1550916090541326,Product Manager
1.2673182663187341,2.995983198220364,1.0187852436357239,4.267560504399766,5.0,1.5486901043143835,Product Manager
1.0,3.7700110929621795,2.615650269145341,4.3529787036537275,4.661850044382648,1.0,Product Manager
1.3823395877176177,3.1833433869275374,1.8126688454639117,4.562403153348938,5.0,2.088047744115425,Product Manager
1.017529208935557,3.0254838587998405,2.339969936417373,3.571261826728506,5.0,1.5397045277652046,Product Manager
1.6682775858761172,3.266064285787617,1.6558858691805352,4.040297912014875,4.57310680998598,2.752056418850398,Product Manager
1.8114379922356048,3.348111841281424,2.778328283827289,4.07589797443625,5.0,2.612362260954878,Product Manager
1.0,3.0355519286586725,2.466828300714449,4.323248982797996,4.622269639899473,1.0,Product Manager
1.0,1.9515429103874105,1.504491331947226,3.562856521399808,4.715678844529937,2.410219072081771,Product Manager
1.5188397703651302,3.2543703599036036,2.3162534880309025,4.328060228184323,3.751585004389538,2.005098841003558,Product Manager
1.0,3.2545697378357703,1.0,3.9097807323246503,5.0,1.441121025841844,Product Manager
1.4808579802566102,3.2533110849758735,2.190412347918955,4.349000793755266,4.820399956116672,2.0759594318784043,Product Manager
1.0050257861170995,2.9937255276919275,1.6639844616764614,3.378733942638647,4.8315708253552625,1.8040260464028663,Product Manager
1.0,3.4260268909050122,1.4138966910721935,3.914245420554379,5.0,2.454564676299776,Product Manager
1.6081469425486414,2.7046097113128864,2.3921440628638537,3.468514801510934,4.86206302209173,1.9091220946099035,Product Manager
1.0,2.8190930059577375,1.7533120362513237,3.5088030944491524,5.0,1.9087749985628655,Product Manager
1.1007182719586428,3.0818884355964276,2.0273632125550107,4.046402273028214,4.847291389984489,2.7091984342574316,Product Manager
1.3803723808176795,3.00919101638551,1.7764727820169683,3.9405895786354597,5.0,2.7499700462681558,Product Manager
1.0,3.3298873793208887,2.563361818389317,3.256640765047384,4.909424561634363,1.4677410134584805,Product Manager
1.2152648058385171,2.8208245338222238,1.9349304665599372,3.7944720963607628,5.0,2.114516480299069,Product Manager
1.1154633820198279,3.080310912540727,2.2862454402260686,3.8690140725718383,5.0,1.3826026243907403,Product Manager
1.0,2.0956597156957133,1.0,4.336584907410126,5.0,2.6038882458877977,Product Manager
1.0,3.3727307273727503,2.028412031074653,4.083293249577929,5.0,1.6218591244687781,Product Manager
2.2936245677022438,3.6659401521376767,1.7341470230023197,3.454630971138326,4.956047919097654,2.091129221791021,Product Manager
1.5328076298541553,2.415639544215837,2.1427434715995832,3.2354924877926052,5.0,1.9462478897709747,Product Manager
1.9683398811428816,2.2269987278901615,2.6853041907450526,3.148084332416891,4.336394862796748,1.1614527207639174,Product Manager
1.1251763042255272,2.4131505946231333,1.3258342473597309,4.10138380081169,5.0,2.019924652075163,Product Manager
1.0,3.9144548162185893,2.072918133120985,4.402845736961124,5.0,1.4510618558726578,Product Manager
1.2749438409510083,2.672101344265104,1.954506930980382,4.152701340946713,4.029290966556679,1.1952489380541356,Product Manager
1.4547295862487817,2.668126776700528,1.6918390054455696,4.08321919868541,4.807163701439065,2.208794190821395,Product Manager
1.0,3.099301475090224,1.6490708048788738,4.0967974116404635,5.0,1.7161258919429008,Product Manager
1.4576591501360756,2.9742198408386753,2.3672408279889687,4.064385659176556,4.983294539951037,2.174864841038183,Product Manager
1.6067987811511246,3.1180486471075377,2.2392654154541987,3.8157575432116495,5.0,2.3201685554648357,Product Manager
1.038854230012503,2.9386731638726626,2.4889541346365553,3.6968979614773705,4.108562491864333,2.036199799712228,Product Manager
1.5950022865571718,3.795654405592337,1.9463530282830601,4.021793831970892,5.0,1.8678252905681174,Product Manager
1.2582029741955745,2.957299124465866,2.5056841285950897,4.361490256548912,5.0,1.897341177598956,Product Manager
1.9629636602511304,3.241955971189736,2.1236470267434155,3.619528509716514,4.951464089925723,2.057189880351318,Product Manager
1.0,2.853841427115456,1.9170999909484951,4.027960330461609,4.118646504979198,1.9323647296478679,Product Manager
1.0,2.98955792518755,2.517638283090128,5.0,5.0,1.382788913966832,Product Manager
1.0,3.297981654415546,2.2416452482145117,4.493662867726537,4.951324502854702,1.8182498778172471,Product Manager
1.8762120019580193,3.0293353016848186,1.4916628119894426,4.73756682851646,4.251952254302777,1.0,Product Manager
1.3846933790187868,3.455350485512316,2.2070064709723454,3.348771958003975,4.9705650723788395,1.8609157132230645,Product Manager
1.0,3.70603471540464,1.4766669706841555,4.1580522265532,5.0,2.190720762659519,Product Manager
1.620559186247687,3.2818573612144646,2.2146748352460146,4.183417434416073,5.0,1.8072304512938697,Product Manager
1.0,3.4770217057316546,2.580871150252883,4.125989405453022,4.725812190182815,1.2211414417351811,Product Manager
1.042903549961694,2.325524827641014,1.255506248681037,3.9896342359921535,4.618115249405993,2.1726547780823853,Product Manager
1.0,2.696682716888695,1.1475424596355173,3.573555937084821,4.591931754974455,1.387346163242519,Product Manager
1.0,2.4263740044126743,1.9181286263543924,4.120205606834328,4.586915022805411,2.2127043147092924,Product Manager
1.0,2.4439113008018545,1.9433913511876155,4.343520545944319,5.0,2.8061953110787794,Product Manager
1.0,2.9362493406608476,1.4836622354910065,3.3731168340044886,5.0,1.6120642502768785,Product Manager
1.616189600008645,2.2688071340663045,2.243176602912348,3.4971303805914853,4.5897757666139585,2.2695560326260154,Product Manager
1.0,2.74210796624005,1.5939208182242157,4.892514895806721,4.691256844459995,2.0257761087163817,Product Manager
1.0,3.1107085308621305,1.6926315265170324,3.899591382729175,5.0,1.568496430998504,Product Manager
1.544660678314077,3.5927402595208164,2.3032463130793697,4.034938191798242,3.504699275897732,2.2121455663272314,Product Manager
1.0,2.87686279429123,1.0513113347385916,4.246794242937097,4.275709476586523,2.059212272995697,Product Manager
1.4523287409549206,2.765335909341224,2.60802586261422,3.6265048108964097,5.0,1.3476071242707364,Product Manager
1.5155652173402618,3.437995191289645,2.234178961481865,3.8033579316930943,4.298999688285944,1.8046798423902712,Product Manager
1.5551535878740612,3.0649809357845577,1.2234815352437751,3.4376361802900295,5.0,2.243956376063943,Product Manager
1.0,2.1170842519127033,1.6874789326999666,3.0743206460050403,4.9220827549965,3.225812685918152,Product Manager
1.0,2.9069871683968924,2.6559632876656254,4.374543929150048,4.9256296426004305,1.9268256649159015,Product Manager
1.0,2.8661721149972235,2.121720357120065,4.552556771637045,4.689912188242622,1.9050824359682688,Product Manager
1.0,3.1126625897702525,2.3918897251544817,4.3148240067149475,4.4149064622788226,2.0734316047282073,Product Manager
1.0,3.5055250078264164,1.919343638613231,3.2402433308794576,4.890098647196133,2.2292362845994407,Product Manager
1.1220030315713998,2.74410199317401,1.707363305064427,3.506247800891842,4.802625189832347,1.5721605167370987,Product Manager
1.4850429930886575,2.549431304634192,2.0611422311811007,4.027151951663166,5.0,2.5446841444791852,Product Manager
1.3479849716406642,3.176464171645065,1.475676926952971,3.465564956130871,4.577154590117526,2.3759604998139574,Product Manager
1.0366649641253178,3.4343286203677814,2.5014013671600415,3.637024049850376,5.0,1.993503160658205,Product Manager
1.0,2.732578572737644,2.5923777517055284,4.02598586335775,5.0,1.5986111625657022,Product Manager
1.3376062152067523,2.4974462495809924,2.227452764422341,4.241114680027581,4.793742475338216,2.15882604059159,Product Manager
1.0928347795222435,2.980319687594925,2.0064719900726162,4.030890911596761,5.0,2.0301210156718534,Product Manager
1.0,2.9238945244971974,2.132474300598436,4.048644364269646,5.0,2.310043294749727,Product Manager
1.0,2.9166864459728026,1.8443316732764061,3.997825756686408,4.99850930008065,2.3057608346199245,Product Manager
1.088664181570572,3.615272502604275,2.12050156883118,3.584704739831362,4.76635968991589,2.301894535365879,Product Manager
1.0,2.3270597926199774,2.005348603562615,4.475461059260583,5.0,1.8914471264891142,Product Manager
1.530414343492942,3.036133954884449,1.2342925088783847,3.9959617317608154,4.690545937689224,2.4591154402388704,Product Manager
1.0,2.361043446721765,1.2501425945457205,3.9895100212927743,3.789891264270147,1.7409173550860495,Product Manager
1.1155151628714208,2.471491747972321,2.4969935784526647,4.595503274875346,4.491649523624024,1.8509779129017567,Product Manager
1.4973465756607358,2.9993462328724556,1.3027607109504902,3.9283394657178237,4.573535838852081,2.5540989482129426,Product Manager
1.3029660471622944,2.843121527367186,2.0710740062650204,3.3459392115137567,4.6231112707211945,2.7766395938462463,Product Manager
1.0267573262898337,3.4650429023956826,2.1160065442040144,4.657140921514762,4.00058123370039,1.9058912079904968,Product Manager
1.8223908231081944,3.478086717780322,2.6626861293950954,3.9966177031717547,4.731446792293308,1.4864177701560357,Product Manager
1.0,3.4035302811042594,2.256605525210426,3.9667132753348198,5.0,2.0712258795260303,Product Manager
1.4811088506997416,3.476343377454085,1.4670629497575787,4.136822993734895,4.165566624902959,2.066510369045298,Product Manager
1.3021521398507927,2.3431403276034195,1.7917686322695838,4.0047631886099015,5.0,1.8606981483875826,Product Manager
1.0,2.9729963990403707,1.173878216529511,3.8836792816589276,4.779313193151535,1.9328671632802896,Product Manager
1.0,2.2461595809219,1.8168283397052438,4.46541006251866,5.0,3.2196671393596334,Product Manager
1.8458252041988321,2.401531036665948,1.7957811993636703,3.9886071825811116,4.9572200828831505,2.034766664948113,Product Manager
2.2037957107737793,2.458974227103801,1.6432344318928507,4.821912965044547,4.692009328457574,2.196790325167858,Product Manager
1.5173286849341043,3.2432495083660147,2.095882816551246,4.469305384846992,4.553465721747515,1.7518184352519994,Product Manager
1.2678187942325818,1.9652803703928745,2.7082919116723465,4.1516961875988905,5.0,1.1847435611794714,Product Manager
1.0,2.800708167849569,2.4037149251477996,2.9616919939007076,5.0,1.8199843379458167,Product Manager
1.0,3.1267964708454032,2.134658618923206,3.6437857050317013,5.0,1.0,Product Manager
1.0,3.076840881588452,1.8275253423927627,3.086544848017009,5.0,1.375806093936474,Product Manager
1.0,3.0765172985338114,2.0099135768826835,4.584505462931908,4.973368720003156,2.21372770234847,Product Manager
1.0,3.3064780420831372,2.6967476485237616,4.068770914736097,5.0,2.7276644674410986,Product Manager
1.6785921234871357,2.8073552981943948,2.5182161778725836,4.1243855800235965,5.0,2.284317291781475,Product Manager
1.137834038018094,3.216986040173177,2.1276189780194654,4.147166522568255,4.920583819709045,1.8741378296962414,Product Manager
1.8815874646863346,3.238763955555592,1.7133475388843,3.861291284285178,5.0,1.6319066449556903,Product Manager
1.0,2.2957754296989776,1.135512199897606,3.350592570867771,4.409567030099595,2.6926186898040694,Product Manager
1.0,2.8183682304316413,1.278293468490713,3.92843680126433,4.131335968717904,1.8152914143568175,Product Manager
2.0322471949218377,3.3319017893531826,1.8951009198227347,4.349061802703178,4.7392284109362155,1.599661128560406,Product Manager
1.8520648147664212,2.4288626730398635,1.8229393821613247,4.153016641181755,4.531882897121276,2.325302476815705,Product Manager
1.0,3.3319551637834284,2.292992089875259,3.8784939346870853,5.0,1.6673320982832793,Product Manager
1.6744352352743685,3.5874666213140203,2.88544110383022,4.087028019671511,4.605707144036005,3.0383982926647732,Product Manager
1.0,2.5932287136472323,1.9051066270475936,3.5091546419214614,5.0,1.6971658091207438,Product Manager
1.0,3.4838894308324813,2.3118466050880957,4.007792286284829,5.0,2.006127715315771,Product Manager
1.0,2.998736669576106,2.2454208127464717,3.93691893551058,5.0,1.5816656107884763,Product Manager
1.0,2.632839748363012,1.7174343141037969,4.643590523353046,5.0,1.4615384406578271,Product Manager
1.2187491482042274,2.804708843675715,1.6588077072642173,3.2571302671387468,5.0,1.3180684251664307,Product Manager
1.0,2.5268443771375657,2.3879219735349624,3.832824086843025,4.932768672239828,1.9496328685349835,Product Manager
1.1512851674678917,3.0065023819916545,1.978363405519442,3.740799012372611,4.212635313328954,1.4407245202290722,Product Manager
1.3592398693403227,2.847090268336851,1.66799511113876,3.2971359277909773,4.140176429954824,1.6483965599359007,Product Manager
1.4440264270226286,2.7214649031888407,2.2002427626207237,3.6984700853010213,5.0,1.8241245990956654,Product Manager
1.0,2.865523466050278,2.9170002091402036,4.894942157775427,5.0,1.9314705922931488,Product Manager
1.1519509010475417,3.1584261693666447,1.9800566238164492,4.220472009961308,5.0,1.8420138073178431,Product Manager
1.0,2.769970378889917,2.3997594245367986,3.9842688877523176,5.0,1.8584922361477938,Product Manager
1.0,2.8806851425640887,1.4887720496253243,3.456855413198224,5.0,1.7899569975328917,Product Manager
1.0,3.808979842190453,2.4074925177021207,3.814245387249081,5.0,1.8821058408696487,Product Manager
1.0,3.2373456122425024,1.8378490573398985,4.037749004499702,5.0,2.4556065518976884,Product Manager
1.0,3.243015801143543,1.4360718769271221,4.225207080657852,5.0,2.1894896811817155,Product Manager
1.0,4.042035636826245,1.549350146189843,4.48577585548423,4.484150840115834,2.2521720873146607,Product Manager
1.2878949886258915,3.0274879357811426,1.752337794728148,4.0705674453726495,5.0,2.894968243153141,Product Manager
1.0,2.722043251842999,2.142367778534668,3.871973104802374,4.9499794811347,2.5351759176818804,Product Manager
1.0,2.7010253274910943,1.1288153868743753,3.4020917815479645,5.0,2.299084066976378,Product Manager
1.475782462529052,2.9597351751067844,2.379356912415955,3.1167177462398756,5.0,1.59007794072005,Product Manager
1.0,3.2525755352273262,2.1582233792911074,4.042310024196774,4.318451923209841,2.049906834410821,Product Manager
1.4802806767416141,2.7337564519501028,2.6574685226701478,3.5636540320429955,5.0,2.7676638666883067,Product Manager
1.0,3.526992741688537,2.9873261811109044,4.085522034462075,4.736491506308346,1.6136305985249881,Product Manager
1.6523013516736627,3.6383470996698244,2.724654561434338,3.9835808246720266,5.0,1.9755803044369649,Product Manager
1.0,3.5620883925561766,2.8169351391391024,3.48969901360934,4.480284518549665,2.019990967115062,Product Manager
1.4780643028705,2.4330904031230234,2.113507868477953,3.704786522970124,5.0,1.6010565892520547,Product Manager
1.3859015001370896,2.920892594591146,1.5314297381594786,4.031844977713444,4.0310133427558235,1.72045271394753,Product Manager
1.1687005351623307,2.1141226104840523,1.0,2.8303163400934164,5.0,1.9616204936186352,Product Manager
1.0,3.4725773678334146,1.7977751587654445,4.134230949933366,5.0,1.764500289623511,Product Manager
1.147072941944553,3.386630610710072,1.907546691491506,3.7697222134226926,4.828743796000273,1.0,Product Manager
1.141529773254456,2.3954443555057243,2.314859362059462,3.9547879496623533,5.0,2.350164585303101,Product Manager
1.0,3.1846242216754783,2.1338105262813323,3.9076095836786036,4.535906899618231,2.297619182027582,Product Manager
1.351727272209658,3.056801012988942,1.4648487921426776,3.736275483537273,4.969833638789967,2.3442472749910466,Product Manager
1.0,2.718098267847812,1.7986637200288988,3.9583892102984852,4.349337357987577,1.8912336108133334,Product Manager
1.8447582178437052,2.481204064255172,1.0,3.729415451607249,5.0,2.557336219497831,Technical Program Manager
2.0449170610642278,2.595805581385366,1.0,4.148645813852703,5.0,2.7914889087108197,Technical Program Manager
1.865294690833666,2.273196777445238,1.70138215529035,4.343728198939014,5.0,2.2024838915218923,Technical Program Manager
1.7022550037553565,2.8327269855381885,1.0,4.444975048038043,5.0,4.030967478001807,Technical Program Manager
1.4770580862411318,3.058661748417137,1.6614091345752107,3.8731907605265232,4.716506043078661,2.0669911632277547,Technical Program Manager
2.5663112288858745,2.9903696219633176,1.0,4.14192864491443,5.0,3.0841295511772957,Technical Program Manager
1.8914509688366623,3.8111790793816827,1.0,4.809661038161653,5.0,3.1755850713808655,Technical Program Manager
1.9433626233609225,3.4869783467729603,1.0564958837889977,3.5339343924432343,4.517253904500982,3.211242310967136,Technical Program Manager
1.5463105574167522,2.9688844715137503,1.5285922692755456,4.151985088947167,4.638932564835626,3.70499375580807,Technical Program Manager
2.2739376184973508,3.5088964936020446,1.0,4.165426439131373,5.0,3.850144321148996,Technical Program Manager
1.2680907079244792,3.6030572945972663,1.8221901428506224,2.9913555113605104,5.0,3.308810407170351,Technical Program Manager
1.8364961686740469,2.754952769966855,1.3339269566439111,3.692509123294684,4.891375335790951,3.406217450411961,Technical Program Manager
2.877021525163432,3.268992136271009,1.0667422477072557,3.7418012576696147,4.494699979674472,3.554789120750475,Technical Program Manager
1.9232750744365577,3.5753516373333643,1.0,3.675355669319494,5.0,2.9617320303658,Technical Program Manager
1.3972356976946312,3.908684164890924,1.0,4.463795760587107,5.0,2.3702686175428216,Technical Program Manager
1.4988061776917578,2.849245330149936,1.0,4.863228185939344,4.899912181600744,3.444874521407034,Technical Program Manager
2.256818694500102,3.132011224498177,1.020160605369794,4.618565353894349,4.587453513332492,3.863167655228293,Technical Program Manager
1.3563884097479524,3.3907558628112118,1.0,3.84214722388652,5.0,2.756652325585243,Technical Program Manager
1.9091652151915546,2.306514776034603,1.0,4.2491323535979415,5.0,2.6547359870892464,Technical Program Manager
2.662138881564836,2.3900345500048923,1.0,3.7471718609107643,5.0,3.024081845568597,Technical Program Manager
1.9459173767327016,2.0778916480663803,1.4325172403160464,3.8910870925841317,5.0,2.6257183899530614,Technical Program Manager
1.5470856185914637,3.7496438792378433,1.0,3.472900486108614,5.0,3.320373190499327,Technical Program Manager
1.83726873412879,3.6232981571443266,1.2234300581980044,4.11633004598721,5.0,3.232619108607247,Technical Program Manager
2.2528462506487266,4.097986526447978,1.0,3.917976405925898,4.381553406214643,2.974051306589491,Technical Program Manager
2.9314434497724093,3.492242501217328,1.0,4.0150206822606425,4.351780812207503,2.515440327850847,Technical Program Manager
2.074720576306859,2.752772698589774,1.0,4.244920382368946,4.958874956673338,2.2162248141544802,Technical Program Manager
1.0,2.714994250712873,1.0,3.0655442967646733,5.0,2.9511445550673536,Technical Program Manager
1.8672768108872484,2.9057970919246254,1.0,4.205488082507085,4.93464983663373,2.621295672010294,Technical Program Manager
1.6961856577375,2.3862706433938525,1.0,3.880186059608743,4.783858335435018,3.027577278670793,Technical Program Manager
1.960744147619122,3.1153842693323037,1.4715485184607973,4.29651173860654,5.0,2.5761328850868854,Technical Program Manager
1.7456925529556715,3.326798341972984,1.3357388357160431,3.660689691231559,5.0,2.528233941677029,Technical Program Manager
2.240527862070897,2.9868518995671796,1.0,3.7829630891202966,5.0,3.1013901814024973,Technical Program Manager
3.1502249883591302,2.2780367350624817,1.3753708963319211,2.732831904096442,4.999882257542608,3.3156086888256606,Technical Program Manager
2.418945047498138,2.6003651377097934,1.519545210988368,3.7331426199776527,4.917951374443802,2.783338890321683,Technical Program Manager
1.4318053246338343,3.7848597937104294,1.0240089085790385,4.543659189329314,5.0,2.5160298928635085,Technical Program Manager
2.608063623835801,3.251707121774661,1.0,4.224425415670752,4.488516057565966,3.80322918398932,Technical Program Manager
2.4068933724610484,2.9644257189044825,1.632401809108592,3.2090061776482313,4.625329349939979,2.8737901391298144,Technical Program Manager
3.117842340712759,2.4647585495632973,1.0,3.277807242750865,5.0,2.7029038647305716,Technical Program Manager
1.9204566678156934,3.3814163208372423,1.0,4.102073302254028,5.0,2.7846618040198923,Technical Program Manager
1.916841470035158,3.1209777011605055,1.43408963652661,3.6038153679096756,3.48971203908511,3.3397915746928235,Technical Program Manager
2.4638579593750425,3.100017081065086,1.1341466094782677,3.7178450529299147,5.0,3.4265834098420944,Technical Program Manager
2.0282481707092423,4.245624165003633,1.0,4.081480835428174,4.412823518841343,3.439922961978445,Technical Program Manager
1.2092622859789093,2.3330392286411508,1.0,4.132916084927699,4.702264305669192,2.7072793687004535,Technical Program Manager
1.9095547725369575,2.878879920469247,1.743724694159262,4.3429555598344844,4.837711630107678,4.048505955606807,Technical Program Manager
2.2458305874280047,2.5155189723432256,1.1282568699959221,4.267756272432657,4.656187640469326,2.4737455445969805,Technical Program Manager
2.043229545021221,2.8198891143469824,1.7395639442277213,4.3705779120424575,4.67961236295671,3.2129690554742942,Technical Program Manager
2.63356407136237,2.303097777050175,1.0,3.9944156913602344,5.0,2.9739012472685697,Technical Program Manager
1.844611410606161,2.83696983877399,1.1921290684108143,4.5669712768195865,4.759523635155786,4.219199672585327,Technical Program Manager
2.9803457178701582,3.6646278147900406,1.311241667280781,5.0,4.854942317500296,2.5836977940048826,Technical Program Manager
1.7370139702980079,2.4985285984549592,1.060900661156685,4.149915232063871,5.0,2.9937843239091,Technical Program Manager
2.0665772640858076,3.8681619044249445,1.310025933819542,4.461254398302411,5.0,2.1922056507659615,Technical Program Manager
1.0930587647652446,4.041404995104258,1.0,3.6916243279240337,5.0,3.2752014891649637,Technical Program Manager
2.3384310686672065,3.887209266440002,1.7503681913289708,3.594533387680589,5.0,2.8079545408946007,Technical Program Manager
1.9312456277846117,2.453005397024319,1.0,3.9842191436838554,4.5220090419443775,3.463906839286018,Technical Program Manager
1.8594608782399393,3.1542951094749365,1.683762876957716,3.257352409108946,4.6376913057251565,3.090441812282925,Technical Program Manager
2.15626240791163,3.551748750636163,1.433576564520299,4.04846681286537,5.0,3.165537945495245,Technical Program Manager
1.2651438176631222,2.9218122613225193,1.124236608998546,4.229275429392553,4.5378182799679205,2.3656010437355546,Technical Program Manager
1.8827337037409597,3.9836830555457468,1.0,4.586964123677404,5.0,3.0227332631165966,Technical Program Manager
1.6600760326732744,3.2564097818291127,1.097495146049748,3.5704480099048457,4.670598586814112,3.2267899260726653,Technical Program Manager
2.466720204084274,2.838604899342306,1.0,4.33431928525554,4.9137565579130325,2.8503365133520577,Technical Program Manager
1.622329590136387,2.6136576883129843,2.334441379111628,3.9018991699604593,5.0,3.8419966687595353,Technical Program Manager
1.9082088552534204,3.1842149042173844,1.0512392410165161,3.1939088246706615,4.224013493875919,3.0244242334521365,Technical Program Manager
1.787543230695702,3.945790169196795,1.0,4.975464498534063,4.761804301932228,3.956100210304467,Technical Program Manager
2.253212248473673,3.2816459478855986,1.0,4.288458590201844,5.0,2.927586252969931,Technical Program Manager
1.830301592316691,2.8766187305699558,1.8100558025032185,4.427675603500544,5.0,3.1568113552421346,Technical Program Manager
2.019659678388916,3.2119720195353163,1.53507926720627,3.8764408787060676,5.0,3.1829152785329384,Technical Program Manager
1.0,3.441746713552597,1.0,4.4295863803369935,5.0,3.1649462986906043,Technical Program Manager
2.271840449438347,3.5494353939219936,1.0,4.3967148298512395,5.0,3.880041298769239,Technical Program Manager
1.4471098569701484,3.2042580324938843,1.0,3.498038991149251,5.0,3.0387279073980693,Technical Program Manager
2.5725007392609927,2.8269117752028956,1.0,4.105752131169092,4.569085574281772,2.6384650774920346,Technical Program Manager
2.5580493328862763,2.7255224793594457,1.5912382832248428,4.303656290334147,4.226234487255533,3.265189345918894,Technical Program Manager
2.261239911547064,3.2114643042556428,1.0,3.529966272304074,5.0,2.949210205638582,Technical Program Manager
1.558296919832316,3.228734343044004,1.0,3.5254569858574394,4.812263693898781,2.667301117840963,Technical Program Manager
1.5438788740077127,3.4032058811308796,1.0,4.626139972757946,4.572745261135032,2.136219481181832,Technical Program Manager
2.074385174624708,3.9279894609032078,1.265493414681001,5.0,5.0,3.117776105644045,Technical Program Manager
1.0,3.213973720294264,1.0843338800096456,3.7962894008977317,4.931610566470465,2.9659497128289103,Technical Program Manager
1.910035423533968,4.04485748156298,1.0,4.084656861926929,4.798049458306896,3.39171559332194,Technical Program Manager
2.0883818499861033,2.860044713414759,1.0,4.121654112644375,4.845211863210125,2.9696296715564494,Technical Program Manager
1.4087710263773334,3.716641086360098,1.428371587921936,4.7153529988203156,5.0,3.2961586510637306,Technical Program Manager
1.4288587456367785,3.921693582035929,1.0,3.8657961879625193,5.0,3.3782703935937026,Technical Program Manager
2.286118363472279,2.799855759335455,1.0,5.0,4.980343030750083,2.919114307680582,Technical Program Manager
1.6432217545306234,3.122335174535479,1.0990114002890354,3.9918868956478524,5.0,3.881768751221177,Technical Program Manager
1.7024736468545507,3.02154187110106,1.0,4.147349180412814,4.71576524931279,2.737278504282905,Technical Program Manager
1.270238312972187,3.048897391409837,1.2148848109524886,4.930238176596148,5.0,2.7751579383513403,Technical Program Manager
1.320160456156955,2.389356497167261,1.0,4.9390210177246905,5.0,2.7085168903690535,Technical Program Manager
1.520070197423368,2.5719460798030394,1.0,4.658127608127576,4.985028276471125,2.2762667913630255,Technical Program Manager
3.155229637365186,2.4299194303170513,1.0,4.655072193816941,5.0,2.765038500187895,Technical Program Manager
1.3843165369530825,2.5166549455374865,1.0,4.003515898924775,5.0,2.925672685684329,Technical Program Manager
1.9803930930378353,2.4746384024028396,1.1465680531119444,4.640259318418498,4.918604159125215,2.9088566467852632,Technical Program Manager
2.0415005260264243,3.5591024298796956,1.0,4.7254236678660675,5.0,3.014340347849434,Technical Program Manager
2.60661941833216,2.4089689630617723,1.2610227681223543,4.215154782253308,4.532272467803104,3.2303190614769104,Technical Program Manager
2.141652589690243,2.9106309401550328,1.4314087776151663,3.7141228738211676,5.0,2.9341631087723408,Technical Program Manager
1.6926515884961661,3.2514423425593857,1.0,3.2634967706452267,4.099466947641008,3.394528734041601,Technical Program Manager
1.3896999463865847,3.139692246700303,1.0274759468140753,3.81573411151455,5.0,3.089837009230223,Technical Program Manager
2.3778167413410327,3.1424081076699046,1.0,3.990455624882029,5.0,3.544052646300215,Technical Program Manager
2.9759932158443005,3.110821046486442,1.0,3.779741527820094,4.4061109041007045,3.3835220644376385,Technical Program Manager
1.707041841961376,1.4723410268402448,2.2318878491649654,3.714699430755842,4.711704537257095,3.8358058463301834,Technical Program Manager
1.3958742746012422,3.568302943266583,1.0,3.3381022777015703,5.0,3.4615484735312636,Technical Program Manager
2.4600004922575214,3.183827773394387,1.29955081653884,3.383920987625978,5.0,2.5356184997745776,Technical Program Manager
1.3055297404684727,3.205476665354016,1.5790747778297722,3.808315587885968,4.893993553832729,2.43092467745848,Technical Program Manager
2.003608573043949,3.380038056194207,1.3957638683638864,4.272588087815466,4.690784416402733,2.6749354782864243,Technical Program Manager
2.3977022366204666,3.4059994661083657,1.0,3.786914046217157,5.0,2.820025667593377,Technical Program Manager
2.372966112261891,2.9315784125709508,1.0,4.806156070011851,5.0,2.6446280100559583,Technical Program Manager
1.3045971661123978,2.354999600881583,1.0,4.962564441766796,4.707669060662878,3.7237274161731024,Technical Program Manager
1.934618165698458,2.409424804449159,1.0,3.3595060381312782,4.572015774018073,2.5571259690620414,Technical Program Manager
1.0480980662593669,3.756398034407363,1.1055085151111408,3.6568607971909493,5.0,2.582259803178969,Technical Program Manager
1.0,4.478345816613275,1.0947999383385298,3.7054934803426174,4.033042594161284,2.25292510242872,Technical Program Manager
2.8272459647774526,3.7509692743992336,1.376607517999474,3.4424614807950933,5.0,3.2248913089721762,Technical Program Manager
2.3274622241757674,3.2230854722216233,1.0,3.4009195246265564,4.7448909167958195,3.3218198537665566,Technical Program Manager
1.3097839588784268,2.912326792527905,1.0,4.396369844663789,5.0,2.4948870354739334,Technical Program Manager
2.723343084743651,2.4183800856248547,1.546119720950375,3.724927550825801,5.0,3.1129937300521524,Technical Program Manager
2.0988537203543975,3.337249599217285,1.1957297489667664,4.391824564935269,5.0,2.367772370537078,Technical Program Manager
2.1348995372789936,2.7180650487473335,1.0,3.85508005366135,5.0,3.124837513993892,Technical Program Manager
2.5280123725701342,3.6536545594857888,1.1681404153786779,4.258553188504704,5.0,3.383612731824792,Technical Program Manager
2.2434940694185324,2.972755953071098,2.07599128350215,3.7269083182790905,5.0,2.3228535368365315,Technical Program Manager
2.4068082682257277,3.7182841758634186,1.0,4.069475286527547,5.0,3.1259818020640333,Technical Program Manager
2.1890779678034815,3.0681115811883317,1.0,5.0,4.7482310683421005,3.217080619389453,Technical Program Manager
1.6765801614572864,1.8620684049896508,1.0,3.276196653862431,5.0,2.6965659919777725,Technical Program Manager
1.7429543304100186,2.467834643698132,1.0470176993575513,3.6417707418193594,5.0,3.1510196615445802,Technical Program Manager
1.7140871071377761,3.4251165259185097,1.003970261511619,4.010748452844975,4.268682548134037,2.964456933607343,Technical Program Manager
2.1607723196589994,3.6667834110991726,1.0,5.0,5.0,2.2402940619830964,Technical Program Manager
1.5774009429572218,3.7104995821084095,1.6216145714811971,4.009046740780251,5.0,2.4176948631370143,Technical Program Manager
2.660721370117671,2.5061164566127663,1.4223705555617088,4.676021184332569,5.0,3.4838056830610995,Technical Program Manager
2.923819854012847,3.133984399605369,1.0,3.9665735712242416,4.628506048663956,2.6172081036315635,Technical Program Manager
2.2212033819128516,2.918025088925358,1.1637845884256328,3.2550319250737143,4.95369058740643,3.5150589250452318,Technical Program Manager
1.440537861511991,3.0082632070672757,1.0,3.347268988863413,5.0,2.845357853343525,Technical Program Manager
2.9110364327692713,3.2162215552121562,1.2652978324446622,3.4617589750525504,4.807447311577773,2.633681908976194,Technical Program Manager
1.467279130224707,3.3319465630480676,1.4322579328843397,4.199468597083724,4.5859664033870065,3.1653650175487313,Technical Program Manager
1.0436607992671718,3.66150463435402,1.0,3.4397705087807684,5.0,3.1020797801210227,Technical Program Manager
1.9636257007741078,2.4449360295088516,1.566673996801646,3.1570253994653745,4.258365504775778,2.9465086140227594,Technical Program Manager
1.367883009077806,3.6113126381379628,1.0,4.778513576105156,5.0,3.617527867753792,Technical Program Manager
2.943552991476623,3.0406139620478827,1.0,3.9484960621156793,4.716667197295519,2.645404363743139,Technical Program Manager
2.075426718403416,2.844147892896127,1.0,3.877298803706371,5.0,3.478208603296348,Technical Program Manager
1.1985380434045052,2.848399456835729,1.0,3.4087399888861842,4.940147133479651,3.073997804770014,Technical Program Manager
2.2594172726404955,3.038579012815835,1.0,5.0,5.0,3.2763598723249334,Technical Program Manager
2.502415628505468,3.1223045859052387,1.6431504427609775,4.028435975142882,5.0,3.317614239395602,Technical Program Manager
2.7881787731454617,3.756024307644654,1.2964237991299978,4.2583059292884,5.0,3.4928104566682987,Technical Program Manager
2.649365969706621,2.881707957998075,1.6590306449186958,4.171497557035653,5.0,3.6909746607669973,Technical Program Manager
2.3735311250453393,3.4579977815764202,1.0,4.7491557718748405,5.0,3.063032858920249,Technical Program Manager
2.5505371934465515,4.29391524888025,1.0,3.598133688538359,5.0,3.213347421152187,Technical Program Manager
2.095434839315784,2.9423071291689173,1.6042180004857198,5.0,4.667405729633328,2.951561636405333,Technical Program Manager
1.8246364357160672,3.366432488409639,1.6111967188252874,4.810466392666559,5.0,4.259666395621808,Technical Program Manager
1.7126235083962935,2.5827297237836477,1.7346721466581045,4.061416159798168,4.31202983829236,2.8419685141812754,Technical Program Manager
2.127829327048637,2.6768758810463225,1.0,3.896185431737062,4.467733289819145,3.317565519490116,Technical Program Manager
1.0280975765535767,3.045212463982711,1.2597549440541513,3.9547293801258117,5.0,2.314719382897932,Technical Program Manager
1.6494552493119428,2.834982676874555,1.3563622847046533,4.10925379302306,5.0,2.5971070515130537,Technical Program Manager
1.3025055507096743,3.8945444914665304,1.0,4.341531355699522,4.510664978989015,1.965340824576157,Technical Program Manager
1.812608103093384,3.44974998123858,1.0,4.2880473640724155,5.0,2.364154929240348,Technical Program Manager
1.8861193556438147,3.788537411163582,1.3252963099818715,3.8692537677119896,5.0,2.657368345764776,Technical Program Manager
2.5568478391925122,3.5566300323010696,1.0604529575430273,4.115353078228847,4.500601562497164,2.3239817864660854,Technical Program Manager
1.8116976280292345,2.9562991451544107,1.5313137486939943,4.461213875309156,5.0,3.5952694921863935,Technical Program Manager
1.5282569105927983,3.538668443639185,1.0,4.619847265032122,4.9933267676150095,2.0008566617311314,Technical Program Manager
2.365078582015721,3.4047728797503902,1.0,3.8143702108029918,4.920227360057698,2.037424093686864,Technical Program Manager
1.0,3.6508128190651945,1.0,4.927632054788182,5.0,3.7835976571348695,Technical Program Manager
1.6748505237664226,2.1957994065347095,1.0,3.7767726364235443,3.81338513357468,2.7622871554379165,Technical Program Manager
1.8991609862444445,2.352789514206653,1.0,3.8897007394095993,5.0,2.5545886659998778,Technical Program Manager
2.1461263047881345,3.0684230039939275,1.0234429295091954,3.6739929380717116,4.333310201982309,3.84822598995037,Technical Program Manager
2.315152958228713,3.502865826530369,1.0,3.9179872788699313,5.0,2.082655824773877,Technical Program Manager
1.4426782653234276,2.6011125609858134,1.0,3.560152160264923,5.0,3.040723617231418,Technical Program Manager
2.6964323448756886,4.236879578556281,1.0,4.073652606984223,5.0,2.992900965117669,Technical Program Manager
1.4575877145172491,2.541401277178725,1.1202028059580595,3.527324963346382,5.0,2.8770251077271976,Technical Program Manager
2.070828951560641,2.523349764782783,1.0787346211672681,3.559523708261705,5.0,3.6696980612195786,Technical Program Manager
2.130491925008035,3.1609351911915287,1.408603258748774,3.2982208277633687,5.0,2.472205003693815,Technical Program Manager
2.4398304986844686,3.3734549936281613,1.0,4.504443068383381,5.0,3.9449893222011285,Technical Program Manager
2.0966893756706466,2.945728334238701,1.0,3.128322364324413,4.84088621762442,2.8620508028705616,Technical Program Manager
2.1310290912787173,2.2884484445587674,1.0,4.288125696011058,5.0,2.0700924119313364,Technical Program Manager
2.353203304326612,2.876713043439254,1.0,2.8177423150720813,5.0,3.0883994425056476,Technical Program Manager
1.2342697867386465,3.187600787458233,1.1722392204235121,4.611272076466495,4.845155615354561,3.005998034469293,Technical Program Manager
1.678596099881046,3.298974306996369,1.0,3.5535047414598853,4.96610123111004,2.387068114348086,Technical Program Manager
2.8010656092696173,3.9636333638709376,1.0,3.3067024967214174,5.0,2.758948741015538,Technical Program Manager
2.587340566264016,2.6064267022350482,1.2722566112142213,4.056996794695847,4.661869244693295,3.120024914245971,Technical Program Manager
2.4392662792374247,3.0434242595276984,1.0486423325631293,3.563608286073163,5.0,3.5222732890715918,Technical Program Manager
1.7947204056567516,2.937855770258502,1.7071103363451634,3.4332145894762722,5.0,2.720693113434436,Technical Program Manager
2.8890389383758204,3.0317233643326684,1.630189259070021,3.6193363257694355,4.375735658837866,2.882870271399444,Technical Program Manager
2.131341728973418,2.7446341589917935,1.3791537131374836,3.8950232160947853,3.959281419116697,3.2764059895965003,Technical Program Manager
1.5587314704264212,2.8192013091617407,1.7765656017696778,4.8864058620605455,4.712253282453594,3.28889331531592,Technical Program Manager
1.7238627547886778,2.8565635105506986,1.0,3.1378281598017574,5.0,3.1440826934730834,Technical Program Manager
1.6644991273444307,3.5438958557185547,1.0,3.6813940875704927,5.0,2.2286590050137356,Technical Program Manager
2.453339515851403,2.7989154213028185,1.4946430381970448,4.6440652629145776,5.0,2.5940133536358445,Technical Program Manager
1.3745841467577977,2.282963668332382,1.5514553508506554,3.932599943899908,4.700389102734576,2.933958924230554,Technical Program Manager
2.5403106044770842,3.3893698926797753,1.2192530778544273,4.3189430287132025,5.0,3.1510565286482124,Technical Program Manager
2.1105126155755234,2.9999693771862233,1.376686941915641,4.180641053100198,4.559642484446521,3.264437192761327,Technical Program Manager
2.1236235331896522,3.3057067344575497,1.0,4.405870156883579,4.969295724566922,3.3619398433002723,Technical Program Manager
1.7717642420247446,2.806372972950524,1.3010262616050623,3.8341133031276278,5.0,3.2832224933895136,Technical Program Manager
2.0124617430771004,3.4099503883794244,1.0,4.461507409616509,5.0,3.626767028889775,Technical Program Manager
1.7795952343257113,2.3886333729311273,1.0,3.8591847420136265,5.0,4.097506014563875,Technical Program Manager
2.1723311523219913,3.0046953040093,1.0,4.4123451751054334,5.0,3.892925445594136,Technical Program Manager
2.568988306302917,3.5616512655569283,1.4161549431270573,3.9763546771457325,4.631725888729602,2.9895929553360294,Technical Program Manager
2.2111698010656764,2.2731830506408524,1.0,3.587033822704363,5.0,2.7251457989216448,Technical Program Manager
2.1641101659904938,2.6499898535322117,1.7988496629804578,3.1496215317327074,5.0,2.361371165780034,Technical Program Manager
1.7453336747575745,3.1030933518422525,1.1276785156584188,4.114633420547706,5.0,2.6790778690632786,Technical Program Manager
1.9179733384555946,3.0158170080894573,1.0976801983794413,3.9671597635965057,5.0,3.046693485075471,Technical Program Manager
2.100662983810807,2.808673825844241,1.0,4.0770144653662355,5.0,3.2219306153652068,Technical Program Manager
1.5912530293926042,3.407370012909302,1.0,4.357326990240144,4.81560206755192,3.176653219913685,Technical Program Manager
1.7407513316878267,2.7534737517648327,1.0,4.25603740958058,5.0,3.2132213581304714,Technical Program Manager
2.1376652805659053,2.6188749833383484,1.48294963224679,4.496389650046135,4.605881267414708,3.266061995674979,Technical Program Manager
2.4374955926839883,2.7649508633281394,1.0,4.267056704105893,4.244835115292849,2.4557413892330002,Technical Program Manager
1.5051124960652191,2.1018418175872524,1.5424698870937403,3.0059340929041665,5.0,3.40584169737761,Technical Program Manager
1.8532020227933663,2.6658161876343773,1.1164212253683197,4.000916500297241,5.0,1.6857394298010213,Technical Program Manager
1.540646261925936,3.2807884419580278,1.0252237213872302,4.376017079598434,5.0,2.9326314683793435,Technical Program Manager
2.848855778453248,5.0,2.7674731370157555,3.247752549047611,4.0392319467242075,3.2690662746767174,Tech Lead
3.413417358936454,4.209413342852255,1.624309938306721,3.8922553838622553,4.12310411387701,4.006965015194908,Tech Lead
3.0935737434386668,3.877173323937233,2.692070062023232,3.1505934790388834,4.0667113172546445,2.399817897178703,Tech Lead
3.3301089025679143,3.753344808522046,1.776104395463013,2.7547255772974144,4.219516917347652,2.2323118632121552,Tech Lead
2.8945773286370966,4.490139495554689,1.3771655653299963,3.0864394804672926,3.684300289864583,2.7981534402671833,Tech Lead
3.8275761301949536,3.1747554082274956,2.3828151690858084,2.761035865611394,3.736168007427166,2.4442188287558664,Tech Lead
3.3769498186368176,3.904297691857992,1.8411652931026739,3.0549184646020375,3.9148564371291,1.9996560601232378,Tech Lead
2.7545879085113207,4.447720445474162,1.2466917679438458,2.4550310500718227,3.786604302300737,2.6371882906814292,Tech Lead
2.986057258929196,3.4534616241606297,1.8060727380953134,2.976002734200333,4.324470208103985,3.622394693049798,Tech Lead
2.8692264230732802,4.944030120622912,1.908047709727738,3.4144375741282653,4.965753867363389,3.069654204617968,Tech Lead
2.3132366892112324,4.045451928603816,1.6941785558975446,2.862783986513774,4.992488441247607,2.388618288388062,Tech Lead
3.1502334111529295,3.561139359839138,1.8461710293995428,3.372421167602242,4.159081971736511,2.8874838655192057,Tech Lead
2.6750998373676858,4.158039096076807,2.853843358576685,2.549324028688188,4.955831942728886,3.5997487253625757,Tech Lead
3.684676683788884,4.1542161904648,2.585564887754947,2.495584358774687,3.665978046075744,3.382906906960196,Tech Lead
3.1479225276119083,3.9258103707511154,1.0,2.7822629759809145,3.412973109850867,3.246767155655751,Tech Lead
2.9044157357163822,3.6858497279167475,3.321455241312152,3.5190872383471175,4.527936070678029,4.101107572341086,Tech Lead
3.4010958913415545,3.614522995263567,1.5560518241541317,3.4824513793771175,2.970322860112412,2.961110184495217,Tech Lead
1.914437811221776,4.0494217541947535,2.4270351253559768,3.1397077673018163,4.469054679485299,3.9824134708299574,Tech Lead
2.9282307813689954,5.0,2.1063349780850773,3.4745825313451797,3.6944686427174664,3.809656989815341,Tech Lead
3.520855099271315,4.735725651283999,2.0272522108869775,2.372291217808355,4.230198719812703,2.151490093338242,Tech Lead
2.831907098189024,4.095540218316125,3.188612146255384,3.1592743059709703,4.06976873454152,2.9684837879823536,Tech Lead
2.3289545476174913,4.042912920006504,2.0514413380683862,2.5156957522731416,3.406627192785818,2.7592146586161332,Tech Lead
3.0324664892863464,3.771222909309271,1.4745622751742393,3.144636126002153,4.269433412084615,3.0606488546111175,Tech Lead
2.7185086430615333,4.297420510616129,1.9047313551365095,2.405458146327425,4.518122177500699,3.176754009633245,Tech Lead
2.9403548471521304,3.2144738975826375,1.627569860432394,4.009282856191463,3.2458289690596516,2.874325360179154,Tech Lead
2.99183211882319,4.160238394705777,1.2514145320867929,3.0870881282023,3.15694726876416,3.0487143980977556,Tech Lead
2.6738010404952086,3.5670653665410947,2.417408579333794,2.8821968783180587,4.236855402453786,3.2534134556889085,Tech Lead
3.634976744477551,3.3958711291894876,2.459507831259878,3.0082308112190237,3.810937709815203,2.425374740404859,Tech Lead
3.303295430771431,3.5388877393330573,2.2589032934885713,3.963915386483566,4.489988520179664,3.6957171625753245,Tech Lead
2.640497611387484,4.3813665230659975,1.4278925224318049,2.883258548712693,4.87063602810956,2.6960788967867577,Tech Lead
3.5556780920865467,4.507823366499857,2.537370625110419,2.3664990119393634,4.26260048300784,2.9217007170415683,Tech Lead
3.544248428764556,3.1724998001365776,2.1838939445328016,3.1131876014200333,3.0049416313755324,2.5572898219525113,Tech Lead
2.0849238934415744,3.6368223490385465,2.274608542332574,3.097682787824304,4.084700040296775,2.4801259455343088,Tech Lead
3.560225245755266,3.99059016081933,2.016851906128754,3.470199784473065,3.5043271261537305,3.1142738849359617,Tech Lead
3.21173124580071,3.727215924853076,2.3261866903798882,3.2385615853147836,3.9494116438612874,2.9339245549325694,Tech Lead
3.2617738289356524,4.394235520006595,2.03144995870332,3.5600947302034234,4.329262981215292,2.1057680251365927,Tech Lead
2.297551651228929,4.591117609510831,1.876613434264551,3.082087911398737,4.569645258829572,2.9967943913140793,Tech Lead
3.0186338047946744,3.5656353836041355,2.1849972536137603,3.2932561094834116,3.711059081498572,2.5389893108470667,Tech Lead
4.313144627597614,3.9535457650758583,1.6581538301953542,3.3532932226461307,3.974602982386054,2.4571168383689486,Tech Lead
3.2415267858257226,3.573439515462091,2.788229001077817,3.247252314876201,3.861559787736958,3.0546735090110566,Tech Lead
3.451644060549097,4.092980626780399,3.0610547286167744,3.5679337581977624,4.243803683780561,2.531507063245758,Tech Lead
2.9265559480490047,4.239437485026226,1.5885692921209307,3.6467134374814747,3.5129213291109798,2.681387150977049,Tech Lead
2.7188504075525595,4.371912230316567,1.5975318164146135,2.1000117147904724,4.544019417880857,2.777806857447219,Tech Lead
2.4657461839240318,3.62257072339873,2.858381374592175,2.6714781513635444,3.9383159473115494,2.776540818856992,Tech Lead
2.383668728283122,3.628640718876518,1.3494457964967526,3.477940637840357,4.050439532306798,4.24133888108716,Tech Lead
2.6455446375047056,3.5705698769271903,2.7668798841776643,3.528988516034067,4.192382510885511,2.443154242455864,Tech Lead
3.8724981338639672,3.963948420114826,1.784662435752482,3.57147986845914,3.988852439373135,2.4171649571840588,Tech Lead
3.020151299749291,3.609325599214618,1.0,2.559144903924934,3.7361322145660747,2.422177445353476,Tech Lead
3.287623266057019,3.6112761213356093,2.239213100417228,2.3833401318158427,4.45460946054127,2.3617587366667543,Tech Lead
1.8292347953044634,4.618631292581614,1.5720530981344143,3.878464529099704,4.282295950604035,3.3951316591906266,Tech Lead
3.522736250233036,4.056339673124534,2.0620277089192696,3.6406700120971545,4.055679247849049,2.635911576601695,Tech Lead
3.2928792800811117,2.9431782928075236,2.6597794007801068,3.670219567982546,4.59908333406154,3.579885981188847,Tech Lead
2.9579123373294385,3.9466588077534888,1.3851799551145718,3.8740206258555236,3.757490913486861,3.1699426548759404,Tech Lead
3.127022641477389,3.329790409197922,1.1276624879383972,3.002793310433674,3.7731219411942454,2.9552815703783324,Tech Lead
3.5327078151016162,4.112472075268512,2.3792612703823655,3.222664081087789,3.841832903380084,2.499098416403468,Tech Lead
3.132358934056734,4.041946309673046,2.4575781687523737,2.9245499651387536,3.8513292274422386,2.8852503081092,Tech Lead
2.540636682497277,4.723454972410229,2.569814377307881,2.3934850855209766,4.401974070986275,2.077497468033817,Tech Lead
3.4926446165555114,3.6518247744461623,2.179950278839126,2.035245155229164,3.4006478841610246,3.234351483624705,Tech Lead
2.64954590830861,3.5800185648139005,2.697930848726049,4.105479605636438,4.468506968409741,2.4540597141324683,Tech Lead
3.8817596664088496,3.2192838701758086,1.847754272962337,3.0273888834936864,4.962018921919374,3.4563295687758626,Tech Lead
2.7681211526002403,3.527521864610125,2.501096326901627,2.7333205213898224,4.108370043932488,2.315111755370442,Tech Lead
3.2846289276121,4.244347572873739,1.3791899691709142,3.5158115564358203,4.277372904121391,3.3700121263900487,Tech Lead
2.8106606536249346,4.089478205643221,2.0316894344326624,2.9259147976228848,4.085251639082923,3.628221486898191,Tech Lead
3.5374753193519632,3.4090696612655718,2.49270090845347,3.5955716863740177,3.924411163323817,3.2542235518988885,Tech Lead
3.247000833651509,3.5750166916628494,1.809021856235836,3.3754051194258037,3.7520888815842746,3.487749779631154,Tech Lead
3.6524862204248807,4.571835920990235,2.9899023015847286,2.954633858854444,4.088600536984531,3.16033152388132,Tech Lead
2.969801037504631,4.271089487050822,1.1443979854940056,3.1024526943462596,3.3112816750585523,2.5186883611962108,Tech Lead
3.366444905514957,3.90044188077549,2.348807237357903,2.889611698199435,4.553203158195577,2.8804596471893484,Tech Lead
2.0225407552184382,4.112696291005635,1.0,2.2736395487337964,3.558526735500715,2.4961452611149064,Tech Lead
2.7274745977918573,3.478966088234447,1.2970236682071636,3.770917872420387,3.660927726804052,1.8846161734263012,Tech Lead
2.8195408134953714,3.437634470986223,1.5575161863535931,3.355171240676243,3.775921190607391,2.4237016993910574,Tech Lead
3.2231267549786224,4.574970415304543,2.2684360813199222,1.7732222141747873,3.442505248801493,3.0237242653181027,Tech Lead
2.8778502973679925,3.8363624230304016,1.508621653579583,2.2972079584612803,5.0,3.013555476569456,Tech Lead
3.321060894433709,4.003125586791905,2.0231743493189946,2.9689483000953563,3.439777070462784,2.242755270982876,Tech Lead
3.1931126868724933,4.093921203635583,2.4691404492298537,3.3676804133210134,3.5957439036251646,3.566295654460936,Tech Lead
3.3825135975772587,4.345420784928668,3.124663395989404,4.021979381254094,4.344956883277443,3.282598602918765,Tech Lead
3.5408275908848403,3.7080231151648144,1.715085371204475,3.3367107035459567,3.5717619554362137,3.2963847427616275,Tech Lead
3.078416083268095,3.5719049477039406,2.0129332551441497,3.652540796069208,4.0411852253269185,3.0432738238089887,Tech Lead
3.1644926394522983,4.229594261445804,1.8345797669594035,3.175130523983524,3.4754648202046337,2.600464471583056,Tech Lead
2.6644254459621886,4.234881344817054,2.0801164137781387,2.9328202113780235,4.345384994792643,3.1894310413711677,Tech Lead
2.855011610008564,3.4823845785900938,1.5901455993866236,2.266595267303554,4.070284775075413,2.5689306087731643,Tech Lead
2.7523385090080645,3.936204659685568,2.5219975956653427,3.4643952991584097,3.972645764373013,3.6327517447001494,Tech Lead
1.9938257453395696,4.938610274883256,2.3462498571522925,3.0514016425099646,3.5543201596239684,2.780966316934768,Tech Lead
3.3046754477890206,4.316039691765707,2.3341966852953933,2.6357516328167696,3.535076143492395,3.0976026221762534,Tech Lead
3.3849269788857366,4.001592424752429,2.7407421234425837,3.0165687310950555,3.999645678083507,3.3352799955963346,Tech Lead
3.6096150687960193,3.3253723700977273,1.4409941459822009,2.843369281127981,5.0,2.869265718729534,Tech Lead
2.9391085284947156,4.309175964903959,2.4884644514067373,3.084892558227378,4.5821737475201285,2.40301440848704,Tech Lead
2.6169557876286373,4.58124347528982,2.005471557391737,2.3687746974956676,3.3387310341913965,2.5945295973276474,Tech Lead
3.001062771078958,4.233689784863394,1.8354700000279303,3.1924995946197594,3.7814667566531925,3.6119601008084588,Tech Lead
4.275920047286178,3.803693633957788,2.239966405399473,3.199205412075056,4.069347713129963,3.3266254726706457,Tech Lead
3.2394105944899136,3.764473214807553,2.658272886311344,3.100833123743388,3.807599790084818,4.2216012619237,Tech Lead
2.9418933114222,4.127471920711875,2.0877201722901684,2.935052694524396,4.224332352522008,2.5775000454541876,Tech Lead
3.298271693261529,3.1208229858037853,1.3509651243714353,3.9128622735842575,3.371909986639107,2.0200205739815695,Tech Lead
2.384291915466906,4.870028634598367,1.1040691298636425,2.5220929087042245,3.2709037578415066,2.8629354014549957,Tech Lead
2.781989550909632,3.7596217466364834,2.9280668997025683,2.400462341181226,3.9489061101414444,3.169300623160367,Tech Lead
2.509895368963928,4.243294990623301,1.8000947527233462,3.187154533094928,3.9460003742371734,1.974734387216848,Tech Lead
3.6530493563828705,5.0,1.9116229090325934,2.551023974066698,4.753006360587844,3.9451914514337356,Tech Lead
2.9156022942050015,3.8906596923897427,1.9600444511642503,2.1627255553773477,3.854437060653386,3.8574709437746226,Tech Lead
2.91565566961472,3.4799827360638975,2.24834280965224,2.6664006007529437,3.9667739381660367,2.3655756097263603,Tech Lead
2.4816879194066344,4.368829627431796,2.057933389700544,2.611971306578592,4.059767565152452,2.6964266456363704,Tech Lead
2.6081199153149153,4.582017198624153,2.391438776594386,2.9893635751844525,4.072168668624852,2.9958009913328283,Tech Lead
3.2435046295867695,3.6002491707721527,2.4312523666843218,3.176782918945406,3.868471831055224,2.756110984245729,Tech Lead
3.420565470883404,3.924756841924947,1.6505534520850813,2.807715116512838,4.38460232444458,2.19472339937698,Tech Lead
2.8222955472097637,4.535291334837882,1.915891613948371,3.1364083661389204,4.543384482268597,3.446164826698585,Tech Lead
2.779970613480039,3.934803223898082,2.4523819508645066,3.4697347436419492,3.9559749373425293,2.9732271738537865,Tech Lead
3.133841847266926,4.683450345008646,2.533783060328978,3.3466933518995092,3.4606653619680543,2.8625832967258718,Tech Lead
2.8888566631550487,4.709242516301736,1.880567804410181,3.6267214115388064,3.714650664734458,2.7545580211696206,Tech Lead
3.2407270529065704,4.784073352785878,1.8941114353660615,1.718616069069401,3.2179082988305563,3.1489807780822283,Tech Lead
2.262601986609116,3.567218586801794,2.0061709753191286,1.7753163771267695,3.810137105337273,2.4175957210698655,Tech Lead
2.250410141049625,3.5989077803909697,1.4653955374652843,3.2347401089961516,4.598263393341442,2.8177865741944688,Tech Lead
2.701937110476582,3.7928974994210507,1.4459064460307687,2.355629052190161,3.177222773553331,2.335239520840913,Tech Lead
3.8159955035563144,3.6547894823182707,1.0,2.7064715307594964,3.204792731619589,3.0297424699985815,Tech Lead
2.9758231723814976,4.027942818846027,1.9796369606274076,2.8136448476901252,3.272051939230007,2.962672964014288,Tech Lead
3.509462294567847,4.906836541897602,1.8810043363469968,2.9351950273581573,4.250213589544447,3.7466207797360522,Tech Lead
2.756851694747726,4.346325658475169,1.5885903672378057,3.1649244951327513,4.485302088309186,2.354569696726102,Tech Lead
2.737427638990891,4.477391548347501,2.3080806152573974,3.5179730701574274,4.424219823227033,2.8294482360416473,Tech Lead
4.099595074197346,4.0684549953766975,1.0,2.8588268138113504,3.7654143715003356,3.3976245836836387,Tech Lead
2.774407342400935,4.549484997909569,2.279049686203354,2.4999547692649697,3.9298133321942874,2.6122332778622996,Tech Lead
3.092379323426835,3.6092545663824396,2.037217615254531,2.8638471245047943,3.923888372660088,4.02547018989905,Tech Lead
2.8197573866463976,3.032783456191405,2.507913072367174,3.503977950901004,3.0105299131015872,2.6495501893959665,Tech Lead
3.2179052784232614,4.262101630608534,1.9976381182736398,3.008912689466642,3.5307060634584078,1.8000756432721565,Tech Lead
4.024753659091768,3.5156663611466428,2.0882528450322413,2.920576002170332,4.448598776136773,3.057448606741079,Tech Lead
3.076720476546,2.6828408759955353,1.5833304637288734,3.3723165232994985,4.327334112535965,2.524173588191394,Tech Lead
2.210985708639439,4.0632896533614655,1.0,2.4256628738311186,4.880080537577655,3.7225336644368845,Tech Lead
3.2436246793825725,4.153668157240628,1.0249146077378004,2.6296663816754418,3.852415701017112,2.6402931252494057,Tech Lead
2.824878332546068,4.649612212173147,1.729088469364339,2.829530409721617,4.369765643341876,2.2902621406985983,Tech Lead
2.5798977105805765,3.6311387061215785,2.0277960732758737,2.8275189662531672,3.843329545326433,2.6675730064487526,Tech Lead
2.4645848698926227,4.304571462105288,1.8310979405188728,3.3095094900736868,3.444186334759426,2.6673789211251786,Tech Lead
2.8894084860766167,3.9360664815918947,2.377184362966105,2.7847453552038206,4.373371121405437,3.1874720042798472,Tech Lead
2.9465736949585253,3.52435060175174,2.37843763273166,2.5368312663431745,3.9893598099213605,2.97302977853196,Tech Lead
2.896452428691359,3.8053401385073427,1.5889616525191643,2.1915317813149606,4.701902366420176,2.7541382678713755,Tech Lead
2.9359439524412654,3.9328863080330296,2.547802168614374,3.96659711075882,4.079923709794343,2.921498665771541,Tech Lead
2.4382714964202936,3.2782057752936176,1.1130125351779494,2.6020775202382658,2.9545726013434424,3.539414976870056,Tech Lead
3.2115481219967124,3.87417974265761,2.554691990380395,2.4644219612983624,3.5900094723177225,2.0331033598491275,Tech Lead
3.387176847510106,3.5948293568453633,2.007847806637912,3.501288200287339,4.68542537774971,2.9854268242547146,Tech Lead
3.1921187181356783,3.54807487697817,2.8416866715037665,2.916924719850317,4.0401424759340605,2.796573463868387,Tech Lead
3.599624499206878,4.099796961541594,2.380467288706812,3.176979069989441,3.8897953083919976,3.464734280649796,Tech Lead
3.1726580972876905,3.519510469576383,1.5053943080953098,3.074413364515817,4.453728951193813,3.8197102742532016,Tech Lead
2.1113932712095984,4.012829924549361,2.244823831087498,3.1478345674973816,4.504663552516854,3.327766988245751,Tech Lead
2.50724990820983,3.4926041556546346,2.156227428075862,3.4952527122112627,4.071708776476347,2.211033465215861,Tech Lead
2.4764142923418637,4.345757927932666,1.8256774545414338,3.058978651601644,4.532709019575879,2.398895476190022,Tech Lead
2.792878672049023,3.738563593313028,2.177701268263933,3.386444089135996,3.2598662715506093,2.9972318204168653,Tech Lead
3.434664552023106,3.072606774269582,1.9678037792801966,2.392107779608386,3.6792165482252335,1.747482705259239,Tech Lead
3.6963670593775135,3.8220854362982437,1.5964040679820428,3.164133522728575,3.4788448836563752,2.431377735559353,Tech Lead
3.7551645849068636,4.904331514163399,1.703968163858759,3.5336773549580895,4.178020221994043,2.2930843541448254,Tech Lead
2.5359340530751076,4.7755498995984675,1.2866024835879117,4.140499669037429,3.7143189120441105,3.7904074531466168,Tech Lead
2.8472181026785814,4.399951795750575,2.6975165700603445,3.6949769088405047,3.7078172346035148,2.5713059500504367,Tech Lead
2.9593939951244326,3.349760189483011,2.1196320878052792,2.5896016738612424,4.541354886771458,2.714943791890931,Tech Lead
2.12887051525999,4.700457388084648,2.0916840016659317,3.014567445210037,4.547197392473104,3.4357882511490785,Tech Lead
2.6190732279947873,3.7751091969869197,1.443522374970331,2.2677739724375923,4.289296267457694,3.1960921550208408,Tech Lead
3.380414605761258,4.640802720747971,2.3872373974628363,3.431729738152629,2.9610193709139314,2.846507379037503,Tech Lead
3.4822882473349934,3.4158956318973916,2.045835691418882,3.259732220306753,4.221426746919243,3.18439815397915,Tech Lead
3.2994563595227877,4.09037194746411,1.2685358963044933,3.253477767701747,4.142373280276872,2.275125774572273,Tech Lead
3.6898676055432853,4.2669188498740205,1.3098258395112707,2.591387418013925,3.71797397912691,2.717618280599676,Tech Lead
3.146525094409221,3.511824124470869,2.5640683735609673,3.5229017256839956,4.309658654799795,3.0221208876969254,Tech Lead
3.4687237575757686,3.8620261385979955,1.6377555693083954,3.59505482280987,4.158771378509504,2.657971179709304,Tech Lead
2.7911288164792105,3.6317860081173663,3.011087429414302,3.0020492187252623,4.078885655626834,3.3606095239309703,Tech Lead
2.392319508696497,4.548273633143111,1.6960769346060736,3.9150081430575745,3.8436706349927032,3.518820007381593,Tech Lead
1.7516009414404565,3.412433461957015,1.8531964205011868,1.9846085009375545,4.300442224420702,3.1564790627181245,Tech Lead
2.5045861750700613,3.9920206850677507,2.4032386149615625,1.948475241565013,3.3632554918826716,2.8324558503883277,Tech Lead
3.0118618133162376,3.970694289199228,2.4446473927178554,3.2386056228276985,4.34831742028553,2.3050621335978176,Tech Lead
3.07241192739969,3.8464287453810284,2.7310359408343836,3.0871978186889497,3.6654730326419855,3.42625063797752,Tech Lead
3.2816488979323237,3.58919916367976,1.8257551486154124,2.834276770195819,4.613730546139768,3.101620936939221,Tech Lead
3.363391239280086,3.7533641394349586,2.1674001455697205,3.651680451464829,3.8194616173746763,3.057577401918888,Tech Lead
2.3183468718811966,3.6172209550449863,1.8327785540010884,2.4695803455241396,4.660986838760923,2.5809964898792437,Tech Lead
3.3933992960586226,4.093418118765738,2.0154259742552316,3.743081822482579,2.86969985153621,2.9018975515884478,Tech Lead
2.459809831717279,3.0192897954334814,1.4026341331211543,3.0086187675015355,3.637326435396777,3.448306794912574,Tech Lead
2.8930770760293347,3.8376308226395284,1.8398595247469536,2.9507527969352303,3.7907607325286237,2.5743731512179187,Tech Lead
3.494592441988018,3.687952474805527,1.808236691826907,3.214702540045155,4.159370623078626,2.553280968826975,Tech Lead
3.3774909720553734,4.268835169919202,2.088987417093627,2.784341574709254,3.7966346547392957,2.8991014484991955,Tech Lead
2.384084029436117,3.9803657757015216,2.4460510202234995,3.438185594917012,3.8095741143617734,3.5320416363627682,Tech Lead
3.9529522772647225,3.8418962323685864,2.3457573532160843,1.8685950186546039,3.3709266359090044,3.04556051466676,Tech Lead
2.496633468740806,5.0,2.2989398436482764,3.482915823429065,3.9854867969197065,2.498395990068174,Tech Lead
2.74059485891256,4.12719023981318,1.6810423307954945,3.3355959958635997,4.355707484602319,3.002490651969794,Tech Lead
2.0871824564915,4.857392466832979,1.8936635716552412,4.354638324235518,4.326267848176098,2.8950224616339715,Tech Lead
3.223910938249002,2.990357241460694,2.5130712016179833,4.2834706187647384,2.9553832630783106,2.856295495087146,Tech Lead
2.947330938604237,4.437614314581532,3.0529878370827683,3.191441061297782,5.0,3.085216238442331,Tech Lead
3.225711909398115,4.164117783080127,2.610149891502543,2.7888394709448985,4.409143379380755,2.3846016968717865,Tech Lead
2.8577479476742953,3.681628188530596,2.043980779308971,2.841960125298109,4.5660668462284875,2.560665952414179,Tech Lead
2.1343420320944935,3.3213580901442215,2.4970840231506597,2.515221328341889,4.198922207760354,2.85260624837596,Tech Lead
3.4121220273766277,3.884617147441695,3.3821742580585683,3.9490585079092524,3.8423949097971537,2.773932705452507,Tech Lead
4.566163075404231,3.4605745193357054,1.9724882260408254,3.0112244598527136,3.9988310510927128,2.130644139734737,Tech Lead
3.2483012048379702,3.5148249543038417,2.7179945620845354,2.272017478782689,4.029732963687738,1.891939676524056,Tech Lead
1.922808146829638,3.5803240208536837,1.6508949588314858,3.7328632064947174,3.979704081869051,3.646203450455777,Tech Lead
2.8101067026616615,4.303042591440166,1.6372623415405496,2.6032634654506994,3.089574930541053,3.1678769969256373,Tech Lead
3.1310417073500747,4.388656443642926,2.1074591435706975,4.013097988596984,4.088013818338755,3.4959133571690604,Tech Lead
2.8379454585004487,3.5457649828493056,2.358847585093318,2.9554260060898296,4.416021522964811,3.1764682709223404,Tech Lead
2.603493336604922,4.537168938838514,1.5644050231076663,3.3126631316477524,4.640805555762927,2.807702580792421,Tech Lead
3.5779972268361577,4.198808417026596,2.4259718891981317,2.581622154448707,4.107150116026874,2.2959593449877485,Tech Lead
3.855650257655232,2.9930008392077463,1.822624090185575,2.534145702900189,4.337350207601119,3.961972972964959,Tech Lead
3.327457549343763,5.0,1.31102991172058,2.3494079337357174,3.5534428841923,3.060622347647953,Tech Lead
2.486538812358375,3.6241686228474874,2.310241761963644,2.3804140584430913,3.4334019935149493,2.800730623504964,Tech Lead
2.8477784645803395,4.505007858610658,1.5496801260109399,2.6398600079395513,4.290835058139503,3.4006971618916912,Tech Lead
3.714362233563294,4.234560177432377,2.0651820299809134,3.287519203373077,3.8662935970557264,2.862616202812261,Tech Lead
2.1129448438606233,4.4467079783446675,2.1057294725258737,3.3885196331841527,2.592094752761353,2.976449146053227,Tech Lead
2.572059246811184,4.750681252410117,2.3071084577419145,3.11711770540528,3.784033515329488,3.1986041550658233,Tech Lead
2.535907185310948,3.950137326157117,1.7108183065062899,4.133244827490846,4.7349738780954205,3.5315237419914154,Tech Lead
2.254844488922921,4.432078556142026,2.0938333375709686,3.6117300697580728,4.16119754756347,2.996641166980848,Tech Lead
3.1168921481682794,3.0971833541887275,1.6162983639161013,3.186667769351636,4.5696941792032915,2.7247534418439407,Tech Lead
2.979596560068033,3.1995037776623048,2.72965540667688,3.5568708661165607,4.326051309283599,3.2034030938154454,Tech Lead
3.7762745325733986,3.5974945043426416,1.0,3.5307598931282147,4.497156690854062,3.403252206955424,Solutions Architect
2.734320059211567,4.844546565538694,1.205833664107952,3.393580759009086,3.4204767287353217,4.328322262268589,Solutions Architect
2.29022922711456,3.0100893171996574,1.363411980090434,3.7172225848172444,3.873106962125416,3.726724659072771,Solutions Architect
3.8554243281231853,3.9026083154426963,1.0,3.846978613220168,3.823207593485895,3.672986195327567,Solutions Architect
3.407754112068544,3.644071922810442,1.0,2.3404206991439005,4.092698544188257,4.034048743601547,Solutions Architect
3.484010137361572,4.428628268330866,1.275759004234791,3.197127846390506,3.9633729431238294,4.3047779844979015,Solutions Architect
2.4438339131655065,2.8255169640728455,1.5809588356064466,3.3370802311239567,3.9365067828600426,4.537279304222993,Solutions Architect
2.6342512915267364,3.647253733958425,1.0,3.2838109875579424,3.2085209613926233,3.616519196608979,Solutions Architect
3.144857511618068,3.3979244620386946,1.0,1.8942162114427181,4.302903324700769,3.6560824033288606,Solutions Architect
2.450359374929423,3.3524886370207123,1.0,2.20992220655428,4.971189838574334,2.807627691415507,Solutions Architect
2.774690425106755,4.053453464645627,1.0,3.106065868646558,3.6001992125269195,4.765047231836575,Solutions Architect
2.4405614929451116,2.8243880293258403,1.0,3.1932473874068563,3.9410378102255677,4.376066453991059,Solutions Architect
3.250872308355483,3.681859825137398,1.0,2.807335612173387,4.942173041748326,4.345411157343685,Solutions Architect
3.945843449589253,4.420389686170907,1.0,2.4903192565071675,4.1007598355743715,3.969565413891885,Solutions Architect
2.953176357330893,3.895450461550375,1.0,3.630419908267328,3.9747732553913413,3.2928734419856793,Solutions Architect
3.2408813545368225,3.572081915696736,1.2810703114853914,3.4408282302562303,4.5098182453346585,3.91954163667259,Solutions Architect
2.7931111359907415,3.687230819867665,1.0,2.9913849678945414,3.8953284688041303,3.5873480920889174,Solutions Architect
2.4281076230985477,3.9456219538707087,1.0,2.4293165133590673,4.4152855067107035,4.886046375412624,Solutions Architect
3.481294106992112,3.639905994161978,1.0,3.7702144758437304,3.4131501786112537,4.391297563342612,Solutions Architect
2.275958395928005,4.842018813715664,1.0,4.114521862261906,4.864031899320915,3.946784745209306,Solutions Architect
2.640297313444795,4.097387735945457,1.0,2.7992165182072037,3.1709433727108514,3.7427232081727064,Solutions Architect
2.4447604391218802,4.275823853212618,1.4955356582987123,3.3703420019617982,4.171187544813754,3.573546466429549,Solutions Architect
3.1027003863009552,4.396382571822188,1.0,3.0594932106975032,3.927269205365038,4.831183334805242,Solutions Architect
3.425774067632262,4.304579805874195,1.0,3.0864186633837916,3.922493285537715,3.9181714447150635,Solutions Architect
2.21829326362918,3.4561156888512152,1.0,3.5571778890952306,3.7047377150802885,3.8000306364478664,Solutions Architect
3.890545997643104,3.851588805416082,1.0,2.9423776089741294,3.3272474267977445,4.285899061707558,Solutions Architect
2.6735619407078306,3.9849646914801307,1.2221864822088988,3.971278794517696,3.3411149777268783,4.432491092533112,Solutions Architect
3.434361628086984,3.6808926136103635,1.2997519240259907,3.821718075645946,3.617514395393779,4.120734898567577,Solutions Architect
3.2024006819698925,4.267089427476775,1.3846458803580064,3.083152414126087,4.256718093174001,3.5442631749381386,Solutions Architect
3.082001746819779,3.7618293671597427,1.0,2.7454277252815498,4.134728196099029,4.217898638185097,Solutions Architect
2.3657704395386143,3.5311616416375644,1.3623281398466105,3.254074046307932,4.443551331023176,4.68391521358828,Solutions Architect
3.268943554795299,3.792596186414564,1.0574247290409584,3.829948550463691,5.0,4.23154818287118,Solutions Architect
3.2677770694056534,4.362854183498708,1.0118964229096814,3.581926951171312,4.504022646366425,4.177188223574408,Solutions Architect
2.840990046997192,3.2396518063114317,1.366206773807125,3.106429157613052,3.6311161346729497,3.4350398675026863,Solutions Architect
3.3307164246916257,3.1993818391915174,1.1498205937219026,3.421775204584447,4.274946443208312,3.80463011282078,Solutions Architect
2.375312757762543,4.293509619897595,1.6002615459767102,2.7136333226284797,4.253454100146429,4.790757559365905,Solutions Architect
3.169423548220805,3.8015599275611063,1.520426770031579,2.631219512921094,3.3509039924734885,4.40616059557299,Solutions Architect
2.7969188682582184,3.841739492998158,1.0,2.763591302222958,4.701516713763433,4.8312493828918335,Solutions Architect
3.8974893180723047,4.545060310588756,1.2331356298866187,2.2838572040334433,3.9062376485498254,5.0,Solutions Architect
2.782189210623673,4.757072237386137,1.0275179095152724,1.660928807073427,4.320242781834481,4.633127348089156,Solutions Architect
2.975502015679728,4.616525502242707,1.0,2.3072178680503153,4.102432154042844,4.2385573639087655,Solutions Architect
3.6782894342961394,4.3194622333742805,1.0,3.106522811037193,4.300363722644074,3.0628830006514356,Solutions Architect
2.9781832651309923,3.8322087280308876,1.0,3.249388525876336,3.425159236721038,4.208439756001825,Solutions Architect
3.2797455646044473,4.541881655130487,1.0,2.2473828908227262,4.139451803669506,3.8568643830661493,Solutions Architect
4.45132513124686,4.229249238121466,1.0290808558520907,2.9135860221617924,3.3909690772802756,4.281940776477299,Solutions Architect
2.960427486864601,3.9608431582852823,1.0472216627493276,3.110606264958623,3.130372177041239,4.418511503185466,Solutions Architect
2.576777812592039,3.9309839012656864,1.6429524603326446,3.889724296135057,3.1497527806868044,4.015122413837324,Solutions Architect
3.136456592583018,3.246234986904277,1.4012956822090825,3.0581313387070863,4.097079797847498,3.5412235408290327,Solutions Architect
3.2064433216906743,4.419111978194969,1.0636489418629669,2.7430320495184732,3.781965340976818,4.110197853562982,Solutions Architect
3.0243986891903147,4.452411059559697,1.0,2.3908096986295875,4.179693038660251,3.7612350735006483,Solutions Architect
3.3918409745181837,4.0037693152288005,1.3274066021824111,2.492841476634606,4.071693131614911,3.6503683963080418,Solutions Architect
2.38981317346189,3.5694460609644922,1.0,3.622347263511926,3.71452980025367,3.3642298748608885,Solutions Architect
3.0657387112483345,4.014590330338837,1.0,2.9193882670769367,4.488113542998286,4.335352882699588,Solutions Architect
3.2921151034368656,3.4081606077398847,2.4432740308576615,3.525626105137111,4.258514281595436,3.4178441128013954,Solutions Architect
3.4738650563670537,3.749435744850336,1.0,2.1596103619703584,3.3792584570297453,4.219273249413567,Solutions Architect
3.5031173376352447,4.342452209897518,1.3254094983714744,2.9676167715201465,3.796646492316894,4.144447571782697,Solutions Architect
3.410704161550137,4.002431127466796,1.6051260099567024,2.892465368091996,3.5098605323519743,3.9948188789794994,Solutions Architect
3.0529861391297843,3.958984966361795,1.6403277804411305,3.4026509903620195,3.2845295056891453,4.767183507099143,Solutions Architect
1.6292914695854137,5.0,1.0,2.90521613167425,3.96999188051318,4.19260271642009,Solutions Architect
2.9998683993665787,3.9333024055813666,1.6544591546780927,3.282798039875425,3.5205980728146193,4.370336957167862,Solutions Architect
3.2620535015916694,3.7273631372093905,1.3960692131810806,2.9212136993884803,3.8891632639374496,3.875543441283533,Solutions Architect
1.7859409715238004,3.7366503335326993,1.3565866210628006,2.9887943785481186,3.357406785072125,4.4823156275960185,Solutions Architect
2.850699920228302,3.3892122546692383,2.1030062308355078,2.473413702756122,4.439745755642855,3.615342949572698,Solutions Architect
3.0679134172869107,3.548909518315912,1.0,3.2611012723357047,4.2026452725672,4.572324722109532,Solutions Architect
2.9828090348520684,5.0,1.1341733337185178,3.283387340618606,3.320785377446386,3.6929578424387346,Solutions Architect
3.259839850257989,3.9578861187932084,1.0938415675173179,2.591753122142903,4.0609734867358105,4.059272945795868,Solutions Architect
2.4097824900573803,4.3212749223402955,1.0,3.092119040298842,4.88279634691275,4.340275268909541,Solutions Architect
3.337149623018552,3.5512866625256576,1.8845310265764303,3.6883590473011445,3.5782049885522165,3.7626183790925616,Solutions Architect
3.627328022463344,4.8980736891583785,1.0,2.498144615137712,3.928106621788915,2.9144529852787424,Solutions Architect
3.0095225801047114,4.592871757014993,1.0,3.0635534824875434,3.7091146475023433,4.819972974376959,Solutions Architect
2.7151040689334742,4.759496543874292,1.0,3.3855879026670648,4.1259728091813495,3.9308636667428494,Solutions Architect
2.604735715473012,4.1615477106589465,1.0,2.655116887595931,4.7363613706878605,4.273765113746614,Solutions Architect
3.3218194759536015,3.8042007406938687,1.0,2.875711666324444,4.168619456250489,4.320901725921253,Solutions Architect
2.9848743148442143,3.6036775029096795,1.3802852285132743,3.016701934104168,3.2795818106145096,2.932352624960156,Solutions Architect
3.148948587730237,3.585263100561148,1.2155310646982265,2.612190845568033,4.066592886247504,3.810799236018954,Solutions Architect
3.8759604051366523,4.475157828909322,1.673648450093915,3.012023884559533,4.411180469557441,4.0458250388005705,Solutions Architect
3.734795683716863,3.963718967371863,1.0,2.0006892373730305,4.834155559782257,4.23925223707543,Solutions Architect
3.272128425020871,4.744823921145791,1.0,2.820699392384096,3.8819650851924834,4.371137616603507,Solutions Architect
2.6536798874495586,3.3993131282426052,1.0,3.5747090381360103,3.6287339530984415,3.7239912578390943,Solutions Architect
3.3172490753639523,3.65052729588255,1.0,2.2091494131375504,3.971596301642271,4.248664215182611,Solutions Architect
2.89887737807479,4.2152213519045345,1.0,2.227348229515946,5.0,4.61639213606834,Solutions Architect
3.3844859459492587,3.6701376646327803,1.0,2.9991613414332,4.657173056858262,4.201391383222546,Solutions Architect
3.2629569006439008,3.91617253244125,1.3963325334200423,3.1511613737156368,4.0220113663728405,3.6284579139068645,Solutions Architect
2.943214128949184,3.460233648110022,1.0,3.0444556789824495,2.797740807696843,3.884830230449748,Solutions Architect
2.412059897697704,4.249319662758348,1.3185798717754973,2.7868300911673414,4.274511043560958,4.29553346816753,Solutions Architect
2.885142080294116,4.767143487651829,1.0,3.735682851626583,3.8874002854083973,3.5783368233870165,Solutions Architect
2.824225762097809,3.450305386135338,1.3922789336946013,2.198615510962362,4.694804276884413,3.53206639912677,Solutions Architect
3.418326685922977,4.012112930530234,1.135407641524798,2.704978314361318,4.176404000166566,4.067487144275432,Solutions Architect
2.2710444659153364,3.5187499985333712,1.0,2.6225017409367752,4.626405472691825,4.003507091923749,Solutions Architect
2.610664326180059,3.7546150879984803,1.0,2.855975263997467,3.4623352976402,3.5930344447013405,Solutions Architect
3.383303455582105,4.092671551683456,1.0,3.00131140865755,3.977219621712295,3.895434447634178,Solutions Architect
3.2585524193537396,4.221579992923963,1.0,2.9342189070453784,3.247090300329617,4.3177886017278535,Solutions Architect
3.3838332784251417,3.694610551179152,1.0,1.944279851438877,4.486394907046013,4.354836870125701,Solutions Architect
3.5750426308687633,4.74327207016855,1.0,3.444022100819221,4.73965222220923,3.252711064485382,Solutions Architect
2.914394394077143,3.8182990083852877,1.427730932095749,1.80302946682796,4.907978848116097,3.9437314679027033,Solutions Architect
3.458047201008573,3.9698813811542046,1.246062525489837,1.839290870691925,3.8075588135996448,4.423880605671839,Solutions Architect
3.1443661733568473,3.1815794536366213,1.0307124469383064,2.5906288370692474,3.547290374413281,3.2396528633416413,Solutions Architect
3.309351310953565,4.556507221967817,2.0600715670814225,2.2629758041285357,4.383686080613238,4.416585685210454,Solutions Architect
2.709747661390996,3.5412108072953346,1.0,2.7363233782698924,4.101310797927975,4.680056005253406,Solutions Architect
3.5526691690050582,3.1922915278656685,1.0,3.6498201871547353,3.634453583702466,3.971542918294912,Solutions Architect
2.1473555326929574,4.576516707756474,1.0,2.17859470960669,4.525408530418352,4.960030839783278,Solutions Architect
2.8546944576375424,3.9765685940685875,1.4541397798914941,3.1447239073486912,3.813390910311668,3.7572731893071536,Solutions Architect
2.2166010212575085,4.11647088606011,1.0,2.7810769104436597,3.4990926022188056,3.549734573353285,Solutions Architect
3.30918846025335,4.4408318242045235,1.0,2.7837602133768105,3.573175976692898,4.468410021787129,Solutions Architect
3.0154978848279534,4.183950489663633,1.1792350650467314,2.8461491897330315,3.4173199500782894,3.50193342215704,Solutions Architect
3.5639427663237258,3.637157842574714,1.0,2.432804732314395,3.3919667405367964,3.6154175014856387,Solutions Architect
3.8442035921222293,4.329018695596215,1.0,3.5414383972759977,3.9238505633517766,4.677170023495919,Solutions Architect
4.105865175198106,4.514080869633096,1.0472754776112887,3.3496549367581796,4.007535609641106,3.082000818012479,Solutions Architect
2.6726872928939778,3.5242042021733915,1.0,3.896835716319722,4.561074871427329,4.220442400720824,Solutions Architect
3.406171475225679,3.053943257047072,1.3640918565447646,3.469812158101084,2.8801264061563585,4.3826183768897,Solutions Architect
2.287963178666457,3.014997321776984,1.6631591084297892,2.496475476193829,3.6420266303078113,4.494802271378672,Solutions Architect
2.8473808638737994,3.909917313135459,1.0,3.173799385487393,3.886832791804662,4.05706303717955,Solutions Architect
2.748220937293647,4.175909794939681,1.1569215159522837,3.948942918842091,3.809374525163149,3.9079172410975103,Solutions Architect
3.1194121629685205,4.48221782215736,1.0,3.051788260887534,2.7460869819724665,3.8642340416388024,Solutions Architect
3.5363635150496804,3.6369287818263407,1.088418807642656,2.735547212808199,3.5702989011331585,4.485742999134051,Solutions Architect
2.477370655077173,4.146482646931546,1.1541758103830795,2.574100241480688,4.077842628478814,3.5325260812660115,Solutions Architect
3.260895937454579,3.342527142678553,1.0,2.87361417017105,4.556477669105335,4.070021535855946,Solutions Architect
3.4775067450560297,4.277345524244939,1.2741515004478794,2.8340334048849662,4.510452941762443,3.8219147953489987,Solutions Architect
2.135087260034946,3.8926064157665534,1.2267382023220341,2.1966871406435935,3.557448820639807,3.384705779911322,Solutions Architect
3.393358552354482,4.836431318506248,1.0,3.2657651815341295,4.252759682949861,4.776898473219981,Solutions Architect
2.6737235480236965,3.890060517620838,1.0,3.0376836200201316,5.0,4.0154055575986565,Solutions Architect
2.57264467369647,3.4227513865534407,1.6263225036565234,2.5703727480109606,4.331793479599548,3.660154335370686,Solutions Architect
2.366653631708414,4.302599800150911,1.0,3.2127128196194468,4.249641470423022,4.2731326225062345,Solutions Architect
2.8659256580284067,4.3430917782523535,1.0,1.772954874467933,4.353446086560054,4.082795252418735,Solutions Architect
2.6949608779930143,3.2644236190124776,1.0,3.025871674104486,4.8243929828649765,3.93072129178451,Solutions Architect
2.8193323066542275,3.9878160787520787,2.089602555954385,3.3759521133265666,3.5332123741498056,4.014051951951052,Solutions Architect
3.1662184555774706,3.4718305667105778,1.3795683111712798,2.5910956014278232,3.2445271163299645,4.038066776919889,Solutions Architect
2.9589220702548222,3.9994890488986528,1.0,2.6874436910644794,4.564223330184555,4.220542807500374,Solutions Architect
2.5216269617113576,3.0246515527899462,1.0,3.0786495360800954,3.6840341408227792,3.6451748974115894,Solutions Architect
2.7054197805346685,3.963646218631856,1.3923139564791744,2.9997903980271534,4.030968510758825,3.88756981805859,Solutions Architect
2.7503215839226307,4.447120435659965,1.3712010339220981,4.022639958833025,4.3052821491946265,3.7507928390962686,Solutions Architect
2.5476743454449053,4.476472630355808,1.0,3.4048683432610356,3.620043003053693,4.17457919189364,Solutions Architect
2.470124392566819,4.389942677166041,1.0,3.136478664753351,3.9010800328864943,4.05090321861313,Solutions Architect
2.802098082919183,3.7903700263145046,1.0773906020048858,2.4989308109550743,3.4959889691666617,3.8207252501807942,Solutions Architect
2.8012649301404964,3.4973017680978127,1.4621073464573324,2.8327632907841975,3.886668898501944,3.3362358370152267,Solutions Architect
4.035817927306059,5.0,1.0,3.613043190584549,3.954093308131205,4.801884796406553,Solutions Architect
3.168116543200193,4.049881084383699,1.0,2.560697013286658,4.010260334787471,4.099333126351989,Solutions Architect
2.392583143031308,3.6356142356618606,1.2767235086254098,2.3083946351333213,4.066864861861769,4.618976765744527,Solutions Architect
3.1927348145559105,4.167743371582988,1.0,2.589043611791052,5.0,3.700419041227034,Solutions Architect
3.632238104773534,3.6945795553218588,1.0,3.2577934226767593,4.050346507997005,4.1907562255005395,Solutions Architect
2.5908048726365065,3.4318649052656216,1.0,2.733840929268817,3.8853593089712946,4.518637690319911,Solutions Architect
3.043670728012524,4.242298551254293,1.070800506290066,2.442282873235612,4.008634763002824,4.065391055095768,Solutions Architect
3.379961610670654,3.465705965178268,1.0,3.0881319075852485,4.17692500079419,3.910307596841476,Solutions Architect
3.0140104503633953,4.439386189291403,1.0,2.8606795789207102,4.039518222306916,3.3900926604153288,Solutions Architect
2.9240513874761227,3.968128341332897,1.818521107160137,2.85094217118577,4.100005619972234,4.4593088026948715,Solutions Architect
2.5812576373447857,4.6878701934380835,1.881935116028639,2.9855518561756624,3.73028696927031,4.813559712195194,Solutions Architect
3.3978154363840742,4.0409846023319185,1.7134219098078511,3.66049609427466,3.8318715230208884,4.124364926649575,Solutions Architect
3.2883962439629784,4.014365014943926,1.0,2.530870248150877,3.3208686072698863,4.246462151512002,Solutions Architect
2.4078238414381277,4.096209035408715,1.9159519131375786,3.7138850924560733,3.0812916765330107,3.360649264614497,Solutions Architect
2.611741787910071,3.415488155390316,1.0,2.9945798301373796,4.352550274708282,4.477017019361444,Solutions Architect
2.7627619146280953,3.8640481498422043,1.1778386225623776,2.9457572190804253,4.405303388047901,4.215182431417257,Solutions Architect
2.8118477882429853,3.0716818441732783,1.7495158027409967,2.656958855277839,4.17877932286513,3.0417041656404513,Solutions Architect
2.994341708307098,4.050130980431099,1.074301036273831,4.506896641358998,3.6844408131032838,4.410332113478346,Solutions Architect
3.261616226104689,3.6606805036662067,1.402834701590465,2.917839531534599,4.437621608788359,4.980481311710857,Solutions Architect
3.07539944531705,3.8594373854657746,1.5257780919052064,3.6983265829671708,3.558371230303975,3.7735214552309624,Solutions Architect
3.337711635920631,3.9339839947926403,1.0,3.2703474139476976,4.335744857853387,3.8328071220515123,Solutions Architect
3.030674382665618,3.7117134655269406,1.0,2.7514676966859066,4.0369661750879535,3.2624553892653516,Solutions Architect
2.7879935343739204,4.043915065296369,1.5973299550624338,2.843703822599734,3.3770488249453887,3.8951699936511357,Solutions Architect
2.716715347954955,4.276089277528682,1.0,1.6447166892103646,5.0,4.071181645795465,Solutions Architect
3.0445957551542895,3.229295014001484,1.0,2.954025521163484,4.16808566615582,4.351057069588376,Solutions Architect
3.11871882865913,3.4070288984159327,1.0,2.9498888253108975,3.733012664695436,3.3687141379438574,Solutions Architect
3.414029112052813,3.212211625410006,1.3084844197282912,2.294931012491259,4.067044342791665,4.466987161009311,Solutions Architect
2.831033342198863,4.84495991725341,1.958943162796752,3.1185875000098275,4.270692685295137,4.5303544331582595,Solutions Architect
3.2722131862427446,4.218621608799272,1.0,2.156321912411144,3.3049522933752615,5.0,Solutions Architect
3.1612294789025004,3.877158259304334,1.6316636295589546,2.625271013569085,4.291554133706594,4.038596016780019,Solutions Architect
3.230013750551801,3.8317950653530715,1.0,2.588564463430179,3.6080578988698515,3.998514843838922,Solutions Architect
2.2219324097630286,3.3762856924889535,1.0677621487646012,2.9361624777930424,4.095115767128349,3.9774782328334455,Solutions Architect
4.259475103444107,4.0633692169954365,1.0,3.050565892680755,4.5099775212551645,3.9751858053112676,Solutions Architect
3.342364179318123,4.198022982201108,1.0,3.055437899440976,4.799461057096038,4.121539147518982,Solutions Architect
2.5069894879144647,3.8402447864335625,1.0,3.06869935337644,4.6560311718914065,3.329297115933073,Solutions Architect
3.0748663672540246,4.492715902934643,1.5455693165982423,3.6399005861379155,3.065873084327248,4.252465477305905,Solutions Architect
2.2472174074526974,3.5008339317137644,1.410561129804253,3.0790235609258083,4.363168037119687,3.535441697599151,Solutions Architect
3.7368015550814384,4.344166966920525,1.4446490596467298,2.459916611942432,4.5857006201063095,3.8419192116797984,Solutions Architect
2.6943868649273046,4.312731770022831,1.2916058873939695,2.576590576121331,5.0,4.907175288194887,Solutions Architect
3.3025175704058847,4.215201711365844,1.164893113130148,2.225001686990664,4.056403693960731,4.049770790947874,Solutions Architect
2.7119941568808095,3.8453254139992077,1.0,2.4513635349375043,4.460913145753645,4.865598450819681,Solutions Architect
2.5283096573521147,4.091424327487969,1.5491911646986585,2.739892487052623,4.338124088617308,3.98310515220992,Solutions Architect
3.5952009942126746,3.3587746301656884,1.0,3.1397695844714058,4.048103049950218,3.971838051753335,Solutions Architect
3.2879170801022415,3.534675217721132,1.0,2.7499459459856372,3.8058607206509505,3.8581264094710446,Solutions Architect
3.6345228556769382,4.385208623399604,1.2666199345777145,3.1109997973146557,3.7829057721422226,3.5730274216082774,Solutions Architect
2.4014212896539897,3.652746574764662,1.0,2.4225078999086667,4.084759878868304,3.9027809363821775,Solutions Architect
2.801350794228399,4.580766450605818,1.0,2.808135227357535,2.823781277185261,4.119281336464721,Solutions Architect
3.3810907915994632,3.3244468978930994,1.0,2.150850084144772,4.031820996356584,3.8296058618979862,Solutions Architect
2.860672634804203,3.816014180257059,1.0,3.5659370119480185,4.136170340065814,3.407668231611198,Solutions Architect
2.6497265920837494,3.5639656127662622,1.702963951736531,3.3556096363414327,3.9367552715387237,4.8536105924769295,Solutions Architect
3.726021797599592,3.884644552929115,1.0,2.8188180220513255,3.5236267020155347,4.866987224233581,Solutions Architect
2.4967937484705613,4.4341521577137195,1.3452715654544147,2.847567010888217,4.905022551832225,3.220451839459236,Solutions Architect
2.960154349510555,3.755479917529748,1.4802965751354265,3.1767829321875842,3.1363524106667535,4.619739721873226,Solutions Architect
3.2427308614622836,3.4822540690185346,1.0,2.3500575425139587,3.91458098719176,4.075058983679911,Solutions Architect
2.8326764206830255,3.774767750063573,1.0,3.168620730751604,3.0377727015685236,4.015539759118631,Solutions Architect
2.1004220879837696,4.025252445243144,1.0,3.2016724838392703,4.431142858400796,4.523794211125469,Solutions Architect
2.194978700312035,3.97089697343346,2.0054704422800267,3.0595502842488536,3.584325929849343,3.960149436780332,Solutions Architect
2.8081670298429695,3.411770921433923,1.434552094103504,3.292176279137681,3.332745463943936,3.953362708091549,Solutions Architect
2.7167681754089386,3.1992037427375166,1.0,2.367020088099834,3.9707851232786013,3.771023499898322,Solutions Architect
2.5204060189520434,3.8040584851895245,1.3737674859227387,3.178348048636028,4.500934403810952,3.8858435676403755,Solutions Architect
3.801278595340822,4.174039941849246,1.0,3.0464759048451846,3.3759620237050916,3.846907431876115,Solutions Architect
3.214987115113304,4.305834754049295,1.0,4.366945213761317,3.9138961284223557,3.160802978928423,Solutions Architect
3.606633596004249,4.303563651924838,1.115844410477625,2.7675395544541113,4.196673258013221,4.809508122998816,Solutions Architect
3.100816468670073,3.264983206594537,1.0,3.192279780319193,3.507043229369946,3.950143641302098,Solutions Architect
2.5954611884933003,3.559545507901701,1.0,2.662562320041717,4.3881179942414175,4.286821896568292,Solutions Architect
3.3960055885944134,2.4641326368164957,1.1895609522346862,4.526251182717761,2.5185706799570626,3.498545579609884,IT Support Engineer
4.494655715950112,2.111865182840575,1.0,4.243513221304326,1.0,5.0,IT Support Engineer
4.663347591488308,3.3235019861802946,1.0,3.9659481877114335,2.3952100848815108,3.438669216500093,IT Support Engineer
3.9097628843809913,3.455191924905491,1.0,4.166212355510227,1.1226151851894097,3.528076622210673,IT Support Engineer
3.7477036971619526,3.2567778063593895,1.0,4.062774195664575,1.6563859310958835,3.7346916139424238,IT Support Engineer
4.625330753893074,2.4248859108788805,1.3795769869735923,3.999468057262509,1.7122231555460048,3.391238583794941,IT Support Engineer
3.4268818464504545,2.6306774876210266,1.0,4.301754818078201,1.8498803700388189,3.8833445740588903,IT Support Engineer
3.9580048883388477,3.2383888457193644,1.322401409598255,3.306517262214076,1.858962645128344,4.613702008673961,IT Support Engineer
3.341940023140023,3.0371564452244795,1.0,3.716662205031694,2.795391325521679,4.018417904433937,IT Support Engineer
4.755572535972157,3.0028136026222048,1.2301279446588658,3.71138924553651,1.7169531623511232,4.20467376512443,IT Support Engineer
4.213848728816796,3.2989935332959273,1.1883391434772876,3.3317895364979577,1.596815661643792,4.424971443074347,IT Support Engineer
3.0207673172983314,3.1463036207528017,1.0,4.42479093373618,2.2083105930353777,3.668009860145769,IT Support Engineer
3.645324980849168,2.7386082635015403,1.290031523685314,2.848893160222378,2.0786897221785305,3.5584827063863163,IT Support Engineer
4.095417648903629,3.1722488932516844,1.0,3.8865667864996842,2.0777851784001236,4.0439750476375735,IT Support Engineer
3.9388995234420174,2.389556240092994,1.0,3.3109763386230746,2.277022785419877,3.9422145790966994,IT Support Engineer
3.9741233803536433,2.147253278077553,1.0,4.316818535991342,1.0790802127128605,3.732296870627515,IT Support Engineer
3.2148254342275973,2.7898589626350563,1.0,4.190454416820802,2.084619781713196,4.645752202817022,IT Support Engineer
3.9729610753497533,3.1692439010521367,1.0,3.448467674385711,2.4173812173450435,4.62162752677354,IT Support Engineer
4.352827849619127,3.0656140615647662,1.0,4.570814086713473,2.289754657818506,5.0,IT Support Engineer
3.4227880248800466,3.4312832506236903,1.274553252437399,3.828986399875972,2.681917440101552,4.201172574212274,IT Support Engineer
3.531553485769173,2.940830491862795,1.0,3.7657421423072432,2.3519130767698666,4.494637022617108,IT Support Engineer
4.110606166894683,2.624962561705234,1.1908042101976786,4.361699818978819,1.013944127380141,4.058239387515458,IT Support Engineer
3.9049051008003346,3.476855627704786,1.1928445824307494,4.242175850736393,1.759044516809519,4.000825858566218,IT Support Engineer
4.471842484901944,2.9675601335148616,1.087334777865787,3.2320213507789672,1.9657299818363922,2.9940000159469453,IT Support Engineer
3.7419275653208715,3.0317577788634495,1.3835153972422853,3.500420028274012,2.186842071735051,4.734246702181064,IT Support Engineer
3.679628067142189,2.2264735391386714,1.1449199785285442,3.4040014967318535,1.59050071326324,4.461668470851243,IT Support Engineer
4.938449637688341,2.4996549418292573,1.0,3.7800655187955905,1.7260959732372867,4.966646256906017,IT Support Engineer
3.7347160851561068,2.8061240427369354,1.8080887365874128,4.288338155769651,2.4929496164746223,3.5469435634888042,IT Support Engineer
3.734910158412132,2.4801408211605196,1.400630773017908,4.612621603891721,1.7001128154092435,3.8178793385478618,IT Support Engineer
3.839754967480671,2.226388003360912,1.0,4.3866331073818,1.562290747777453,4.046490931102494,IT Support Engineer
3.345990512767922,2.927999544435566,1.0,3.3891642581081163,2.395193048077556,4.42331368060051,IT Support Engineer
3.5152306438820125,2.8919082679031365,1.0221593415362247,3.092619106436075,1.301453636802984,4.643142218183391,IT Support Engineer
3.4674365517487145,3.629091554125848,1.0,4.329413888570201,1.8443484462448323,3.9146168654228166,IT Support Engineer
4.927967956766982,2.372906682840659,1.2973990981305354,4.276744831778911,3.677286694583189,3.461434589884057,IT Support Engineer
3.6870076032482815,3.407961142916277,1.0,3.768474521634125,2.4787557441615826,3.8667157818481397,IT Support Engineer
3.5540704648092913,3.3631050773809905,1.1876440040139302,3.8435767021970118,1.8198492406199893,3.5425466975297186,IT Support Engineer
4.362548427557671,2.8199460913728127,1.0,3.3572224164040727,2.1960771789544182,3.7457085105435013,IT Support Engineer
2.9936623430054645,2.3983656051779767,1.0,3.897231167541416,1.8782288748146747,3.8086219442162195,IT Support Engineer
3.2620731386317945,2.5627257379254744,1.5918884932420507,4.518114063426533,2.2889758911720257,4.244751302020334,IT Support Engineer
4.4523779540327455,2.43960263125395,1.0164641833784744,3.43986642467652,1.4485427651173635,4.184032468873471,IT Support Engineer
4.473375219567938,2.903075432788731,1.8245002161047508,4.1058921635227685,1.6116072337917442,3.456635724063164,IT Support Engineer
4.509065742092358,3.0642295578699077,1.338023689084741,2.671018369773379,2.122336017173469,3.7441129057518814,IT Support Engineer
3.303120232041568,2.968658828525787,1.545906766827228,5.0,2.1210762036612554,3.6454267050192386,IT Support Engineer
3.6152487217407665,3.4815661810325995,1.0,4.311213689763881,2.1468405949798086,4.091550695941439,IT Support Engineer
3.215940705059604,2.8215208988868374,1.0,3.705876299341617,2.4585693307602563,4.615528951677782,IT Support Engineer
4.106974324745443,2.7148297437830076,1.794049666180209,3.70820468312191,1.4321567540954978,4.348241483958391,IT Support Engineer
4.228867021284853,2.7287120445370796,1.0501126147847837,4.221079994425887,2.1018394205259083,4.22946947748229,IT Support Engineer
3.7471425692200127,3.2631225221197995,1.008778918791641,3.7640947392318234,1.8770576188833625,3.951049082037791,IT Support Engineer
3.2773108314693604,2.6816703767150356,1.032452757796393,3.324504482305574,1.6900381690927098,5.0,IT Support Engineer
3.435370817589403,2.8080930436747855,1.0,3.9415649980233316,1.59254082843251,3.8783784383537836,IT Support Engineer
3.6407264824250536,3.5275639081849124,1.0408185188597734,3.49851367151839,2.4203982619163464,3.5208666919849434,IT Support Engineer
3.2179599055441743,2.998478756283596,1.9536322121699894,3.0861679355420564,1.3345060392154515,4.376262831580422,IT Support Engineer
3.67883930019402,3.3059742836232715,1.0,4.070981088704588,2.872236962692744,3.4027051764890643,IT Support Engineer
4.511880405068652,3.3398533983160434,1.0,4.2794502618708865,2.036403064431303,4.045547004956865,IT Support Engineer
4.168258783225851,2.8248170777920976,1.0350494794711989,4.120726212520144,2.3730289694427644,3.2364194833109594,IT Support Engineer
4.645442948245552,2.4223548284703935,1.3808142320731935,4.03972254963639,1.3594218286006512,4.264072734852002,IT Support Engineer
3.5272966804024146,3.5343977775788202,1.0,3.2525069511973115,2.766922552518148,4.090661835618454,IT Support Engineer
4.433595562880658,2.5742640606233165,1.0,4.8376012120438885,1.9967865939105256,4.245675947081773,IT Support Engineer
4.328297890299135,2.8323044734921554,1.1131147738077583,4.796976296252723,1.983779385560335,4.471050658209787,IT Support Engineer
3.0043765099846893,3.5618803151596072,1.0,4.50470441201675,2.1953156102256357,3.952039661963061,IT Support Engineer
3.950205889396035,2.8736344533213325,1.0,3.8970118606849766,3.1040295387545447,4.651153355392365,IT Support Engineer
3.564498410738783,3.133843701163644,1.0479895816182156,3.928853278495164,1.4986112216812604,4.222948992403326,IT Support Engineer
4.423035814957318,2.58305065746661,1.9777707086446037,4.761001624617777,2.2740827794756164,3.384140148665593,IT Support Engineer
4.200704312992281,3.1409890007822328,1.2565776381092484,4.795232136144868,1.9120129726916897,5.0,IT Support Engineer
4.203252172996875,2.8547684121693675,2.1996886033532057,4.414945950010045,1.7726330565212636,4.042108294473222,IT Support Engineer
4.317616510927267,2.924569486607329,1.0669539345224752,3.5913981981686396,1.157402734596046,4.053209661372356,IT Support Engineer
4.070013911112944,3.263559795778927,1.0,3.3297228527296676,1.5173377651263258,4.527816878419912,IT Support Engineer
3.6666943438962143,2.778959507098119,1.0,3.690361915356605,1.6533945862335835,3.5644382176830947,IT Support Engineer
4.7003282872840995,3.340050341671465,1.6239103865751188,4.724669878230419,1.0,4.171727321014038,IT Support Engineer
3.7069106830508405,3.558404822176674,1.0,3.472925121818145,1.282977069673449,3.848662544510599,IT Support Engineer
4.457472631264156,3.128083608430656,1.0,5.0,2.324769319745784,4.388705057878843,IT Support Engineer
4.642514413673829,2.17989220568711,1.0,4.411505678462136,1.5946308359892616,3.862493263872476,IT Support Engineer
3.9611296735843498,2.3612973056850413,1.0,4.457251608675916,2.3647269449089205,4.556507330983734,IT Support Engineer
4.504937936895399,3.2029369628512923,1.1633392491548498,4.126665380053309,1.6864764163730195,3.485027638139693,IT Support Engineer
3.65520132694005,2.8369853417212654,1.0,4.206915869241958,2.1009476080321257,4.154661749360109,IT Support Engineer
4.175704032957889,3.597831968892266,1.0,4.5041847169173055,2.2582926789895836,4.5648167683175425,IT Support Engineer
4.8073149171932865,3.288324789989535,1.0518841248359994,4.048653908721654,1.7649169602190808,3.748113926711972,IT Support Engineer
4.451058581655768,2.5181648537762222,1.8073863177811131,3.92413837354799,3.431038946561407,3.653442286585191,IT Support Engineer
4.1250944599901676,2.8240753648757906,1.0,4.531900175439359,1.447222902801097,3.6619627465128826,IT Support Engineer
4.293159854457455,3.372480405474702,1.0,4.290838442607687,2.0644499567081693,3.541138321069235,IT Support Engineer
3.6055592323322228,1.9832742860257995,1.8587222138987889,4.507710207488503,1.3554274949108907,4.399453836395898,IT Support Engineer
3.712988828025167,3.45740526817485,1.0,3.818322952446021,1.8558263661211676,3.6713223291693433,IT Support Engineer
4.699635687616652,3.4492634965407394,1.0549742691666395,4.512284081992905,1.1864641423772704,3.385770610724484,IT Support Engineer
4.2372773811789815,3.367768277903944,1.1397037731278759,3.0586526624608408,1.4688327378311261,4.208295933252084,IT Support Engineer
5.0,3.608956332529214,1.7886521492353862,4.169862711095149,2.1662454903946884,3.483257266371962,IT Support Engineer
4.475911026525808,2.9634091487294985,1.3463661877318596,4.015343176440467,2.13955921237537,3.956135941850689,IT Support Engineer
4.112312348911447,3.500038278772615,1.0,3.2535387868424452,2.2129322888194496,4.720287148953808,IT Support Engineer
4.846372308400541,2.387794891144964,1.0,3.2603923727775452,1.72469418680644,4.561424047524681,IT Support Engineer
3.9935541082208004,2.813062960188106,1.272542878205605,3.6024739550952645,2.796489182440929,4.003642486120737,IT Support Engineer
3.7991028785200505,3.2934246173978057,1.4696430801055231,4.797987620074629,1.8950155468709178,4.543028261346858,IT Support Engineer
4.050605805949998,2.694309989513153,1.0,3.451508278183498,1.6291530005554429,4.557853310880042,IT Support Engineer
4.353354800893019,2.3793941720290253,1.0,3.4438534221017947,1.6116318958764257,3.8483671447114958,IT Support Engineer
4.5864317615043575,2.726141570550167,1.840249980088637,3.159900053839316,1.8256837396188468,4.392774334568201,IT Support Engineer
4.423602626183217,2.8321430218058037,1.5008767168920985,4.406098221253441,1.6589426703437447,4.1574642342222115,IT Support Engineer
4.351806642038422,2.6947326162135874,1.8471627251345817,3.5823190266911786,2.072046441647256,3.375111341790246,IT Support Engineer
4.05168009933128,2.466463391964589,1.0,3.2067012193394517,2.3999067001628607,4.178140024870804,IT Support Engineer
4.54370527681835,2.826097417680082,1.5669236834404991,4.0196398226974175,2.0565837297143683,5.0,IT Support Engineer
3.757662017530698,3.613729515577425,1.2398424702738067,3.7140475538772586,1.3421545547682636,3.483457474772255,IT Support Engineer
4.565337398927255,3.8671997634184785,1.045719951605113,4.071940881310562,2.3882267165782434,4.036651014676592,IT Support Engineer
4.549850018985161,3.1458111253315924,1.0677706568262213,3.6503935762529407,1.5273664602633588,2.4204559932273786,IT Support Engineer
4.617058399970936,2.926696472388837,1.0,3.0241463518072833,1.679943617113824,3.614156770858552,IT Support Engineer
3.6026134563846126,3.166418071576314,1.0611242765980018,3.3193520331901474,1.3510794500463337,3.350160723834817,IT Support Engineer
4.905263043783588,3.746361314345815,1.0,3.0117028400021346,2.06402212150626,4.023470058118836,IT Support Engineer
4.158458493494199,3.3706869462386666,1.225851976697971,3.4417802342498733,2.1470205435820087,4.4269117876678274,IT Support Engineer
3.6379991384983135,3.1499782343779295,1.0,4.998084860470615,1.33658643056649,4.5779744682643,IT Support Engineer
3.1645936192873654,3.896526342608304,1.0,4.094835771994668,1.1854034066515977,3.3250094414891445,IT Support Engineer
4.448873523812311,3.514081155734736,1.1196794661838234,4.37054083274512,2.5224393713269864,3.6579115681003427,IT Support Engineer
3.300519282841593,2.9931483068986027,1.0,4.194310740100498,2.2740143060439633,3.6591746047153597,IT Support Engineer
4.3520542714832215,3.327069187975654,1.3616587894445098,3.7961038114947034,2.3899610824142874,4.260001140337597,IT Support Engineer
4.32009232237828,3.8388942815442633,1.1638870949627058,3.6965188880012665,1.4447727345002679,4.563968079996911,IT Support Engineer
4.178653838017724,3.835010994160112,1.0,4.455333543893221,1.8694313322896858,3.8232395025594146,IT Support Engineer
3.6175960799257045,3.4497855069425714,1.3067680886416122,3.42880898748028,2.0824607189625355,4.3530571653402355,IT Support Engineer
4.089005262962953,3.5539201500134694,1.0,2.872821163447763,2.0933587803841185,4.09031288470254,IT Support Engineer
4.155593248352178,3.5534895489838507,1.0,3.88075834783367,1.5386710959992245,3.3959848059407576,IT Support Engineer
3.9638505002185536,3.350911015140338,1.1504733024295797,3.6562387887521197,1.9272642002281408,4.464948222314808,IT Support Engineer
4.3415646225300115,2.7236149933866853,1.0,3.1417579197005012,1.7852943332088178,3.1321055347807416,IT Support Engineer
5.0,2.572440921566645,1.5544904276566087,4.909053103945995,2.108100704263994,3.949992871806547,IT Support Engineer
3.3388173719724588,2.7476999391756123,1.8019825239345129,4.175626314811135,2.0141741037294185,4.656061604587832,IT Support Engineer
4.348145274227858,2.9260634261101184,1.1081279178367984,3.615967481284346,1.7194796768182068,3.8968506853706706,IT Support Engineer
4.278735531186845,2.376318513654977,1.0381201652113643,3.805068919968468,1.5495353907668976,3.8077542252541727,IT Support Engineer
2.839298368474889,2.6212056629858105,1.0,3.860041978699618,1.0,4.0954463717547345,IT Support Engineer
4.454711648203432,2.9413518138850505,1.2493959367021883,3.7436347217993786,1.2226894381120632,4.000845660642827,IT Support Engineer
4.34018918849261,2.3378059371961712,1.0,3.8764417995477918,3.4257038226424728,4.111685597359946,IT Support Engineer
3.0472132105681116,1.9235745490788951,1.365249415131875,5.0,1.8595127576996404,3.8295902039707452,IT Support Engineer
4.215387088098798,2.6008517958274457,1.0,4.518632194637843,1.6934089357990851,4.525058932910685,IT Support Engineer
3.61950660484466,3.060889563730269,1.4274159737443473,4.535175475535936,2.116494333740712,4.0916195478995,IT Support Engineer
4.309853090089556,3.232084767197076,1.0,3.363958822848079,1.0,4.383254000419823,IT Support Engineer
3.8021351131445,3.410098622688151,1.2018552867272454,3.4987866592145154,1.9398887832326106,3.772588974167954,IT Support Engineer
3.695388259868219,3.4576436627466407,2.2553717352738363,4.558101820871774,1.986521816321298,4.629753879978062,IT Support Engineer
4.856451325155402,2.3038146088448515,1.612427380681265,4.384841009371603,2.59405952832825,4.406643728008451,IT Support Engineer
3.8861354962329298,4.016435322091383,1.1697993042910744,3.7828364896528734,2.252989007520187,4.4861979508639305,IT Support Engineer
4.047380537930998,3.1965681917611124,1.0441835410518256,3.6699621334496784,1.5890877706861146,3.2985918567142063,IT Support Engineer
4.759010017023373,2.8882913759351694,1.0,4.1982665396397545,2.1879135522536513,3.066716158584802,IT Support Engineer
3.583801895833369,2.5618554827195354,1.0,4.606387930851785,1.9255612259665817,3.7863825575919243,IT Support Engineer
4.561194971110297,3.247673872591853,1.0,3.6916881804160484,2.1609810435669727,3.5330549329939833,IT Support Engineer
5.0,3.056439381826292,1.0,3.438528178331975,2.4637637940178516,3.6760690315030216,IT Support Engineer
4.189962089145854,2.4242403215627837,1.0350988957622516,3.6820570510582695,1.8423027932624731,3.6018595998072716,IT Support Engineer
4.512813138904136,2.754498012437837,1.0,3.952428859600628,2.806135060816814,4.445154293695699,IT Support Engineer
4.39534037913898,2.211056688486849,1.0,4.594309357914458,1.4145345922891752,4.042006774060865,IT Support Engineer
3.4673692478696054,2.5175463722952967,1.840392826432102,4.359635320788194,2.4915701138972937,4.39187074008189,IT Support Engineer
3.930355818885249,2.6542016460480515,1.0,3.9040867728066266,2.8881430346639583,3.331821784485235,IT Support Engineer
3.7231692756906027,2.5435183168473086,1.52831159876024,4.926894129669549,2.154393179913198,4.195507917421792,IT Support Engineer
4.045660461520968,3.2187394946405625,1.3865775811788135,4.21282025644341,2.2494171641391474,4.387707181746937,IT Support Engineer
3.1108609493724666,3.001004465072863,1.1526045210422589,4.208074090259646,1.914556869108023,4.080375749898576,IT Support Engineer
3.6400467976596165,2.112577632151135,1.4915685506528282,3.4328141983402483,1.9197730684431191,3.6254351835489973,IT Support Engineer
4.79350463993804,2.9601776427456423,1.0,4.373932934362991,3.078237083804093,4.202844763529044,IT Support Engineer
3.811290269184082,3.348296990677345,1.0,4.023214630032198,2.996978827478206,4.0788736983428855,IT Support Engineer
4.053888828078824,3.010318270178753,1.0,4.157245336182435,2.3876365058301516,3.8340899737546126,IT Support Engineer
2.7546241308495896,3.232808752639377,2.066563038260052,3.8118692959719347,1.2644183086216982,4.3387064923662395,IT Support Engineer
4.871916132092002,3.2646867848576178,1.8623500270832554,4.396834272812856,2.3534254928388463,3.740999658628944,IT Support Engineer
4.1427034453766085,2.9852645216411116,1.0,3.873067436024466,2.112806733729277,3.351827507931637,IT Support Engineer
4.405859199640787,2.5611273536099017,1.0,4.1652799465175825,1.536363290802244,3.0167684688473737,IT Support Engineer
3.8084766611512464,2.2844512537081503,1.356155466335235,3.423248213728937,2.742577781854581,3.9971035553823873,IT Support Engineer
4.029587097297115,2.009684335727668,1.0724313144252617,3.9599100415633735,1.3504554825372652,4.043634169398405,IT Support Engineer
3.801038494596288,2.8916060910523202,1.012940881097023,3.764272893420899,2.123228313474434,3.9567222588245183,IT Support Engineer
4.236384234193288,2.7356627030140044,1.0,3.645565735780931,2.721328384425889,4.477983263103373,IT Support Engineer
4.606689566299554,3.64135697908511,1.0,4.147905967704231,2.037919501423981,4.329769262795711,IT Support Engineer
3.8554158773845164,3.046487078545502,1.0361357388098429,4.266131199957849,2.3278586105357997,4.0468355161701,IT Support Engineer
4.061995392032904,3.112949010374352,1.8232757103115214,3.135001104341534,1.515160169391096,4.336839798222971,IT Support Engineer
4.1348921994195456,3.131374775075438,1.3337477493566783,4.106996446561881,1.720358760775388,4.31440457005413,IT Support Engineer
4.010443581499539,2.776211410555223,1.3451803122889556,4.325516929141,2.107383245800396,4.858559576997279,IT Support Engineer
4.663413367385142,3.500928597026901,2.2831827864043737,3.926768299001142,1.767599835341953,4.43018154965168,IT Support Engineer
3.8736828510028594,3.0059638578239114,1.0,4.303329728856563,1.264496377231195,3.9517808894203155,IT Support Engineer
3.9923221312421218,2.781980578790084,1.0,3.1176844531127745,1.6269137966641,4.269525164381032,IT Support Engineer
4.144462430720972,2.9917823205844294,1.0,4.170566110630554,1.100485360980541,2.8017252588140114,IT Support Engineer
3.8784642243924976,2.7269743099514856,1.506585648823729,4.078991888886417,2.8253676549999254,3.72589246565227,IT Support Engineer
4.243386145761081,2.873861435292185,1.6908598620655688,3.89797477643796,2.4272033900728824,3.46119051773792,IT Support Engineer
3.7923936784339776,2.9579782940362667,1.6317087699814004,2.9014065294959805,1.8336777767771104,3.8167599367863496,IT Support Engineer
2.9615132388028096,2.7679821196265926,1.0,2.834668260981304,1.8688435857523384,3.8519274395980707,IT Support Engineer
3.877523208520334,3.1264291229491756,1.0,4.895428006722961,1.9833529959342484,4.643215231530742,IT Support Engineer
3.160050379255644,2.582735174954063,1.3431574025221151,3.886717862161033,1.4634103063135169,3.0806850506779595,IT Support Engineer
4.366601836120182,3.3258011274744277,1.1216603457096141,3.7520469046070417,1.4434549861850976,3.9735092300516492,IT Support Engineer
3.3423406981773,2.624207959717705,1.6306252906997745,3.0745821184342903,2.3387639134501836,4.747097975724581,IT Support Engineer
4.408129859691327,3.199106439213242,1.0,3.6770559727829935,1.0,4.018503340133657,IT Support Engineer
3.798879775635453,2.6509827956590466,1.0,4.0311847401023275,1.6822213513164732,4.806540391738393,IT Support Engineer
4.365301389556212,3.4481392791866394,1.0,4.255617866130572,1.5521476997007184,4.333129270125153,IT Support Engineer
3.89779869634313,2.489008232492837,1.0,3.853972984875055,3.1615346636104587,4.2176971242399555,IT Support Engineer
4.789858733724111,3.5656435531793633,1.0188902998987497,3.7781403985349775,1.1298867093998384,3.56452822466763,IT Support Engineer
4.331376728877107,2.8489348074396483,1.1879101628692208,2.984862424326332,2.2267574245486865,4.548240778599643,IT Support Engineer
3.1121208550968733,3.1857819531783997,1.6717673268042303,4.8400433246697325,1.7482504645710202,4.389965172305767,IT Support Engineer
4.714894910002708,3.2006906953901892,1.6425387944984053,3.9820691733308498,2.1971570718853983,3.689195386768899,IT Support Engineer
3.9176999211631207,3.216858084938182,1.0,3.888206813429623,2.3804368404734015,5.0,IT Support Engineer
2.975280754175713,3.9882883336618082,1.0,4.482449934513692,2.58054634999587,4.782248386970274,IT Support Engineer
3.6360190676351047,2.887364345941101,1.0,3.8212830787513274,2.6593804874195697,3.9615861494942672,IT Support Engineer
3.1907261675958156,2.683493088843118,1.0,3.8858306066533297,2.3362748372839683,3.6727616638481555,IT Support Engineer
3.7984835176827114,2.862617353830903,1.0703712469176225,4.258041389317762,2.4036277139676843,5.0,IT Support Engineer
4.061747965500036,3.3678965269898575,1.0,3.810408507217233,1.8647915532689634,3.491342555506448,IT Support Engineer
3.732003634316232,2.946257641172186,1.0,5.0,2.2561376707888647,5.0,IT Support Engineer
4.746325589417002,2.680376933274807,1.0187802337099057,3.7825876894627117,1.919088620356834,3.511783165405635,IT Support Engineer
3.7792323354148887,3.1797594407666194,1.1665610284711019,4.126701832608133,1.9701625875582205,4.4303712126184704,IT Support Engineer
3.871478486960731,3.695776169880808,1.0,4.328405511987878,2.2441855561236785,3.662716721374225,IT Support Engineer
3.8223844865723615,3.2323954695545183,1.4579676235743748,3.125268415834447,2.3141230338271277,3.771174407221222,IT Support Engineer
4.562644887149276,2.0803623930919115,2.2226494825606036,3.5569300334929514,2.7149805933948388,3.9654076901335835,IT Support Engineer
3.5906666313999347,3.1325570026907057,1.5145627224781841,3.223647599627619,2.350794424643505,3.9939107506714553,IT Support Engineer
4.288522041283167,3.00548767866949,1.0,3.4434383743140606,2.3363225560235126,4.333635996099417,IT Support Engineer
4.331136123845404,3.2137981597202865,1.4723494359197349,4.703034639884821,1.0617910762967409,2.8291012780654556,IT Support Engineer
4.858973679939822,2.3294767427074055,1.0,3.8561928440625377,1.1730142106434487,3.809206651346181,IT Support Engineer
3.5259473279386677,2.883329565151496,1.1399206524535508,3.8282308872852178,1.8029763573014266,4.1289978983958235,IT Support Engineer
4.522145898974974,3.801482173460833,1.0,4.912444575961619,2.438353417380623,3.383995773013412,IT Support Engineer
3.3693958721931625,2.711356074698665,1.722301991679863,3.7493163422172318,1.0538215877468633,3.8855578955561447,IT Support Engineer
